1,的,744863,7.7946,7.7946
2,了,129617,1.3564,9.151
3,是,118382,1.2388,10.3898
4,在,115425,1.2079,11.5977
5,和,79845,0.8355,12.4332
6,一,78590,0.8224,13.2556
7,这,65143,0.6817,13.9373
8,有,53522,0.5601,14.4974
9,他,52908,0.5537,15.0511
10,我,52724,0.5517,15.6028
11,也,47034,0.4922,16.095
12,不,46950,0.4913,16.5863
13,就,44145,0.462,17.0483
14,着,40596,0.4248,17.4731
15,中,40105,0.4197,17.8928
16,地,39440,0.4127,18.3055
17,说,35047,0.3667,18.6722
18,上,34850,0.3647,19.0369
19,都,34261,0.3585,19.3954
20,人,33915,0.3549,19.7503
21,个,31445,0.3291,20.0794
22,把,28786,0.3012,20.3806
23,你,28769,0.3011,20.6817
24,种,28587,0.2991,20.9808
25,对,28397,0.2972,21.5752
26,而,28397,0.2972,21.278
27,要,27324,0.2859,21.8611
28,我们,26821,0.2807,22.1418
29,又,25682,0.2687,22.4105
30,来,25410,0.2659,22.6764
31,一个,24497,0.2563,22.9327
32,从,23619,0.2472,23.1799
33,年,21818,0.2283,23.4082
34,到,21665,0.2267,23.6349
35,与,21385,0.2238,23.8587
36,它,21038,0.2202,24.0789
37,还,20735,0.217,24.2959
38,大,20050,0.2098,24.5057
39,她,19914,0.2084,24.7141
40,两,19340,0.2024,24.9165
41,时,17995,0.1883,25.1048
42,他们,17783,0.1861,25.2909
43,里,17774,0.186,25.4769
44,等,17336,0.1814,25.6583
45,发展,17307,0.1811,25.8394
46,那,17183,0.1798,26.0192
47,很,16774,0.1755,26.1947
48,可以,16724,0.175,26.3697
49,使,16470,0.1723,26.542
50,以,16316,0.1707,26.7127
51,所,16191,0.1694,26.8821
52,但,15959,0.167,27.0491
53,得,14915,0.1561,27.2052
54,去,14914,0.1561,27.3613
55,自己,14793,0.1548,27.5161
56,没有,14544,0.1522,27.6683
57,为,14499,0.1517,27.82
58,为,14240,0.149,27.969
59,能,13781,0.1442,28.1132
60,看,13755,0.1439,28.2571
61,什么,13585,0.1422,28.3993
62,或,13574,0.142,28.5413
63,被,13476,0.141,28.6823
64,之,13299,0.1392,28.8215
65,三,13208,0.1382,28.9597
66,这个,13201,0.1381,29.0978
67,小,12687,0.1328,29.2306
68,多,12028,0.1259,29.3565
69,后,12026,0.1258,29.4823
70,这样,11980,0.1254,29.6077
71,会,11782,0.1233,29.731
72,好,11743,0.1229,29.8539
73,社会,11461,0.1199,29.9738
74,由,11367,0.1189,30.0927
75,向,11351,0.1188,30.2115
76,进行,11085,0.116,30.3275
77,问题,10899,0.1141,30.4416
78,下,10737,0.1124,30.554
79,呢,10391,0.1087,30.6627
80,如,10312,0.1079,30.7706
81,其,10199,0.1067,30.8773
82,于,10159,0.1063,30.9836
83,国家,10138,0.1061,31.0897
84,这些,9967,0.1043,31.194
85,工作,9655,0.101,31.295
86,起来,9588,0.1003,31.3953
87,生产,9419,0.0986,31.4939
88,可,9361,0.098,31.5919
89,并,9259,0.0969,31.6888
90,就是,9195,0.0962,31.785
91,新,9157,0.0958,31.8808
92,用,9062,0.0948,31.9756
93,想,9028,0.0945,32.0701
94,给,8985,0.094,32.1641
95,不能,8834,0.0924,32.2565
96,因为,8817,0.0923,32.3488
97,生活,8694,0.091,32.4398
98,经济,8680,0.0908,32.5306
99,研究,8627,0.0903,32.6209
100,更,8602,0.09,32.7109
101,已,8600,0.09,32.8009
102,几,8593,0.0899,32.8908
103,用,8389,0.0878,32.9786
104,却,8253,0.0864,33.065
105,再,8199,0.0858,33.1508
106,最,7957,0.0833,33.2341
107,主要,7879,0.0824,33.3165
108,由于,7840,0.082,33.3985
109,不同,7822,0.0819,33.4804
110,不是,7765,0.0813,33.5617
111,中国,7721,0.0808,33.6425
112,关系,7715,0.0807,33.7232
113,人们,7702,0.0806,33.8038
114,但是,7673,0.0803,33.8841
115,才,7634,0.0799,33.964
116,作用,7548,0.079,34.043
117,则,7536,0.0789,34.1219
118,现在,7527,0.0788,34.2007
119,所以,7512,0.0786,34.2793
120,因此,7394,0.0774,34.3567
121,如果,7369,0.0771,34.4338
122,已经,7358,0.077,34.5108
123,们,7283,0.0762,34.587
124,重要,7135,0.0747,34.6617
125,各,7117,0.0745,34.7362
126,我国,6948,0.0727,34.8089
127,一些,6930,0.0725,34.8814
128,情况,6922,0.0724,34.9538
129,吧,6874,0.0719,35.0257
130,二,6835,0.0715,35.0972
131,知道,6773,0.0709,35.1681
132,出,6742,0.0706,35.2387
133,社会主义,6711,0.0702,35.3089
134,做,6708,0.0702,35.3791
135,必须,6701,0.0701,35.4492
136,人民,6669,0.0698,35.519
137,次,6612,0.0692,35.5882
138,四,6600,0.0691,35.6573
139,成,6592,0.069,35.7263
140,走,6589,0.069,35.7953
141,月,6530,0.0683,35.8636
142,方面,6518,0.0682,35.9318
143,需要,6511,0.0681,35.9999
144,吗,6503,0.0681,36.068
145,时候,6500,0.068,36.136
146,条件,6426,0.0672,36.2032
147,思想,6358,0.0665,36.2697
148,便,6351,0.0665,36.3362
149,出来,6335,0.0663,36.4025
150,发生,6315,0.0661,36.4686
151,水,6283,0.0657,36.5343
152,为了,6279,0.0657,36.6
153,过程,6231,0.0652,36.6652
154,只,6142,0.0643,36.7295
155,而且,6116,0.064,36.7935
156,当,6108,0.0639,36.8574
157,科学,6101,0.0638,36.9212
158,方法,6098,0.0638,36.985
159,叫,6041,0.0632,37.0482
160,内,6002,0.0628,37.111
161,技术,5978,0.0626,37.1736
162,一般,5928,0.062,37.2356
163,许多,5904,0.0618,37.2974
164,吃,5893,0.0617,37.3591
165,具有,5870,0.0614,37.4205
166,高,5864,0.0614,37.4819
167,形成,5850,0.0612,37.5431
168,对于,5845,0.0612,37.6043
169,影响,5786,0.0605,37.6648
170,时间,5736,0.06,37.7248
171,事,5731,0.06,37.7848
172,以后,5725,0.0599,37.8447
173,认为,5720,0.0599,37.9046
174,也是,5715,0.0598,37.9644
175,世界,5697,0.0596,38.024
176,过,5654,0.0592,38.0832
177,它们,5634,0.059,38.1422
178,通过,5596,0.0586,38.2008
179,产生,5563,0.0582,38.259
180,较,5557,0.0582,38.3172
181,出现,5543,0.058,38.3752
182,企业,5489,0.0574,38.4326
183,各种,5414,0.0567,38.4893
184,作,5387,0.0564,38.5457
185,物质,5359,0.0561,38.6018
186,同志,5334,0.0558,38.6576
187,者,5323,0.0557,38.7133
188,比,5314,0.0556,38.7689
189,话,5293,0.0554,38.8243
190,艺术,5266,0.0551,38.8794
191,一样,5265,0.0551,38.9345
192,前,5252,0.055,38.9895
193,起,5244,0.0549,39.0444
194,工业,5190,0.0543,39.0987
195,一切,5156,0.054,39.1527
196,开始,5137,0.0538,39.2065
197,呀,5124,0.0536,39.2601
198,见,5118,0.0536,39.3137
199,可能,5116,0.0535,39.3672
200,之间,5115,0.0535,39.4207
201,这里,5099,0.0534,39.4741
202,还有,5091,0.0533,39.5274
203,地方,5081,0.0532,39.5806
204,你们,5072,0.0531,39.6337
205,形式,5053,0.0529,39.6866
206,运动,5052,0.0529,39.7395
207,政治,5015,0.0525,39.792
208,听,5009,0.0524,39.8444
209,日,4990,0.0522,39.8966
210,五,4931,0.0516,39.9482
211,以及,4884,0.0511,39.9993
212,存在,4881,0.0511,40.0504
213,提高,4868,0.0509,40.1013
214,劳动,4863,0.0509,40.1522
215,问,4801,0.0502,40.2024
216,将,4791,0.0501,40.2525
217,结构,4790,0.0501,40.3026
218,成为,4790,0.0501,40.3527
219,语言,4783,0.0501,40.4028
220,发现,4777,0.05,40.4528
221,天,4748,0.0497,40.5025
222,每,4744,0.0496,40.5521
223,理论,4734,0.0495,40.6016
224,性,4692,0.0491,40.6507
225,外,4685,0.049,40.6997
226,打,4680,0.049,40.7487
227,谁,4635,0.0485,40.7972
228,没有,4620,0.0483,40.8455
229,历史,4616,0.0483,40.8938
230,学习,4613,0.0483,40.9421
231,地区,4592,0.0481,40.9902
232,第一,4590,0.048,41.0382
233,根据,4588,0.048,41.0862
234,让,4578,0.0479,41.1341
235,教育,4569,0.0478,41.1819
236,没,4525,0.0474,41.2293
237,活动,4510,0.0472,41.2765
238,作为,4508,0.0472,41.3237
239,家,4486,0.0469,41.3706
240,现象,4486,0.0469,41.4175
241,将,4479,0.0469,41.4644
242,即,4475,0.0468,41.5112
243,要求,4471,0.0468,41.558
244,东西,4464,0.0467,41.6047
245,孩子,4459,0.0467,41.6514
246,变化,4457,0.0466,41.698
247,真,4435,0.0464,41.7444
248,多,4429,0.0463,41.7907
249,例如,4427,0.0463,41.837
250,及,4408,0.0461,41.8831
251,怎么,4403,0.0461,41.9292
252,得到,4350,0.0455,41.9747
253,表现,4338,0.0454,42.0201
254,其他,4336,0.0454,42.0655
255,受,4320,0.0452,42.1107
256,儿,4309,0.0451,42.1558
257,和,4292,0.0449,42.2007
258,第二,4292,0.0449,42.2456
259,有的,4276,0.0447,42.2903
260,提出,4264,0.0446,42.3349
261,图,4253,0.0445,42.3794
262,决定,4238,0.0443,42.4237
263,学生,4229,0.0443,42.468
264,产品,4174,0.0437,42.5117
265,建立,4167,0.0436,42.5553
266,认识,4151,0.0434,42.5987
267,一定,4137,0.0433,42.642
268,还是,4104,0.0429,42.6849
269,无,4101,0.0429,42.7278
270,去,4088,0.0428,42.7706
271,就是,4086,0.0428,42.8134
272,市场,4082,0.0427,42.8561
273,虽然,4059,0.0425,42.8986
274,精神,4058,0.0425,42.9411
275,应,4034,0.0422,42.9833
276,群众,4029,0.0422,43.0255
277,意义,4010,0.042,43.0675
278,民族,4006,0.0419,43.1094
279,计划,4001,0.0419,43.1513
280,增加,3988,0.0417,43.193
281,应该,3984,0.0417,43.2347
282,象,3980,0.0416,43.2763
283,啦,3973,0.0416,43.3179
284,同,3966,0.0415,43.3594
285,笑,3963,0.0415,43.4009
286,手,3943,0.0413,43.4422
287,文化,3908,0.0409,43.4831
288,条,3906,0.0409,43.524
289,那么,3901,0.0408,43.5648
290,利用,3890,0.0407,43.6055
291,指,3865,0.0404,43.6459
292,头,3853,0.0403,43.6862
293,只有,3849,0.0403,43.7265
294,十,3842,0.0402,43.7667
295,特别,3837,0.0402,43.8069
296,大家,3820,0.04,43.8469
297,解决,3788,0.0396,43.8865
298,管理,3787,0.0396,43.9261
299,水平,3782,0.0396,43.9657
300,商品,3776,0.0395,44.0052
301,内容,3751,0.0393,44.0445
302,能够,3749,0.0392,44.0837
303,写,3738,0.0391,44.1228
304,点,3728,0.039,44.1618
305,位,3727,0.039,44.2008
306,革命,3705,0.0388,44.2396
307,结果,3698,0.0387,44.2783
308,声,3693,0.0386,44.3169
309,知识,3677,0.0385,44.3554
310,分析,3675,0.0385,44.3939
311,农业,3641,0.0381,44.432
312,能力,3636,0.038,44.47
313,同时,3615,0.0378,44.5078
314,使用,3600,0.0377,44.5455
315,注意,3598,0.0377,44.5832
316,类,3593,0.0376,44.6208
317,一点,3556,0.0372,44.658
318,讲,3534,0.037,44.695
319,组织,3527,0.0369,44.7319
320,美国,3520,0.0368,44.7687
321,先,3513,0.0368,44.8055
322,今天,3509,0.0367,44.8422
323,实现,3496,0.0366,44.8788
324,当时,3495,0.0366,44.9154
325,长,3495,0.0366,44.952
326,基本,3478,0.0364,44.9884
327,全国,3477,0.0364,45.0248
328,建设,3470,0.0363,45.0611
329,直接,3463,0.0362,45.0973
330,反映,3443,0.036,45.1333
331,单位,3440,0.036,45.1693
332,带,3436,0.036,45.2053
333,基础,3430,0.0359,45.2412
334,创造,3424,0.0358,45.277
335,此,3415,0.0357,45.3127
336,找,3402,0.0356,45.3483
337,曾,3390,0.0355,45.3838
338,只,3360,0.0352,45.419
339,正,3357,0.0351,45.4541
340,可是,3355,0.0351,45.4892
341,说明,3344,0.035,45.5242
342,因,3337,0.0349,45.594
343,特点,3337,0.0349,45.5591
344,部分,3328,0.0348,45.6288
345,引起,3308,0.0346,45.6634
346,具体,3301,0.0345,45.6979
347,比较,3296,0.0345,45.7324
348,放,3290,0.0344,45.7668
349,结合,3274,0.0343,45.8011
350,包括,3265,0.0342,45.8353
351,农民,3264,0.0342,45.8695
352,参加,3259,0.0341,45.9036
353,十分,3258,0.0341,45.9377
354,作品,3258,0.0341,45.9718
355,既,3250,0.034,46.0058
356,正确,3244,0.0339,46.0397
357,表示,3236,0.0339,46.0736
358,相,3236,0.0339,46.1075
359,工人,3223,0.0337,46.1412
360,心理,3223,0.0337,46.1749
361,老,3207,0.0336,46.2085
362,太,3204,0.0335,46.2755
363,任务,3204,0.0335,46.309
364,为什么,3204,0.0335,46.242
365,规律,3203,0.0335,46.3425
366,觉得,3192,0.0334,46.3759
367,于是,3187,0.0334,46.4093
368,全,3186,0.0333,46.4426
369,一定,3184,0.0333,46.4759
370,不断,3182,0.0333,46.5092
371,环境,3181,0.0333,46.5425
372,经验,3173,0.0332,46.5757
373,另,3149,0.033,46.6087
374,青年,3148,0.0329,46.6416
375,行为,3145,0.0329,46.6745
376,规定,3140,0.0329,46.7074
377,那些,3139,0.0328,46.7402
378,当然,3137,0.0328,46.773
379,制度,3131,0.0328,46.8058
380,干部,3125,0.0327,46.8385
381,政府,3121,0.0327,46.8712
382,象,3120,0.0326,46.9038
383,任何,3113,0.0326,46.9364
384,变,3108,0.0325,46.9689
385,性质,3108,0.0325,47.0014
386,地,3105,0.0325,47.0339
387,一,3104,0.0325,47.0664
388,不仅,3099,0.0324,47.0988
389,其中,3087,0.0323,47.1311
390,您,3065,0.0321,47.1632
391,关于,3062,0.032,47.1952
392,跟,3056,0.032,47.2272
393,开,3054,0.032,47.2592
394,心,3047,0.0319,47.2911
395,眼睛,3036,0.0318,47.3229
396,法律,3034,0.0317,47.3546
397,至,3032,0.0317,47.3863
398,六,3032,0.0317,47.418
399,目的,3029,0.0317,47.4497
400,先生,3022,0.0316,47.4813
401,越,3018,0.0316,47.5129
402,矛盾,3015,0.0316,47.5445
403,坐,3010,0.0315,47.576
404,资本主义,2987,0.0313,47.6073
405,力量,2955,0.0309,47.6382
406,因素,2950,0.0309,47.6691
407,受到,2949,0.0309,47.7
408,领导,2949,0.0309,47.7309
409,按,2940,0.0308,47.7617
410,整个,2935,0.0307,47.7924
411,实行,2927,0.0306,47.823
412,学校,2927,0.0306,47.8536
413,岁,2925,0.0306,47.8842
414,日本,2923,0.0306,47.9148
415,少,2921,0.0306,47.9454
416,只是,2912,0.0305,47.9759
417,法,2907,0.0304,48.0063
418,怎样,2896,0.0303,48.0366
419,可,2894,0.0303,48.0669
420,原则,2889,0.0302,48.0971
421,快,2877,0.0301,48.1272
422,极,2869,0.03,48.1572
423,阶段,2866,0.03,48.1872
424,之后,2863,0.03,48.2172
425,有些,2857,0.0299,48.2471
426,钱,2852,0.0298,48.2769
427,在,2847,0.0298,48.3067
428,到了,2844,0.0298,48.3365
429,事物,2840,0.0297,48.3662
430,系统,2835,0.0297,48.3959
431,才能,2832,0.0296,48.4255
432,请,2823,0.0295,48.455
433,办法,2818,0.0295,48.4845
434,斗争,2799,0.0293,48.5138
435,人物,2797,0.0293,48.5431
436,质量,2794,0.0292,48.5723
437,占,2782,0.0291,48.6014
438,经过,2772,0.029,48.6304
439,连,2771,0.029,48.6594
440,政策,2766,0.0289,48.6883
441,那个,2765,0.0289,48.7172
442,分,2765,0.0289,48.7461
443,文学,2758,0.0289,48.775
444,后来,2756,0.0288,48.8038
445,价格,2751,0.0288,48.8326
446,改变,2746,0.0287,48.8613
447,然后,2745,0.0287,48.89
448,原因,2744,0.0287,48.9187
449,速度,2743,0.0287,48.9474
450,给,2728,0.0285,48.9759
451,不会,2722,0.0285,49.0044
452,并不,2720,0.0285,49.0329
453,以上,2720,0.0285,49.0614
454,价值,2710,0.0284,49.0898
455,半,2704,0.0283,49.1181
456,部门,2703,0.0283,49.1464
457,地位,2702,0.0283,49.1747
458,实验,2700,0.0283,49.203
459,字,2694,0.0282,49.2312
460,完成,2692,0.0282,49.2594
461,达到,2683,0.0281,49.2875
462,等,2680,0.028,49.3155
463,实践,2679,0.028,49.3435
464,一下,2676,0.028,49.3715
465,程度,2670,0.0279,49.3994
466,等等,2664,0.0279,49.4273
467,低,2662,0.0279,49.4552
468,分子,2657,0.0278,49.483
469,那样,2649,0.0277,49.5384
470,原来,2649,0.0277,49.5107
471,感到,2645,0.0277,49.5661
472,不过,2634,0.0276,49.5937
473,条,2633,0.0276,49.6489
474,八,2633,0.0276,49.6765
475,方式,2633,0.0276,49.6213
476,甚至,2630,0.0275,49.704
477,资产阶级,2627,0.0275,49.7315
478,范围,2625,0.0275,49.759
479,像,2617,0.0274,49.7864
480,指出,2603,0.0272,49.8136
481,音乐,2603,0.0272,49.8408
482,叫做,2602,0.0272,49.868
483,随着,2599,0.0272,49.8952
484,上,2595,0.0272,49.9224
485,与,2595,0.0272,49.9496
486,部,2593,0.0271,49.9767
487,声音,2590,0.0271,50.0038
488,造成,2589,0.0271,50.0309
489,第,2587,0.0271,50.058
490,然而,2581,0.027,50.085
491,改革,2580,0.027,50.112
492,看见,2573,0.0269,50.1389
493,时期,2569,0.0269,50.1658
494,动物,2569,0.0269,50.1927
495,正在,2566,0.0269,50.2196
496,书,2561,0.0268,50.2464
497,往往,2543,0.0266,50.273
498,因而,2542,0.0266,50.2996
499,大量,2541,0.0266,50.3262
500,这么,2539,0.0266,50.3528
501,植物,2535,0.0265,50.3793
502,老,2527,0.0264,50.4057
503,并且,2524,0.0264,50.4321
504,细胞,2524,0.0264,50.4585
505,敌人,2515,0.0263,50.4848
506,非常,2507,0.0262,50.511
507,获得,2501,0.0262,50.5372
508,几个,2488,0.026,50.5632
509,住,2487,0.026,50.5892
510,块,2486,0.026,50.6152
511,目前,2483,0.026,50.6412
512,观察,2482,0.026,50.6672
513,完全,2473,0.0259,50.6931
514,中心,2459,0.0257,50.7188
515,继续,2458,0.0257,50.7445
516,利益,2449,0.0256,50.7701
517,心里,2444,0.0256,50.7957
518,取得,2439,0.0255,50.8212
519,对象,2436,0.0255,50.8467
520,组成,2422,0.0253,50.872
521,有人,2415,0.0253,50.8973
522,了解,2413,0.0253,50.9226
523,啊,2402,0.0251,50.9477
524,自然,2400,0.0251,50.9728
525,而是,2400,0.0251,50.9979
526,容易,2397,0.0251,51.023
527,拿,2395,0.0251,51.0481
528,经营,2391,0.025,51.0731
529,时代,2391,0.025,51.0981
530,阶级,2389,0.025,51.1231
531,处,2387,0.025,51.1481
532,元,2384,0.0249,51.173
533,某,2371,0.0248,51.1978
534,加强,2368,0.0248,51.2226
535,严重,2367,0.0248,51.2474
536,控制,2366,0.0248,51.2722
537,死,2364,0.0247,51.2969
538,过去,2361,0.0247,51.3216
539,量,2360,0.0247,51.3463
540,本,2351,0.0246,51.3709
541,变成,2348,0.0246,51.3955
542,学,2340,0.0245,51.4200000000001
543,告诉,2336,0.0244,51.4444000000001
544,第三,2328,0.0244,51.4688000000001
545,处理,2322,0.0243,51.4931
546,全部,2314,0.0242,51.5173
547,自由,2313,0.0242,51.5415
548,所谓,2311,0.0242,51.5899
549,温度,2311,0.0242,51.5657
550,状态,2303,0.0241,51.614
551,服务,2298,0.024,51.638
552,土地,2292,0.024,51.662
553,世纪,2290,0.024,51.686
554,城市,2282,0.0239,51.7099
555,哪,2279,0.0238,51.7337
556,词,2275,0.0238,51.7575000000001
557,思维,2275,0.0238,51.7813000000001
558,爱,2265,0.0237,51.805
559,区,2261,0.0237,51.8287
560,进入,2259,0.0236,51.8523
561,这时,2258,0.0236,51.8759000000001
562,有时,2256,0.0236,51.8995000000001
563,七,2256,0.0236,51.9231000000001
564,强,2255,0.0236,51.9703000000001
565,望,2255,0.0236,51.9467000000001
566,事实,2254,0.0236,51.9939000000001
567,材料,2251,0.0236,52.0175000000001
568,些,2248,0.0235,52.0410000000001
569,项,2239,0.0234,52.1112000000001
570,从而,2239,0.0234,52.0878000000001
571,不要,2239,0.0234,52.0644000000001
572,采取,2236,0.0234,52.1346000000001
573,事情,2235,0.0234,52.1580000000001
574,总是,2234,0.0234,52.1814000000001
575,充分,2233,0.0234,52.2048000000001
576,当,2232,0.0234,52.2282000000001
577,特征,2230,0.0233,52.2515000000001
578,那里,2229,0.0233,52.2748000000001
579,如何,2229,0.0233,52.2981000000001
580,反应,2227,0.0233,52.3214000000001
581,仍,2224,0.0233,52.3447000000001
582,得,2221,0.0232,52.3679000000001
583,最后,2217,0.0232,52.3911000000001
584,培养,2216,0.0232,52.4143000000001
585,来说,2215,0.0232,52.4375000000001
586,或者,2214,0.0232,52.4607000000001
587,回来,2211,0.0231,52.4838000000001
588,张,2207,0.0231,52.5069000000001
589,不到,2204,0.0231,52.5300000000001
590,国际,2203,0.0231,52.5531000000001
591,积极,2195,0.023,52.5761000000001
592,某些,2194,0.023,52.5991000000001
593,战争,2183,0.0228,52.6219000000001
594,总,2181,0.0228,52.6447000000001
595,往,2178,0.0228,52.6675000000001
596,家庭,2174,0.0227,52.6902000000001
597,提供,2172,0.0227,52.7129000000001
598,难,2171,0.0227,52.7356000000001
599,有关,2170,0.0227,52.7583000000001
600,准备,2167,0.0227,52.7810000000001
601,事业,2165,0.0227,52.8037000000001
602,党,2164,0.0226,52.8263000000001
603,儿童,2158,0.0226,52.8489000000001
604,创作,2157,0.0226,52.8715000000001
605,农村,2156,0.0226,52.8941000000001
606,实际,2152,0.0225,52.9166000000001
607,保证,2151,0.0225,52.9391000000001
608,进一步,2149,0.0225,52.9616000000001
609,集中,2147,0.0225,52.9841000000001
610,买,2145,0.0224,53.0065000000001
611,谈,2143,0.0224,53.0289000000001
612,活动,2141,0.0224,53.0513000000001
613,空气,2126,0.0222,53.0735000000001
614,动作,2125,0.0222,53.0957000000001
615,万,2119,0.0222,53.1179000000001
616,体,2119,0.0222,53.1401000000001
617,应当,2117,0.0222,53.1623000000001
618,采用,2116,0.0221,53.1844000000001
619,理解,2113,0.0221,53.2065000000001
620,年代,2110,0.0221,53.2286000000001
621,母亲,2103,0.022,53.2506000000001
622,站,2099,0.022,53.2726000000001
623,增长,2094,0.0219,53.2945000000001
624,百,2091,0.0219,53.3164000000001
625,近,2090,0.0219,53.3383000000001
626,称为,2087,0.0218,53.3601000000001
627,内部,2087,0.0218,53.3819000000001
628,搞,2085,0.0218,53.4037000000001
629,过,2081,0.0218,53.4255000000001
630,构成,2079,0.0218,53.4473000000001
631,掌握,2075,0.0217,53.4690000000001
632,门,2072,0.0217,53.4907000000001
633,又是,2071,0.0217,53.5124000000001
634,复杂,2070,0.0217,53.5341000000001
635,干,2069,0.0217,53.5558000000001
636,过,2068,0.0216,53.5774000000001
637,所有,2065,0.0216,53.5990000000001
638,观点,2062,0.0216,53.6206000000001
639,地球,2062,0.0216,53.6422000000001
640,相同,2062,0.0216,53.6638000000001
641,资金,2050,0.0215,53.6853000000001
642,合理,2044,0.0214,53.7067000000001
643,一直,2035,0.0213,53.7280000000001
644,适应,2033,0.0213,53.7493000000001
645,反对,2029,0.0212,53.7705000000001
646,信息,2028,0.0212,53.7917000000001
647,互相,2028,0.0212,53.8129000000001
648,运用,2027,0.0212,53.8553000000001
649,层,2027,0.0212,53.8341000000001
650,感情,2024,0.0212,53.8765000000001
651,段,2023,0.0212,53.8977000000001
652,坚持,2022,0.0212,53.9189000000001
653,属于,2021,0.0211,53.9400000000001
654,相互,2018,0.0211,53.9611000000001
655,队,2017,0.0211,53.9822000000001
656,生,2014,0.0211,54.0244000000001
657,父亲,2014,0.0211,54.0033000000001
658,不少,2011,0.021,54.0454000000001
659,面,2002,0.0209,54.0663000000001
660,电子,2001,0.0209,54.0872000000001
661,人员,1999,0.0209,54.1081000000001
662,只要,1998,0.0209,54.129
663,发挥,1996,0.0209,54.1499
664,形象,1994,0.0209,54.1708
665,分布,1991,0.0208,54.1916
666,身体,1990,0.0208,54.2124
667,生命,1984,0.0208,54.2332
668,生长,1972,0.0206,54.2538
669,名,1970,0.0206,54.2744
670,选择,1970,0.0206,54.2950000000001
671,路,1970,0.0206,54.3156000000001
672,物,1966,0.0206,54.3362000000001
673,舞蹈,1964,0.0206,54.3568000000001
674,旧,1964,0.0206,54.3774000000001
675,促进,1964,0.0206,54.3980000000001
676,功能,1958,0.0205,54.4185000000001
677,妈妈,1958,0.0205,54.4390000000001
678,跑,1954,0.0204,54.4594000000001
679,早,1954,0.0204,54.4798000000001
680,物体,1954,0.0204,54.5002000000001
681,很多,1952,0.0204,54.5206000000001
682,常常,1944,0.0203,54.5409000000001
683,力,1942,0.0203,54.5612000000001
684,怕,1939,0.0203,54.5815000000001
685,首先,1937,0.0203,54.6018000000001
686,米,1933,0.0202,54.6220000000001
687,北京,1931,0.0202,54.6422000000001
688,逐渐,1931,0.0202,54.6624000000001
689,无产阶级,1929,0.0202,54.6826000000001
690,新闻,1929,0.0202,54.7028000000001
691,人口,1925,0.0201,54.7229000000001
692,似乎,1923,0.0201,54.7430000000001
693,概念,1921,0.0201,54.7631000000001
694,分之,1920,0.0201,54.7832000000001
695,代表,1917,0.0201,54.8033000000001
696,现代,1916,0.02,54.8433000000001
697,只能,1916,0.02,54.8233000000001
698,统一,1914,0.02,54.8633000000001
699,未,1912,0.02,54.8833000000001
700,间,1911,0.02,54.9033000000001
701,太阳,1903,0.0199,54.9232000000001
702,帮助,1896,0.0198,54.9430000000001
703,组织,1894,0.0198,54.9628000000001
704,迅速,1891,0.0198,54.9826000000001
705,红,1887,0.0197,55.0023000000001
706,光,1886,0.0197,55.0220000000001
707,一部分,1884,0.0197,55.0417000000001
708,人家,1883,0.0197,55.0614000000001
709,特殊,1881,0.0197,55.0811000000001
710,广大,1879,0.0197,55.1008000000001
711,数,1876,0.0196,55.1204000000001
712,步,1870,0.0196,55.1400000000001
713,式,1865,0.0195,55.1595000000001
714,线,1864,0.0195,55.1985000000001
715,解释,1864,0.0195,55.1790000000001
716,效果,1859,0.0195,55.2180000000001
717,刚,1857,0.0194,55.2374000000001
718,件,1855,0.0194,55.2568000000001
719,完全,1850,0.0194,55.2762000000001
720,咱们,1850,0.0194,55.2956000000001
721,简单,1848,0.0193,55.3149000000001
722,身上,1847,0.0193,55.3342000000001
723,扩大,1839,0.0192,55.3534000000001
724,姑娘,1834,0.0192,55.3726000000001
725,会议,1834,0.0192,55.3918000000001
726,小,1829,0.0191,55.4109000000001
727,传统,1823,0.0191,55.4300000000001
728,非,1819,0.019,55.4490000000001
729,亦,1814,0.019,55.4680000000001
730,句,1813,0.019,55.4870000000001
731,行,1812,0.019,55.5060000000001
732,现实,1811,0.019,55.5250000000001
733,证明,1810,0.0189,55.5439000000001
734,保护,1810,0.0189,55.5628000000001
735,别人,1807,0.0189,55.5817000000001
736,离开,1805,0.0189,55.6006000000001
737,标准,1802,0.0189,55.6195000000001
738,表现,1801,0.0188,55.6383000000001
739,意见,1799,0.0188,55.6759000000001
740,保持,1799,0.0188,55.6571000000001
741,苏联,1798,0.0188,55.6947000000001
742,正是,1797,0.0188,55.7135000000001
743,别,1795,0.0188,55.7323000000001
744,教师,1795,0.0188,55.7511000000001
745,如此,1791,0.0187,55.7698000000001
746,远,1786,0.0187,55.7885000000001
747,常,1784,0.0187,55.8072000000001
748,丰富,1781,0.0186,55.8258000000001
749,道德,1779,0.0186,55.8444000000001
750,原子,1778,0.0186,55.8630000000001
751,职工,1778,0.0186,55.8816000000001
752,啊,1774,0.0186,55.9002000000001
753,按照,1773,0.0186,55.9188000000001
754,减少,1773,0.0186,55.9374000000001
755,过去,1772,0.0185,55.9744000000001
756,除了,1772,0.0185,55.9559000000001
757,靠,1771,0.0185,55.9929000000001
758,生物,1771,0.0185,56.0114000000001
759,吸收,1771,0.0185,56.0299000000001
760,努力,1763,0.0184,56.0483000000001
761,意识,1754,0.0184,56.0667000000001
762,资源,1752,0.0183,56.1033000000001
763,仍然,1752,0.0183,56.0850000000001
764,明显,1751,0.0183,56.1216000000001
765,化学,1749,0.0183,56.1399000000001
766,座,1748,0.0183,56.1582000000001
767,战士,1745,0.0183,56.1765000000001
768,质,1745,0.0183,56.1948000000001
769,目标,1742,0.0182,56.2130000000001
770,几乎,1742,0.0182,56.2312000000001
771,客观,1742,0.0182,56.2494000000001
772,确定,1739,0.0182,56.2676000000001
773,该,1738,0.0182,56.2858000000001
774,平均,1735,0.0182,56.3040000000001
775,领导,1734,0.0181,56.3221000000001
776,花,1733,0.0181,56.3583000000001
777,脸,1733,0.0181,56.3402000000001
778,英国,1725,0.0181,56.3764000000001
779,困难,1722,0.018,56.3944000000001
780,虽,1720,0.018,56.4124000000001
781,本身,1720,0.018,56.4304000000001
782,接受,1716,0.018,56.4484000000001
783,这次,1710,0.0179,56.4663000000001
784,高度,1708,0.0179,56.5021000000001
785,突然,1708,0.0179,56.4842000000001
786,动,1706,0.0179,56.5200000000001
787,高兴,1703,0.0178,56.5556000000001
788,帝国主义,1703,0.0178,56.5378000000001
789,不可,1702,0.0178,56.5734000000001
790,该,1702,0.0178,56.5912000000001
791,厂,1700,0.0178,56.6090000000001
792,可是,1699,0.0178,56.6268000000001
793,手段,1697,0.0178,56.6446000000001
794,只有,1695,0.0177,56.6623000000001
795,得,1692,0.0177,56.6800000000001
796,跟,1687,0.0177,56.6977000000001
797,各个,1680,0.0176,56.7153000000001
798,天,1680,0.0176,56.7329000000001
799,态度,1678,0.0176,56.7505000000001
800,不知,1677,0.0175,56.7680000000001
801,理想,1675,0.0175,56.7855000000001
802,公司,1673,0.0175,56.8030000000001
803,要求,1673,0.0175,56.8205000000001
804,计算,1670,0.0175,56.8380000000001
805,观念,1669,0.0175,56.8555000000001
806,一天,1667,0.0174,56.8729000000001
807,风,1664,0.0174,56.8903000000001
808,设备,1663,0.0174,56.9077000000001
809,下来,1661,0.0174,56.9251000000001
810,角,1659,0.0174,56.9425000000001
811,最大,1658,0.0174,56.9599000000001
812,来,1658,0.0174,56.9773000000001
813,美,1656,0.0173,56.9946000000001
814,回答,1656,0.0173,57.0119000000001
815,多,1652,0.0173,57.0292000000001
816,上面,1652,0.0173,57.0465000000001
817,要,1650,0.0173,57.0638000000001
818,对,1648,0.0172,57.0810000000001
819,部队,1647,0.0172,57.0982000000001
820,穿,1640,0.0172,57.1154000000001
821,约,1640,0.0172,57.1326000000001
822,进,1632,0.0171,57.1497000000001
823,应用,1628,0.017,57.1667000000001
824,指导,1627,0.017,57.1837000000001
825,妇女,1625,0.017,57.2347000000001
826,考虑,1625,0.017,57.2177000000001
827,以为,1625,0.017,57.2007000000001
828,加以,1623,0.017,57.2517000000001
829,办,1621,0.017,57.2687000000001
830,独立,1620,0.017,57.2857000000001
831,面前,1620,0.017,57.3027000000001
832,就要,1614,0.0169,57.3196000000001
833,介绍,1612,0.0169,57.3365000000001
834,家里,1603,0.0168,57.3533000000001
835,说话,1603,0.0168,57.3701000000001
836,破坏,1599,0.0167,57.3868000000001
837,资料,1598,0.0167,57.4035000000001
838,省,1598,0.0167,57.4202000000001
839,统治,1597,0.0167,57.4536000000001
840,下,1597,0.0167,57.4369000000001
841,道,1592,0.0167,57.4703000000001
842,措施,1591,0.0166,57.4869000000001
843,分配,1588,0.0166,57.5035000000001
844,同样,1586,0.0166,57.5201000000001
845,成立,1586,0.0166,57.5367000000001
846,训练,1586,0.0166,57.5533000000001
847,二十,1581,0.0165,57.5698000000001
848,竟,1580,0.0165,57.5863000000001
849,中央,1578,0.0165,57.6028000000001
850,重大,1576,0.0165,57.6193000000001
851,气,1575,0.0165,57.6358000000001
852,清楚,1571,0.0164,57.6522000000001
853,终于,1570,0.0164,57.6686000000001
854,数量,1570,0.0164,57.6850000000001
855,商业,1568,0.0164,57.7014000000001
856,副,1562,0.0163,57.7177000000001
857,今年,1559,0.0163,57.7340000000001
858,过来,1554,0.0163,57.7503000000001
859,加,1551,0.0162,57.7665000000001
860,胜利,1551,0.0162,57.7827000000001
861,普遍,1550,0.0162,57.7989000000001
862,重视,1549,0.0162,57.8151000000001
863,先进,1543,0.0161,57.8312000000001
864,发,1540,0.0161,57.8473000000001
865,若,1537,0.0161,57.8634000000001
866,想到,1535,0.0161,57.8795000000001
867,改造,1533,0.016,57.8955000000001
868,仅,1528,0.016,57.9115000000001
869,平衡,1528,0.016,57.9275000000001
870,讨论,1526,0.016,57.9435000000001
871,位置,1526,0.016,57.9595000000001
872,革命,1524,0.0159,57.9754000000001
873,希望,1522,0.0159,58.0072000000001
874,军事,1522,0.0159,58.0231000000001
875,及其,1522,0.0159,57.9913000000001
876,上述,1520,0.0159,58.0390000000001
877,权利,1520,0.0159,58.0549000000001
878,自,1518,0.0159,58.0708000000001
879,老师,1517,0.0159,58.0867000000001
880,口,1515,0.0159,58.1026000000001
881,儿子,1514,0.0158,58.1184000000001
882,算,1505,0.0157,58.1341000000001
883,集体,1505,0.0157,58.1498000000001
884,经过,1502,0.0157,58.1655000000001
885,黑,1500,0.0157,58.1812000000001
886,之中,1500,0.0157,58.1969000000001
887,场,1499,0.0157,58.2283000000001
888,左右,1499,0.0157,58.2126000000001
889,一起,1498,0.0157,58.2440000000001
890,喜欢,1496,0.0157,58.2597000000001
891,真,1496,0.0157,58.2754000000001
892,巨大,1496,0.0157,58.2911000000001
893,作出,1495,0.0156,58.3067000000001
894,根,1493,0.0156,58.3223000000001
895,长期,1491,0.0156,58.3379000000001
896,号,1490,0.0156,58.3535000000001
897,发出,1487,0.0156,58.3691000000001
898,达,1484,0.0155,58.3846000000001
899,体系,1483,0.0155,58.4001000000001
900,还要,1482,0.0155,58.4156000000001
901,爸爸,1479,0.0155,58.4311000000001
902,宗教,1477,0.0155,58.4466000000002
903,在于,1475,0.0154,58.4620000000002
904,鱼,1471,0.0154,58.4774000000002
905,拉,1470,0.0154,58.4928000000002
906,根本,1470,0.0154,58.5082000000002
907,县,1469,0.0154,58.5236000000002
908,错误,1469,0.0154,58.5390000000002
909,调节,1469,0.0154,58.5544000000002
910,忽然,1468,0.0154,58.5852000000001
911,必要,1468,0.0154,58.5698000000001
912,自然,1467,0.0154,58.6006000000001
913,比较,1465,0.0153,58.6312000000002
914,机关,1465,0.0153,58.6159000000002
915,每个,1464,0.0153,58.6465000000002
916,稳定,1463,0.0153,58.6618000000002
917,本质,1463,0.0153,58.6771000000002
918,执行,1461,0.0153,58.6924000000002
919,据,1459,0.0153,58.7077000000002
920,以前,1454,0.0152,58.7229000000002
921,大小,1451,0.0152,58.7381000000002
922,共同,1448,0.0152,58.7533000000002
923,市,1448,0.0152,58.7685000000002
924,工具,1448,0.0152,58.7837000000002
925,下来,1446,0.0151,58.7988000000002
926,船,1443,0.0151,58.8139000000002
927,电流,1440,0.0151,58.8290000000002
928,来到,1438,0.015,58.8440000000002
929,行动,1437,0.015,58.8590000000002
930,同时,1436,0.015,58.8740000000002
931,山,1434,0.015,58.8890000000002
932,广泛,1431,0.015,58.9040000000002
933,倍,1430,0.015,58.9190000000002
934,她们,1426,0.0149,58.9339000000002
935,在,1424,0.0149,58.9488000000002
936,间,1424,0.0149,58.9637000000002
937,面积,1422,0.0149,58.9786000000002
938,逐步,1421,0.0149,58.9935000000002
939,道路,1417,0.0148,59.0083000000002
940,祖国,1415,0.0148,59.0231000000002
941,随,1415,0.0148,59.0379000000002
942,转化,1414,0.0148,59.0527000000002
943,溶液,1413,0.0148,59.0675000000002
944,接着,1412,0.0148,59.0823000000002
945,送,1412,0.0148,59.0971000000002
946,其它,1411,0.0148,59.1119000000002
947,团,1411,0.0148,59.1267000000002
948,经,1411,0.0148,59.1415000000002
949,句,1411,0.0148,59.1563000000002
950,安排,1410,0.0148,59.1711000000002
951,更加,1409,0.0147,59.1858000000002
952,正常,1406,0.0147,59.2005000000002
953,除,1405,0.0147,59.2152000000002
954,教学,1403,0.0147,59.2299000000002
955,前面,1396,0.0146,59.2445000000002
956,检查,1395,0.0146,59.2591000000002
957,也许,1394,0.0146,59.2737000000002
958,不好,1394,0.0146,59.2883000000002
959,深,1392,0.0146,59.3029000000002
960,哲学,1392,0.0146,59.3175000000002
961,强调,1392,0.0146,59.3321000000002
962,国,1390,0.0145,59.3466000000002
963,超过,1388,0.0145,59.3611000000002
964,金属,1387,0.0145,59.3756000000002
965,是否,1385,0.0145,59.4336000000002
966,性格,1385,0.0145,59.4191000000002
967,不但,1385,0.0145,59.3901000000002
968,观众,1385,0.0145,59.4046000000002
969,文艺,1384,0.0145,59.4481000000002
970,化,1382,0.0145,59.4626000000002
971,九,1380,0.0144,59.4770000000002
972,状况,1377,0.0144,59.4914000000002
973,提,1375,0.0144,59.5202000000002
974,生产力,1375,0.0144,59.5058000000002
975,土壤,1373,0.0144,59.5346000000002
976,伟大,1371,0.0143,59.5489000000002
977,称,1369,0.0143,59.5632000000002
978,听到,1368,0.0143,59.5775000000002
979,热,1367,0.0143,59.5918000000002
980,倒,1367,0.0143,59.6061000000002
981,中间,1366,0.0143,59.6204000000002
982,朋友,1365,0.0143,59.6347000000002
983,认真,1363,0.0143,59.6490000000002
984,唱,1362,0.0143,59.6633000000001
985,法国,1361,0.0142,59.6775000000002
986,基础上,1361,0.0142,59.6917000000002
987,之,1360,0.0142,59.7059000000002
988,海洋,1360,0.0142,59.7201000000002
989,意思,1358,0.0142,59.7343000000002
990,必然,1357,0.0142,59.7485000000002
991,著名,1356,0.0142,59.7627000000002
992,人类,1355,0.0142,59.7769000000002
993,能量,1354,0.0142,59.7911000000002
994,支持,1352,0.0141,59.8052000000002
995,现代化,1351,0.0141,59.8193000000002
996,入,1350,0.0141,59.8334000000002
997,无论,1349,0.0141,59.8616000000002
998,转,1349,0.0141,59.8757000000002
999,下,1349,0.0141,59.8475000000002
1000,之一,1347,0.0141,59.8898000000002
1001,全,1345,0.0141,59.9039000000002
1002,多少,1344,0.0141,59.9180000000002
1003,以来,1344,0.0141,59.9321000000002
1004,一起,1342,0.014,59.9461000000002
1005,病,1342,0.014,59.9601000000002
1006,开展,1341,0.014,59.9741000000002
1007,曾经,1339,0.014,59.9881000000002
1008,工厂,1339,0.014,60.0021000000002
1009,找到,1339,0.014,60.0161000000002
1010,比例,1338,0.014,60.0301000000002
1011,机构,1337,0.014,60.0441000000002
1012,举行,1336,0.014,60.0581000000002
1013,分为,1335,0.014,60.0721000000002
1014,形态,1334,0.014,60.0861000000002
1015,白,1333,0.0139,60.1000000000002
1016,这儿,1327,0.0139,60.1139000000002
1017,马克思主义,1326,0.0139,60.1417000000002
1018,取,1326,0.0139,60.1278000000002
1019,带来,1325,0.0139,60.1556000000002
1020,很快,1325,0.0139,60.1695000000002
1021,让,1325,0.0139,60.1834000000002
1022,故,1324,0.0139,60.1973000000002
1023,限制,1323,0.0138,60.2111000000002
1024,作家,1323,0.0138,60.2249000000002
1025,尤其,1322,0.0138,60.2387000000002
1026,越来越,1322,0.0138,60.2525000000002
1027,教授,1321,0.0138,60.2663000000002
1028,汽车,1321,0.0138,60.2801000000002
1029,某种,1321,0.0138,60.2939000000002
1030,表明,1320,0.0138,60.3077000000002
1031,反,1320,0.0138,60.3215000000002
1032,点,1318,0.0138,60.3353000000002
1033,哭,1317,0.0138,60.3491000000002
1034,离,1317,0.0138,60.3629000000002
1035,审美,1315,0.0138,60.3767000000002
1036,个体,1313,0.0137,60.3904000000002
1037,相信,1312,0.0137,60.4041000000002
1038,领域,1309,0.0137,60.4178000000002
1039,解放,1308,0.0137,60.4315000000002
1040,其实,1308,0.0137,60.4452000000002
1041,一致,1306,0.0137,60.4589000000002
1042,以下,1305,0.0137,60.4726000000002
1043,投资,1305,0.0137,60.4863000000002
1044,去年,1304,0.0136,60.4999000000002
1045,里面,1303,0.0136,60.5407000000002
1046,表,1303,0.0136,60.5271000000002
1047,立即,1303,0.0136,60.5135000000002
1048,调整,1303,0.0136,60.5543000000002
1049,卖,1302,0.0136,60.5679000000002
1050,并不是,1301,0.0136,60.5815000000002
1051,件,1300,0.0136,60.5951000000002
1052,同学,1296,0.0136,60.6087000000002
1053,短,1295,0.0136,60.6359000000002
1054,大学,1295,0.0136,60.6223000000002
1055,女人,1292,0.0135,60.6494000000002
1056,国民经济,1291,0.0135,60.6629000000002
1057,组,1290,0.0135,60.6764000000002
1058,即,1290,0.0135,60.6899000000002
1059,留,1289,0.0135,60.7034000000002
1060,晚上,1288,0.0135,60.7169000000002
1061,回到,1288,0.0135,60.7304000000002
1062,重,1287,0.0135,60.7439000000002
1063,这位,1286,0.0135,60.7574000000002
1064,气候,1284,0.0134,60.7708000000002
1065,有效,1283,0.0134,60.7842000000002
1066,此外,1283,0.0134,60.7976000000002
1067,故事,1283,0.0134,60.8110000000002
1068,类型,1279,0.0134,60.8244000000002
1069,神,1278,0.0134,60.8512000000002
1070,处于,1278,0.0134,60.8378000000002
1071,李,1276,0.0134,60.8780000000002
1072,三十,1276,0.0134,60.8914000000002
1073,求,1276,0.0134,60.8646000000002
1074,全面,1275,0.0133,60.9047000000002
1075,降低,1273,0.0133,60.9180000000002
1076,下面,1271,0.0133,60.9313000000002
1077,机会,1267,0.0133,60.9446000000002
1078,符合,1266,0.0132,60.9578000000002
1079,机器,1266,0.0132,60.9710000000002
1080,无法,1264,0.0132,60.9842000000002
1081,调查,1264,0.0132,60.9974000000002
1082,脚,1263,0.0132,61.0106000000002
1083,劳动者,1261,0.0132,61.0238000000002
1084,主体,1260,0.0132,61.0370000000002
1085,有点,1260,0.0132,61.0502000000002
1086,真正,1259,0.0132,61.0634000000002
1087,气体,1259,0.0132,61.0766000000002
1088,联系,1257,0.0132,61.0898000000002
1089,欧洲,1253,0.0131,61.1029000000002
1090,书记,1250,0.0131,61.1160000000002
1091,王,1249,0.0131,61.1291000000002
1092,民主,1249,0.0131,61.1422000000002
1093,宣传,1248,0.0131,61.1684000000002
1094,消费,1248,0.0131,61.1553000000002
1095,多少,1246,0.013,61.1944000000002
1096,发育,1246,0.013,61.1814000000002
1097,车,1243,0.013,61.2074000000002
1098,眼,1243,0.013,61.2204000000002
1099,演员,1242,0.013,61.2334000000002
1100,粮食,1242,0.013,61.2464000000002
1101,制造,1240,0.013,61.2724000000001
1102,通常,1240,0.013,61.2594000000001
1103,一片,1238,0.013,61.2854000000001
1104,小时,1237,0.0129,61.3112000000001
1105,空间,1237,0.0129,61.2983000000001
1106,期,1235,0.0129,61.3241000000002
1107,恢复,1235,0.0129,61.3370000000002
1108,马上,1231,0.0129,61.3499000000002
1109,法,1227,0.0128,61.3627000000002
1110,接,1224,0.0128,61.3755000000002
1111,每天,1224,0.0128,61.3883000000002
1112,成分,1222,0.0128,61.4139000000001
1113,有着,1222,0.0128,61.4011000000001
1114,交换,1219,0.0128,61.4267000000001
1115,马,1217,0.0127,61.4394000000001
1116,设计,1211,0.0127,61.4521000000002
1117,分别,1210,0.0127,61.4648000000002
1118,支,1209,0.0127,61.4775000000002
1119,回,1209,0.0127,61.4902000000002
1120,体现,1207,0.0126,61.5154000000002
1121,火,1207,0.0126,61.5028000000002
1122,委员会,1205,0.0126,61.5280000000002
1123,品种,1205,0.0126,61.5406000000002
1124,密切,1204,0.0126,61.5532000000002
1125,睡,1202,0.0126,61.5658000000002
1126,加工,1200,0.0126,61.5784000000002
1127,封建,1198,0.0125,61.6034000000002
1128,成果,1198,0.0125,61.6159000000002
1129,承认,1198,0.0125,61.5909000000002
1130,不能,1195,0.0125,61.6284000000002
1131,制定,1192,0.0125,61.6409000000002
1132,哩,1191,0.0125,61.6534000000002
1133,满足,1190,0.0125,61.6659000000002
1134,衣服,1188,0.0124,61.6783000000002
1135,树,1185,0.0124,61.6907000000002
1136,成功,1185,0.0124,61.7031000000002
1137,周围,1183,0.0124,61.7155000000002
1138,那是,1182,0.0124,61.7279000000002
1139,主义,1181,0.0124,61.7403000000002
1140,消灭,1180,0.0123,61.7526000000002
1141,从事,1179,0.0123,61.7649000000002
1142,适当,1178,0.0123,61.7772000000002
1143,信,1176,0.0123,61.7895000000002
1144,好象,1175,0.0123,61.8018000000002
1145,每年,1174,0.0123,61.8141000000002
1146,毛泽东,1174,0.0123,61.8264000000002
1147,古代,1174,0.0123,61.8387000000002
1148,正,1173,0.0123,61.8510000000002
1149,千,1172,0.0123,61.8633000000002
1150,地面,1172,0.0123,61.8756000000002
1151,一边,1171,0.0123,61.8879000000002
1152,西,1171,0.0123,61.9002000000002
1153,犯罪,1170,0.0122,61.9124000000002
1154,联合,1169,0.0122,61.9246000000002
1155,军队,1168,0.0122,61.9368000000002
1156,看来,1167,0.0122,61.9490000000002
1157,教育,1165,0.0122,61.9612000000002
1158,紧张,1163,0.0122,61.9856000000002
1159,忙,1163,0.0122,61.9734000000002
1160,铁,1162,0.0122,61.9978000000002
1161,跳,1161,0.0121,62.0099000000002
1162,军,1160,0.0121,62.0220000000002
1163,主任,1159,0.0121,62.0341000000002
1164,要是,1156,0.0121,62.0583000000002
1165,项目,1156,0.0121,62.0462000000002
1166,长,1155,0.0121,62.0704000000002
1167,机械,1155,0.0121,62.0825000000002
1168,双,1151,0.012,62.0945000000002
1169,深刻,1146,0.012,62.1065000000002
1170,来看,1145,0.012,62.1185000000002
1171,同一,1144,0.012,62.1305000000002
1172,数,1143,0.012,62.1425000000002
1173,意志,1142,0.012,62.1545000000002
1174,长,1142,0.012,62.1665000000002
1175,同,1141,0.0119,62.1784000000002
1176,颗,1141,0.0119,62.1903000000002
1177,合作,1140,0.0119,62.2022000000002
1178,实际上,1140,0.0119,62.2141000000002
1179,传播,1139,0.0119,62.2260000000002
1180,多么,1137,0.0119,62.2498000000002
1181,供应,1137,0.0119,62.2379000000002
1182,喝,1136,0.0119,62.2617000000002
1183,出发,1135,0.0119,62.2855000000002
1184,不了,1135,0.0119,62.2736000000002
1185,牛,1132,0.0118,62.2973000000002
1186,强烈,1131,0.0118,62.3091000000002
1187,试验,1131,0.0118,62.3209000000002
1188,战略,1129,0.0118,62.3327000000002
1189,记者,1128,0.0118,62.3445000000002
1190,战斗,1127,0.0118,62.3563000000002
1191,老人,1126,0.0118,62.3681000000002
1192,届,1125,0.0118,62.3799000000002
1193,音,1125,0.0118,62.3917000000002
1194,文字,1122,0.0117,62.4034000000002
1195,场,1120,0.0117,62.4151000000002
1196,别的,1119,0.0117,62.4502000000002
1197,有利于,1119,0.0117,62.4268000000002
1198,距离,1119,0.0117,62.4385000000002
1199,成绩,1119,0.0117,62.4619000000002
1200,喊,1118,0.0117,62.4736000000002
1201,银行,1117,0.0117,62.4853000000002
1202,进步,1117,0.0117,62.4970000000001
1203,缺乏,1116,0.0117,62.5087000000001
1204,共,1116,0.0117,62.5204000000001
1205,愈,1115,0.0117,62.5321000000001
1206,综合,1114,0.0117,62.5438000000001
1207,发达,1113,0.0116,62.5554000000001
1208,层,1112,0.0116,62.5670000000001
1209,健康,1112,0.0116,62.5786000000001
1210,班,1111,0.0116,62.5902000000001
1211,即使,1109,0.0116,62.6018000000001
1212,批,1106,0.0116,62.6134000000001
1213,同,1106,0.0116,62.6250000000001
1214,发表,1105,0.0116,62.6366000000002
1215,为,1105,0.0116,62.6482000000002
1216,吨,1102,0.0115,62.6597000000002
1217,均,1102,0.0115,62.6712000000001
1218,相当,1101,0.0115,62.7172000000001
1219,工程,1101,0.0115,62.7057000000001
1220,兴趣,1101,0.0115,62.7287000000001
1221,元素,1101,0.0115,62.6827000000001
1222,马克思,1101,0.0115,62.6942000000001
1223,作者,1100,0.0115,62.7402000000001
1224,下去,1099,0.0115,62.7517000000001
1225,亩,1098,0.0115,62.7632000000001
1226,情感,1098,0.0115,62.7747000000001
1227,颜色,1097,0.0115,62.7977000000001
1228,重新,1097,0.0115,62.7862000000001
1229,人才,1096,0.0115,62.8092000000001
1230,失去,1094,0.0114,62.8434000000001
1231,夜,1094,0.0114,62.8206000000001
1232,表演,1094,0.0114,62.8320000000001
1233,余,1093,0.0114,62.8548000000001
1234,飞机,1091,0.0114,62.8662000000001
1235,规模,1091,0.0114,62.8776000000001
1236,东,1091,0.0114,62.8890000000001
1237,种子,1089,0.0114,62.9004000000001
1238,经常,1089,0.0114,62.9118000000001
1239,抓,1088,0.0114,62.9232000000001
1240,严格,1086,0.0114,62.9346000000001
1241,负责,1085,0.0114,62.9460000000001
1242,成本,1084,0.0113,62.9573000000001
1243,样子,1082,0.0113,62.9686000000001
1244,嘛,1080,0.0113,62.9799000000001
1245,大气,1076,0.0113,62.9912000000001
1246,走到,1075,0.0112,63.0136000000001
1247,表达,1075,0.0112,63.0248000000001
1248,需要,1075,0.0112,63.0024000000001
1249,方针,1074,0.0112,63.0360000000002
1250,整体,1074,0.0112,63.0472000000002
1251,前进,1073,0.0112,63.0584000000002
1252,刺激,1073,0.0112,63.0696000000002
1253,张,1072,0.0112,63.0808000000002
1254,外国,1072,0.0112,63.0920000000002
1255,生产资料,1069,0.0112,63.1032000000002
1256,责任,1069,0.0112,63.1144000000002
1257,断,1069,0.0112,63.1256000000002
1258,仿佛,1068,0.0112,63.1368000000002
1259,一阵,1067,0.0112,63.1480000000002
1260,急,1066,0.0112,63.1704000000002
1261,有关,1066,0.0112,63.1592000000002
1262,形势,1063,0.0111,63.1815000000002
1263,立刻,1062,0.0111,63.2148000000002
1264,篇,1062,0.0111,63.1926000000002
1265,直到,1062,0.0111,63.2037000000002
1266,原理,1059,0.0111,63.2259000000002
1267,地上,1059,0.0111,63.2370000000002
1268,批评,1057,0.0111,63.2481000000002
1269,德国,1056,0.0111,63.2592000000002
1270,一面,1056,0.0111,63.2703000000002
1271,以外,1055,0.011,63.2813000000002
1272,本来,1055,0.011,63.2923000000002
1273,开发,1054,0.011,63.3033000000002
1274,主张,1052,0.011,63.3143000000002
1275,医生,1050,0.011,63.3253000000002
1276,数学,1048,0.011,63.3583000000002
1277,斤,1048,0.011,63.3363000000002
1278,政权,1048,0.011,63.3473000000002
1279,朝,1046,0.0109,63.3692000000002
1280,区别,1045,0.0109,63.3801000000002
1281,不出,1045,0.0109,63.3910000000002
1282,似的,1045,0.0109,63.4019000000002
1283,哪里,1042,0.0109,63.4237000000002
1284,行政,1042,0.0109,63.4346000000002
1285,不再,1042,0.0109,63.4128000000002
1286,想起,1041,0.0109,63.4564000000002
1287,名,1041,0.0109,63.4673000000002
1288,统一,1041,0.0109,63.4455000000002
1289,文章,1039,0.0109,63.4782000000002
1290,财政,1038,0.0109,63.4891000000002
1291,等于,1038,0.0109,63.5000000000002
1292,我国,1037,0.0109,63.5109000000002
1293,妈,1037,0.0109,63.5218000000002
1294,工资,1037,0.0109,63.5327000000002
1295,管,1036,0.0108,63.5435000000002
1296,细,1035,0.0108,63.5543000000002
1297,运输,1034,0.0108,63.5651000000002
1298,队伍,1033,0.0108,63.5759000000002
1299,么,1032,0.0108,63.5975000000002
1300,非,1032,0.0108,63.6083000000002
1301,不敢,1032,0.0108,63.5867000000002
1302,积累,1030,0.0108,63.6191000000002
1303,结束,1028,0.0108,63.6299000000002
1304,把,1028,0.0108,63.6407000000002
1305,治疗,1025,0.0107,63.6514000000002
1306,离子,1025,0.0107,63.6621000000002
1307,落后,1025,0.0107,63.6728000000002
1308,事件,1024,0.0107,63.6942000000002
1309,来,1024,0.0107,63.6835000000002
1310,竞争,1023,0.0107,63.7049000000002
1311,显得,1023,0.0107,63.7156000000002
1312,手里,1022,0.0107,63.7263000000002
1313,舞台,1021,0.0107,63.7370000000002
1314,女儿,1017,0.0106,63.7476000000002
1315,真实,1017,0.0106,63.7582000000002
1316,十二,1016,0.0106,63.7688000000002
1317,最近,1015,0.0106,63.7794000000002
1318,落,1013,0.0106,63.7900000000002
1319,期间,1012,0.0106,63.8006000000002
1320,代表,1011,0.0106,63.8112000000002
1321,刚才,1011,0.0106,63.8218000000002
1322,一会儿,1011,0.0106,63.8324000000002
1323,村,1008,0.0105,63.8429000000002
1324,克,1007,0.0105,63.8639000000002
1325,代替,1007,0.0105,63.8534000000002
1326,双方,1006,0.0105,63.8744000000002
1327,不行,1005,0.0105,63.9059000000002
1328,脸上,1005,0.0105,63.8849000000002
1329,原始,1005,0.0105,63.8954000000002
1330,只好,1003,0.0105,63.9164000000002
1331,下去,1001,0.0105,63.9269000000002
1332,革命,1000,0.0105,63.9374000000002
1333,带,999,0.0105,63.9689000000002
1334,画,999,0.0105,63.9584000000002
1335,底,999,0.0105,63.9479000000002
1336,报告,998,0.0104,63.9793000000002
1337,不是,998,0.0104,63.9897000000002
1338,道,998,0.0104,64.0001000000002
1339,充满,997,0.0104,64.0105000000002
1340,自我,995,0.0104,64.0209000000002
1341,下降,993,0.0104,64.0313000000002
1342,食物,993,0.0104,64.0417000000002
1343,海水,993,0.0104,64.0521000000002
1344,至于,992,0.0104,64.0625000000002
1345,弄,992,0.0104,64.0729000000002
1346,不足,991,0.0104,64.1145000000002
1347,原料,991,0.0104,64.1041000000002
1348,且,991,0.0104,64.0833000000002
1349,否定,991,0.0104,64.0937000000002
1350,决不,991,0.0104,64.1249000000002
1351,含有,990,0.0104,64.1353000000002
1352,社员,989,0.0103,64.1456000000002
1353,读,988,0.0103,64.1559000000002
1354,人体,987,0.0103,64.1868000000002
1355,最高,987,0.0103,64.1662000000002
1356,打开,987,0.0103,64.1765000000002
1357,平等,985,0.0103,64.2280000000003
1358,认识,985,0.0103,64.1971000000002
1359,为主,985,0.0103,64.2074000000002
1360,南,985,0.0103,64.2177000000002
1361,显然,983,0.0103,64.2383000000003
1362,含,982,0.0103,64.2486000000003
1363,宪法,982,0.0103,64.2589000000003
1364,度,981,0.0103,64.2692000000003
1365,响,980,0.0103,64.2898000000003
1366,回家,980,0.0103,64.2795000000003
1367,嘴,979,0.0102,64.3000000000003
1368,玻璃,978,0.0102,64.3102000000003
1369,活,977,0.0102,64.3204000000002
1370,飞,977,0.0102,64.3306000000002
1371,父母,977,0.0102,64.3408000000002
1372,良好,976,0.0102,64.3510000000002
1373,科学家,975,0.0102,64.3612000000002
1374,形,974,0.0102,64.3714000000002
1375,工作,973,0.0102,64.3816000000002
1376,需,972,0.0102,64.3918000000002
1377,永远,972,0.0102,64.4020000000002
1378,左,972,0.0102,64.4122000000002
1379,公民,972,0.0102,64.4224000000002
1380,听说,971,0.0102,64.4326000000002
1381,个别,971,0.0102,64.4428000000002
1382,言,970,0.0102,64.4530000000002
1383,贡献,970,0.0102,64.4632000000002
1384,利润,969,0.0101,64.4733000000002
1385,货币,968,0.0101,64.4834000000002
1386,叶,966,0.0101,64.4935000000002
1387,不久,966,0.0101,64.5036000000002
1388,种,965,0.0101,64.5137000000002
1389,是不是,964,0.0101,64.5238000000002
1390,权力,963,0.0101,64.5339000000002
1391,丈夫,961,0.0101,64.5440000000002
1392,追求,960,0.01,64.5540000000002
1393,定,960,0.01,64.5640000000002
1394,表面,960,0.01,64.5740000000002
1395,森林,958,0.01,64.6040000000002
1396,营养,958,0.01,64.5840000000002
1397,装,958,0.01,64.5940000000002
1398,各国,957,0.01,64.6140000000002
1399,地主,957,0.01,64.6240000000002
1400,冷,955,0.01,64.6340000000002
1401,病人,955,0.01,64.6440000000002
1402,心理学,954,0.01,64.6540000000002
1403,同意,953,0.01,64.6740000000002
1404,依靠,953,0.01,64.6640000000002
1405,出去,952,0.01,64.6840000000002
1406,专业,952,0.01,64.6940000000002
1407,画,950,0.0099,64.7039000000002
1408,显著,948,0.0099,64.7138000000002
1409,愿意,948,0.0099,64.7237000000002
1410,分,946,0.0099,64.7435000000003
1411,令,946,0.0099,64.7534000000003
1412,大大,946,0.0099,64.7336000000003
1413,批判,945,0.0099,64.7732000000003
1414,科技,945,0.0099,64.7831000000003
1415,里,945,0.0099,64.7633000000003
1416,普通,944,0.0099,64.7930000000003
1417,没,944,0.0099,64.8029000000003
1418,势力,943,0.0099,64.8128000000003
1419,值,943,0.0099,64.8227000000003
1420,石油,943,0.0099,64.8326000000003
1421,真的,943,0.0099,64.8425000000003
1422,欣赏,939,0.0098,64.8523000000003
1423,北,938,0.0098,64.8621000000003
1424,消息,936,0.0098,64.8817000000003
1425,会,936,0.0098,64.8915000000003
1426,边,936,0.0098,64.9013000000003
1427,剥削,936,0.0098,64.9111000000003
1428,人生,936,0.0098,64.8719000000003
1429,路线,935,0.0098,64.9209000000003
1430,乱,934,0.0098,64.9307000000003
1431,瞧,933,0.0098,64.9405000000003
1432,戏曲,932,0.0098,64.9503000000003
1433,痛苦,930,0.0097,64.9600000000002
1434,学科,930,0.0097,64.9697000000002
1435,留下,930,0.0097,64.9794000000002
1436,销售,929,0.0097,64.9891000000002
1437,绝对,928,0.0097,65.0182000000002
1438,大会,928,0.0097,65.0279000000002
1439,血,928,0.0097,65.0085000000002
1440,跟着,928,0.0097,64.9988000000002
1441,风格,926,0.0097,65.0376000000002
1442,户,926,0.0097,65.0473000000002
1443,替,926,0.0097,65.0570000000002
1444,自然界,925,0.0097,65.0667000000002
1445,接触,924,0.0097,65.0861000000002
1446,合,924,0.0097,65.0764000000002
1447,真理,922,0.0096,65.0957000000002
1448,读者,922,0.0096,65.1053000000002
1449,多种,921,0.0096,65.1149000000002
1450,生成,920,0.0096,65.1245000000002
1451,狗,920,0.0096,65.1341000000002
1452,性,919,0.0096,65.1437000000002
1453,推动,919,0.0096,65.1533000000002
1454,属,918,0.0096,65.1629000000002
1455,盐,917,0.0096,65.1725000000002
1456,总结,917,0.0096,65.1821000000002
1457,换,916,0.0096,65.1917000000003
1458,情形,915,0.0096,65.2013000000003
1459,占有,912,0.0095,65.2298000000003
1460,加上,912,0.0095,65.2108000000003
1461,咱,912,0.0095,65.2203000000003
1462,流,911,0.0095,65.2393000000003
1463,转移,911,0.0095,65.2488000000003
1464,差别,909,0.0095,65.2583000000003
1465,身,909,0.0095,65.2678000000003
1466,产量,908,0.0095,65.2773000000003
1467,当前,907,0.0095,65.2868000000003
1468,记,906,0.0095,65.2963000000003
1469,戏,905,0.0095,65.3058000000003
1470,土,904,0.0095,65.3343000000003
1471,上升,904,0.0095,65.3153000000003
1472,立,904,0.0095,65.3248000000003
1473,体制,903,0.0094,65.3437000000003
1474,共产主义,902,0.0094,65.3625000000003
1475,分钟,902,0.0094,65.3719000000003
1476,直线,902,0.0094,65.3531000000003
1477,神经,901,0.0094,65.3813000000003
1478,摆,900,0.0094,65.3907000000003
1479,用于,900,0.0094,65.4001000000003
1480,共产党,900,0.0094,65.4095000000003
1481,第一次,899,0.0094,65.4189000000003
1482,相对,898,0.0094,65.4283000000003
1483,后面,897,0.0094,65.4471000000003
1484,国内,897,0.0094,65.4377000000003
1485,重点,896,0.0094,65.4565000000003
1486,习惯,894,0.0094,65.4753000000003
1487,检验,894,0.0094,65.4659000000003
1488,贯彻,892,0.0093,65.4846000000003
1489,饭,891,0.0093,65.4939000000003
1490,电视,891,0.0093,65.5032000000003
1491,宇宙,891,0.0093,65.5125000000003
1492,兄弟,890,0.0093,65.5218000000003
1493,停,890,0.0093,65.5311000000003
1494,相反,889,0.0093,65.5404000000003
1495,语,888,0.0093,65.5497000000003
1496,改善,888,0.0093,65.5590000000003
1497,生活,888,0.0093,65.5683000000002
1498,单,887,0.0093,65.5869000000002
1499,派,887,0.0093,65.5962000000002
1500,戏剧,887,0.0093,65.5776000000002
1501,安全,885,0.0093,65.6055000000002
1502,想象,884,0.0093,65.6334000000002
1503,维持,884,0.0093,65.6148000000002
1504,不够,884,0.0093,65.6241000000002
1505,也,883,0.0092,65.6426000000002
1506,关心,883,0.0092,65.6518000000002
1507,判断,883,0.0092,65.6610000000002
1508,呼吸,882,0.0092,65.6702000000002
1509,实际,881,0.0092,65.6886000000003
1510,总理,881,0.0092,65.6794000000003
1511,掉,880,0.0092,65.6978000000003
1512,反动,880,0.0092,65.7070000000003
1513,能源,880,0.0092,65.7162000000003
1514,年轻,878,0.0092,65.7254000000003
1515,物理,878,0.0092,65.7346000000003
1516,来自,877,0.0092,65.7438000000003
1517,蒋介石,875,0.0092,65.7530000000003
1518,轻轻,874,0.0091,65.7621000000003
1519,不得,873,0.0091,65.7712000000003
1520,要素,872,0.0091,65.7803000000003
1521,遇到,872,0.0091,65.7894000000003
1522,一系列,872,0.0091,65.7985000000003
1523,任,871,0.0091,65.8076000000003
1524,做到,871,0.0091,65.8349000000003
1525,呈,871,0.0091,65.8258000000003
1526,收入,871,0.0091,65.8167000000003
1527,差异,870,0.0091,65.8440000000003
1528,群,869,0.0091,65.8531000000004
1529,房子,869,0.0091,65.8622000000004
1530,看出,868,0.0091,65.8713000000004
1531,角度,864,0.009,65.8803000000004
1532,之外,864,0.009,65.8893000000004
1533,色彩,864,0.009,65.8983000000004
1534,防止,862,0.009,65.9073000000004
1535,接近,862,0.009,65.9163000000004
1536,慢慢,862,0.009,65.9253000000004
1537,设,861,0.009,65.9343000000004
1538,供,860,0.009,65.9703000000004
1539,休息,860,0.009,65.9613000000004
1540,增强,860,0.009,65.9433000000004
1541,简直,860,0.009,65.9523000000004
1542,那时,860,0.009,65.9793000000004
1543,逻辑,859,0.009,65.9883000000004
1544,附近,859,0.009,65.9973000000004
1545,液,858,0.009,66.0063000000004
1546,分别,858,0.009,66.0153000000004
1547,欢迎,857,0.009,66.0333000000004
1548,劳动力,857,0.009,66.0243000000004
1549,生理,856,0.009,66.0513000000004
1550,之前,856,0.009,66.0603000000004
1551,听见,856,0.009,66.0423000000004
1552,节,855,0.0089,66.0692000000004
1553,究竟,855,0.0089,66.0781000000004
1554,既然,855,0.0089,66.0870000000004
1555,停止,854,0.0089,66.0959000000004
1556,猪,852,0.0089,66.1048000000004
1557,子,851,0.0089,66.1137000000003
1558,却是,851,0.0089,66.1315000000003
1559,很少,851,0.0089,66.1226000000003
1560,须,849,0.0089,66.1404000000003
1561,养,849,0.0089,66.1493000000003
1562,管,849,0.0089,66.1582000000003
1563,英雄,846,0.0089,66.1671000000003
1564,比赛,845,0.0088,66.1935000000003
1565,突出,845,0.0088,66.1759000000003
1566,天气,845,0.0088,66.1847000000003
1567,难道,845,0.0088,66.2023000000003
1568,描写,844,0.0088,66.2111000000003
1569,兵,844,0.0088,66.2199000000003
1570,借,843,0.0088,66.2287000000003
1571,团结,842,0.0088,66.2375000000003
1572,导致,842,0.0088,66.2463000000003
1573,考察,841,0.0088,66.2551000000003
1574,毛主席,841,0.0088,66.2639000000003
1575,队长,840,0.0088,66.2727000000003
1576,辐射,839,0.0088,66.2815000000002
1577,晶体,838,0.0088,66.2903000000002
1578,生存,837,0.0088,66.2991000000002
1579,自然,835,0.0087,66.3078000000002
1580,型,835,0.0087,66.3165000000002
1581,统计,833,0.0087,66.3252000000003
1582,秒,832,0.0087,66.3600000000003
1583,道理,832,0.0087,66.3687000000003
1584,成熟,832,0.0087,66.3513000000003
1585,消耗,832,0.0087,66.3426000000003
1586,种类,832,0.0087,66.3339000000003
1587,将来,831,0.0087,66.4035000000003
1588,比如,831,0.0087,66.4209000000003
1589,转变,831,0.0087,66.4296000000003
1590,难以,831,0.0087,66.4122000000003
1591,成员,831,0.0087,66.4383000000003
1592,电路,831,0.0087,66.3774000000003
1593,美丽,831,0.0087,66.3948000000003
1594,药,831,0.0087,66.3861000000003
1595,振动,830,0.0087,66.4470000000003
1596,大概,829,0.0087,66.4557000000003
1597,笔,829,0.0087,66.4644000000003
1598,先后,828,0.0087,66.4731000000003
1599,静,828,0.0087,66.4818000000003
1600,试,828,0.0087,66.4905000000003
1601,佛教,828,0.0087,66.4992000000003
1602,轨道,827,0.0087,66.5079000000003
1603,避免,827,0.0087,66.5166000000004
1604,的话,823,0.0086,66.5252000000004
1605,电话,822,0.0086,66.5338000000004
1606,各地,822,0.0086,66.5424000000004
1607,不住,821,0.0086,66.5768000000004
1608,配合,821,0.0086,66.5510000000004
1609,海,821,0.0086,66.5596000000004
1610,草,821,0.0086,66.5682000000004
1611,结论,820,0.0086,66.5854000000004
1612,斗争,820,0.0086,66.5940000000004
1613,挂,820,0.0086,66.6026000000004
1614,个性,820,0.0086,66.6112000000004
1615,收,820,0.0086,66.6198000000004
1616,日益,818,0.0086,66.6284000000004
1617,玩,818,0.0086,66.6370000000004
1618,彻底,818,0.0086,66.6456000000004
1619,拍,817,0.0085,66.6541000000004
1620,尽管,816,0.0085,66.6626000000004
1621,明确,815,0.0085,66.6796000000004
1622,感觉,815,0.0085,66.6711000000004
1623,不大,814,0.0085,66.6881000000004
1624,典型,814,0.0085,66.6966000000004
1625,交通,814,0.0085,66.7051000000004
1626,各级,814,0.0085,66.7136000000004
1627,学,814,0.0085,66.7221000000004
1628,通过,814,0.0085,66.7306000000004
1629,结婚,814,0.0085,66.7391000000003
1630,女,813,0.0085,66.7476000000003
1631,另一方面,813,0.0085,66.7561000000003
1632,总之,813,0.0085,66.7646000000003
1633,诗,812,0.0085,66.7816000000003
1634,下午,812,0.0085,66.7901000000003
1635,明天,812,0.0085,66.7731000000003
1636,值得,811,0.0085,66.8071000000003
1637,有些,811,0.0085,66.7986000000003
1638,忘,810,0.0085,66.8156000000003
1639,合同,810,0.0085,66.8241000000003
1640,上,810,0.0085,66.8326000000003
1641,推,809,0.0085,66.8411000000003
1642,出,809,0.0085,66.8496000000003
1643,连续,808,0.0085,66.8581000000003
1644,失败,808,0.0085,66.8666000000003
1645,教,808,0.0085,66.8751000000003
1646,杀,807,0.0084,66.8919000000003
1647,大部分,807,0.0084,66.9003000000003
1648,摸,807,0.0084,66.9087000000003
1649,对方,807,0.0084,66.9171000000003
1650,回去,807,0.0084,66.8835000000003
1651,五十,806,0.0084,66.9339000000003
1652,观测,806,0.0084,66.9423000000003
1653,抱,806,0.0084,66.9255000000003
1654,交,805,0.0084,66.9507000000003
1655,见到,805,0.0084,66.9591000000003
1656,针,805,0.0084,66.9675000000003
1657,抓住,804,0.0084,66.9843000000002
1658,资本家,804,0.0084,66.9927000000002
1659,便是,804,0.0084,66.9759000000003
1660,继承,803,0.0084,67.0011000000002
1661,财产,803,0.0084,67.0095000000002
1662,根本,801,0.0084,67.0179000000002
1663,克服,801,0.0084,67.0263000000002
1664,历史上,801,0.0084,67.0347000000002
1665,帮,800,0.0084,67.0431000000002
1666,深入,800,0.0084,67.0515000000002
1667,进攻,799,0.0084,67.0683000000002
1668,层次,799,0.0084,67.0767000000002
1669,黄,799,0.0084,67.0851000000002
1670,器,799,0.0084,67.0599000000002
1671,费用,798,0.0084,67.0935000000002
1672,根,798,0.0084,67.1019000000002
1673,酒,797,0.0083,67.1102000000002
1674,妻子,797,0.0083,67.1185000000002
1675,召开,797,0.0083,67.1268000000002
1676,明白,796,0.0083,67.1351000000002
1677,好像,796,0.0083,67.1434000000002
1678,轻,795,0.0083,67.1517000000002
1679,医院,795,0.0083,67.1600000000002
1680,懂,794,0.0083,67.1683000000002
1681,有所,794,0.0083,67.1766000000002
1682,改,793,0.0083,67.2015000000002
1683,例,793,0.0083,67.1932000000002
1684,完整,793,0.0083,67.1849000000002
1685,色,792,0.0083,67.2347000000003
1686,总,792,0.0083,67.2098000000002
1687,不管,792,0.0083,67.2181000000002
1688,派,792,0.0083,67.2264000000003
1689,钟,791,0.0083,67.2513000000003
1690,业务,791,0.0083,67.2596000000003
1691,小说,791,0.0083,67.2430000000003
1692,毛,789,0.0083,67.2845000000003
1693,坏,789,0.0083,67.2928000000003
1694,名字,789,0.0083,67.2762000000003
1695,适用,789,0.0083,67.2679000000003
1696,前提,788,0.0082,67.3010000000003
1697,如今,788,0.0082,67.3092000000003
1698,显示,787,0.0082,67.3338000000003
1699,报纸,787,0.0082,67.3256000000003
1700,学说,787,0.0082,67.3174000000003
1701,烟,787,0.0082,67.3420000000003
1702,大约,786,0.0082,67.3502000000003
1703,差,785,0.0082,67.3584000000003
1704,烧,785,0.0082,67.3666000000003
1705,状,785,0.0082,67.3748000000003
1706,概括,784,0.0082,67.3994000000003
1707,上帝,784,0.0082,67.3830000000003
1708,日子,784,0.0082,67.3912000000003
1709,优秀,784,0.0082,67.4076000000003
1710,准确,783,0.0082,67.4158000000003
1711,边,782,0.0082,67.4240000000003
1712,懂得,782,0.0082,67.4322000000003
1713,大陆,782,0.0082,67.4404000000003
1714,死亡,781,0.0082,67.4486000000003
1715,指标,781,0.0082,67.4732000000003
1716,心情,781,0.0082,67.4650000000003
1717,台,781,0.0082,67.4568000000003
1718,危险,780,0.0082,67.4814000000003
1719,身子,780,0.0082,67.4896000000004
1720,也就是,779,0.0082,67.4978000000004
1721,机,778,0.0081,67.5059000000004
1722,比,778,0.0081,67.5140000000004
1723,主人,778,0.0081,67.5221000000003
1724,演出,777,0.0081,67.5302000000003
1725,发动,776,0.0081,67.5383000000003
1726,皇帝,776,0.0081,67.5464000000003
1727,上海,776,0.0081,67.5545000000003
1728,外面,776,0.0081,67.5626000000003
1729,幸福,775,0.0081,67.5869000000003
1730,坚决,775,0.0081,67.5707000000003
1731,指挥,775,0.0081,67.5788000000003
1732,归,774,0.0081,67.5950000000003
1733,言语,773,0.0081,67.6031000000003
1734,列宁,773,0.0081,67.6112000000003
1735,倒,773,0.0081,67.6193000000003
1736,今后,772,0.0081,67.6274000000003
1737,补充,771,0.0081,67.6517000000003
1738,公里,771,0.0081,67.6355000000003
1739,疾病,771,0.0081,67.6436000000003
1740,途径,771,0.0081,67.6598000000003
1741,片,770,0.0081,67.6679000000003
1742,压迫,770,0.0081,67.6760000000003
1743,相应,769,0.008,67.6840000000003
1744,热情,768,0.008,67.7000000000003
1745,经,768,0.008,67.7080000000003
1746,大,768,0.008,67.6920000000003
1747,唯一,767,0.008,67.7160000000003
1748,自身,767,0.008,67.7240000000003
1749,对立,766,0.008,67.7320000000003
1750,腿,765,0.008,67.7400000000003
1751,专门,764,0.008,67.7480000000003
1752,趋势,763,0.008,67.7560000000003
1753,强度,763,0.008,67.7640000000003
1754,渐渐,761,0.008,67.7720000000003
1755,子,761,0.008,67.7800000000003
1756,哪儿,761,0.008,67.7880000000003
1757,年龄,760,0.008,67.7960000000003
1758,从来,760,0.008,67.8040000000003
1759,一时,760,0.008,67.8120000000003
1760,枝,759,0.0079,67.8278000000003
1761,以,759,0.0079,67.8199000000003
1762,评价,758,0.0079,67.8515000000003
1763,西方,758,0.0079,67.8594000000003
1764,及时,758,0.0079,67.8436000000003
1765,早已,758,0.0079,67.8357000000003
1766,翻,757,0.0079,67.8673000000003
1767,机制,757,0.0079,67.8752000000003
1768,关键,757,0.0079,67.8831000000003
1769,慢,756,0.0079,67.8910000000003
1770,当地,756,0.0079,67.8989000000003
1771,易,755,0.0079,67.9068000000003
1772,专家,755,0.0079,67.9147000000003
1773,位,755,0.0079,67.9226000000003
1774,改进,755,0.0079,67.9305000000004
1775,本,754,0.0079,67.9384000000004
1776,昨天,753,0.0079,67.9542000000004
1777,右,753,0.0079,67.9463000000004
1778,爷爷,752,0.0079,67.9621000000004
1779,消失,752,0.0079,67.9700000000004
1780,看到,751,0.0079,67.9779000000004
1781,社,751,0.0079,67.9858000000004
1782,允许,751,0.0079,67.9937000000004
1783,刘,751,0.0079,68.0016000000004
1784,说过,750,0.0078,68.0094000000004
1785,燃烧,749,0.0078,68.0172000000004
1786,电,748,0.0078,68.0250000000004
1787,旁边,748,0.0078,68.0328000000004
1788,正式,747,0.0078,68.0406000000004
1789,价,747,0.0078,68.0484000000004
1790,全体,747,0.0078,68.0562000000004
1791,厘米,746,0.0078,68.0640000000004
1792,奇怪,746,0.0078,68.0718000000004
1793,爱情,745,0.0078,68.0796000000004
1794,到底,745,0.0078,68.0952000000004
1795,皮,745,0.0078,68.1030000000004
1796,摇,745,0.0078,68.0874000000004
1797,还要,744,0.0078,68.1108000000005
1798,兴奋,744,0.0078,68.1186000000005
1799,级,743,0.0078,68.1264000000005
1800,成就,743,0.0078,68.1342000000005
1801,积极性,743,0.0078,68.1420000000005
1802,份,742,0.0078,68.1498000000005
1803,环节,742,0.0078,68.1576000000005
1804,最好,741,0.0078,68.1654000000005
1805,女,741,0.0078,68.1732000000005
1806,虫,741,0.0078,68.1810000000005
1807,厚,740,0.0077,68.1887000000005
1808,师傅,740,0.0077,68.1964000000005
1809,运动,739,0.0077,68.2041000000005
1810,分离,739,0.0077,68.2195000000005
1811,核,739,0.0077,68.2118000000005
1812,枪,738,0.0077,68.2272000000005
1813,决策,738,0.0077,68.2349000000005
1814,站,738,0.0077,68.2426000000005
1815,电影,737,0.0077,68.2734000000005
1816,寻找,737,0.0077,68.2657000000005
1817,规定,737,0.0077,68.2503000000005
1818,规则,737,0.0077,68.2580000000005
1819,十五,736,0.0077,68.3119000000005
1820,也是,736,0.0077,68.2811000000005
1821,划分,736,0.0077,68.2888000000005
1822,石,736,0.0077,68.2965000000005
1823,凡,736,0.0077,68.3042000000005
1824,云,734,0.0077,68.3273000000005
1825,著作,734,0.0077,68.3196000000005
1826,给予,733,0.0077,68.3350000000005
1827,居民,732,0.0077,68.3427000000005
1828,待,732,0.0077,68.3504000000005
1829,资本,732,0.0077,68.3581000000005
1830,辆,731,0.0076,68.3657000000005
1831,抽象,731,0.0076,68.3733000000005
1832,四十,731,0.0076,68.3809000000005
1833,集团,730,0.0076,68.3885000000005
1834,维护,730,0.0076,68.3961000000005
1835,势,730,0.0076,68.4037000000005
1836,符号,729,0.0076,68.4113000000005
1837,哥哥,729,0.0076,68.4189000000004
1838,刚刚,729,0.0076,68.4265000000004
1839,太太,728,0.0076,68.4417000000004
1840,就,728,0.0076,68.4493000000004
1841,自,728,0.0076,68.4341000000004
1842,仔细,726,0.0076,68.4721000000004
1843,念,726,0.0076,68.4645000000004
1844,工人阶级,726,0.0076,68.4569000000004
1845,探索,724,0.0076,68.4797000000004
1846,亲自,724,0.0076,68.4873000000004
1847,方,723,0.0076,68.4949000000004
1848,走进,722,0.0076,68.5025000000004
1849,确实,722,0.0076,68.5101000000004
1850,棵,720,0.0075,68.5176000000004
1851,用来,719,0.0075,68.5626000000004
1852,生动,719,0.0075,68.5701000000004
1853,分裂,719,0.0075,68.5551000000004
1854,压力,719,0.0075,68.5476000000004
1855,脱离,719,0.0075,68.5401000000004
1856,动力,719,0.0075,68.5326000000004
1857,系,719,0.0075,68.5251000000004
1858,之下,718,0.0075,68.5776000000003
1859,主席,718,0.0075,68.5851000000003
1860,记忆,718,0.0075,68.5926000000003
1861,明白,716,0.0075,68.6001000000003
1862,史,716,0.0075,68.6076000000003
1863,情绪,715,0.0075,68.6151000000003
1864,地下,715,0.0075,68.6226000000003
1865,主题,715,0.0075,68.6301000000003
1866,三角形,714,0.0075,68.6376000000003
1867,师,714,0.0075,68.6526000000003
1868,真正,714,0.0075,68.6601000000003
1869,病,714,0.0075,68.6451000000003
1870,权,712,0.0075,68.6676000000003
1871,争取,712,0.0075,68.6751000000003
1872,液体,712,0.0075,68.6826000000002
1873,旁,711,0.0074,68.7048000000003
1874,始终,711,0.0074,68.6900000000003
1875,武器,711,0.0074,68.7196000000003
1876,制约,711,0.0074,68.7122000000003
1877,看法,711,0.0074,68.6974000000003
1878,压,710,0.0074,68.7270000000003
1879,必,710,0.0074,68.7344000000003
1880,过渡,710,0.0074,68.7418000000003
1881,素质,710,0.0074,68.7492000000003
1882,分解,708,0.0074,68.7566000000003
1883,贵族,708,0.0074,68.7640000000003
1884,那儿,708,0.0074,68.7714000000003
1885,女子,707,0.0074,68.7788000000003
1886,效率,707,0.0074,68.7862000000003
1887,说法,707,0.0074,68.7936000000003
1888,肉,706,0.0074,68.8010000000003
1889,米,705,0.0074,68.8158000000003
1890,未来,705,0.0074,68.8084000000003
1891,眼前,704,0.0074,68.8306000000003
1892,好好,704,0.0074,68.8232000000003
1893,可见,703,0.0074,68.8380000000003
1894,今,702,0.0073,68.8453000000003
1895,型,702,0.0073,68.8526000000003
1896,金,702,0.0073,68.8599000000003
1897,共同,701,0.0073,68.8818000000003
1898,秩序,701,0.0073,68.8672000000003
1899,含量,701,0.0073,68.8745000000003
1900,实在,700,0.0073,68.9037000000003
1901,包含,700,0.0073,68.8891000000003
1902,内在,700,0.0073,68.8964000000003
1903,带有,699,0.0073,68.9110000000003
1904,弱,698,0.0073,68.9183000000003
1905,移动,698,0.0073,68.9402000000003
1906,苦,698,0.0073,68.9475000000003
1907,实施,698,0.0073,68.9548000000003
1908,记得,698,0.0073,68.9329000000003
1909,恩格斯,698,0.0073,68.9256000000003
1910,论,697,0.0073,68.9621000000003
1911,田,697,0.0073,68.9694000000003
1912,经济效益,697,0.0073,68.9767000000003
1913,优势,697,0.0073,68.9840000000003
1914,支配,697,0.0073,68.9913000000004
1915,诸,697,0.0073,68.9986000000004
1916,倾向,696,0.0073,69.0059000000004
1917,已知,696,0.0073,69.0132000000004
1918,购买,696,0.0073,69.0205000000004
1919,素,695,0.0073,69.0497000000004
1920,有力,695,0.0073,69.0424000000004
1921,下列,695,0.0073,69.0278000000004
1922,天津,695,0.0073,69.0351000000004
1923,吹,694,0.0073,69.0643000000004
1924,城,694,0.0073,69.0570000000004
1925,担任,693,0.0073,69.0716000000004
1926,冲突,693,0.0073,69.0789000000004
1927,化,693,0.0073,69.0862000000004
1928,如下,692,0.0072,69.0934000000004
1929,约,692,0.0072,69.1006000000004
1930,吃饭,692,0.0072,69.1078000000004
1931,巩固,691,0.0072,69.1150000000004
1932,骂,690,0.0072,69.1222000000003
1933,底,690,0.0072,69.1294000000003
1934,一百,689,0.0072,69.1366000000003
1935,电阻,688,0.0072,69.1654000000003
1936,头上,688,0.0072,69.1582000000003
1937,干,688,0.0072,69.1438000000003
1938,不必,688,0.0072,69.1510000000003
1939,戴,687,0.0072,69.2086000000003
1940,知,687,0.0072,69.1798000000003
1941,侵略,687,0.0072,69.1870000000003
1942,组合,687,0.0072,69.1942000000003
1943,自觉,687,0.0072,69.2014000000003
1944,石头,687,0.0072,69.1726000000003
1945,雨,686,0.0072,69.2446000000003
1946,人工,686,0.0072,69.2518000000003
1947,吸引,686,0.0072,69.2374000000003
1948,周期,686,0.0072,69.2302000000003
1949,厂长,686,0.0072,69.2230000000003
1950,具备,686,0.0072,69.2158000000003
1951,躺,685,0.0072,69.2590000000003
1952,鼓励,684,0.0072,69.2662000000003
1953,流通,684,0.0072,69.2734000000003
1954,身边,684,0.0072,69.2806000000003
1955,区域,683,0.0071,69.2877000000003
1956,阳光,682,0.0071,69.2948000000003
1957,功,682,0.0071,69.3019000000003
1958,使得,682,0.0071,69.3090000000003
1959,歌,682,0.0071,69.3161000000003
1960,体育,680,0.0071,69.3232000000003
1961,职业,679,0.0071,69.3587000000002
1962,皆,679,0.0071,69.3658000000002
1963,即,679,0.0071,69.3516000000002
1964,发明,679,0.0071,69.3445000000002
1965,产物,679,0.0071,69.3374000000002
1966,一带,679,0.0071,69.3303000000002
1967,损失,678,0.0071,69.3871000000002
1968,般,678,0.0071,69.3729000000002
1969,此时,678,0.0071,69.3800000000002
1970,兼,677,0.0071,69.3942000000002
1971,一方面,677,0.0071,69.4013000000002
1972,方案,676,0.0071,69.4084000000002
1973,不得不,676,0.0071,69.4155000000002
1974,宣布,676,0.0071,69.4226000000002
1975,国民党,675,0.0071,69.4297000000002
1976,久,675,0.0071,69.4368000000002
1977,尽,674,0.0071,69.4439000000002
1978,波,674,0.0071,69.4510000000001
1979,原,674,0.0071,69.4581000000001
1980,快,673,0.007,69.4651000000001
1981,知识分子,672,0.007,69.4791000000002
1982,好,672,0.007,69.4861000000002
1983,杨,672,0.007,69.4721000000002
1984,一旦,670,0.007,69.4931000000002
1985,婚姻,669,0.007,69.5001000000002
1986,主观,668,0.007,69.5071000000002
1987,制,668,0.007,69.5141000000002
1988,当作,668,0.007,69.5211000000002
1989,相等,668,0.007,69.5281000000002
1990,生产关系,668,0.007,69.5351000000002
1991,打击,667,0.007,69.5421000000002
1992,人民群众,667,0.007,69.5491000000002
1993,腰,667,0.007,69.5561000000002
1994,主,666,0.007,69.5631000000002
1995,满,666,0.007,69.5701000000002
1996,冲,665,0.007,69.5841000000002
1997,合成,665,0.007,69.5911000000002
1998,激动,665,0.007,69.5981000000002
1999,母,665,0.007,69.5771000000002
2000,交流,664,0.0069,69.6050000000002
2001,理由,664,0.0069,69.6119000000002
2002,语音,663,0.0069,69.6188000000002
2003,动机,663,0.0069,69.6257000000003
2004,油,663,0.0069,69.6326000000003
2005,有利,662,0.0069,69.6464000000003
2006,善于,662,0.0069,69.6533000000003
2007,苗,662,0.0069,69.6602000000003
2008,上来,662,0.0069,69.6395000000003
2009,氧气,661,0.0069,69.6671000000003
2010,十一,661,0.0069,69.6740000000003
2011,头发,660,0.0069,69.6809000000003
2012,行业,660,0.0069,69.6878000000003
2013,修,660,0.0069,69.6947000000003
2014,娘,659,0.0069,69.7016000000003
2015,十九,657,0.0069,69.7085000000003
2016,心中,657,0.0069,69.7292000000003
2017,广州,657,0.0069,69.7361000000003
2018,主动,657,0.0069,69.7223000000003
2019,思考,657,0.0069,69.7154000000003
2020,台湾,656,0.0069,69.7430000000003
2021,还是,656,0.0069,69.7499000000003
2022,器官,656,0.0069,69.7568000000003
2023,灯,655,0.0069,69.7637000000003
2024,并,655,0.0069,69.7706000000003
2025,说道,654,0.0068,69.7774000000003
2026,口,654,0.0068,69.7842000000003
2027,爹,654,0.0068,69.7910000000003
2028,皮肤,654,0.0068,69.7978000000003
2029,各自,653,0.0068,69.8250000000003
2030,来源,653,0.0068,69.8318000000003
2031,论,653,0.0068,69.8386000000003
2032,几十,653,0.0068,69.8046000000003
2033,只见,653,0.0068,69.8114000000003
2034,敢,653,0.0068,69.8182000000003
2035,毕业,653,0.0068,69.8454000000003
2036,加入,652,0.0068,69.8522000000003
2037,变化,652,0.0068,69.8590000000003
2038,否则,652,0.0068,69.8658000000003
2039,局,652,0.0068,69.8726000000003
2040,本,652,0.0068,69.8794000000003
2041,感染,651,0.0068,69.8862000000003
2042,记载,650,0.0068,69.8930000000003
2043,丝,650,0.0068,69.8998000000003
2044,劳动人民,650,0.0068,69.9066000000003
2045,体积,649,0.0068,69.9270000000002
2046,批准,649,0.0068,69.9134000000003
2047,若干,649,0.0068,69.9202000000002
2048,展开,648,0.0068,69.9542000000002
2049,男女,648,0.0068,69.9338000000002
2050,至今,648,0.0068,69.9406000000002
2051,对待,648,0.0068,69.9474000000002
2052,熟悉,646,0.0068,69.9610000000002
2053,十年,646,0.0068,69.9678000000002
2054,了,646,0.0068,69.9746000000002
2055,稍,646,0.0068,69.9814000000002
2056,其次,646,0.0068,69.9882000000002
2057,菜,645,0.0067,69.9949000000002
2058,男子,644,0.0067,70.0016000000002
2059,幅,644,0.0067,70.0083000000002
2060,热量,644,0.0067,70.0150000000002
2061,圈,643,0.0067,70.0217000000002
2062,薄,643,0.0067,70.0351000000002
2063,练习,643,0.0067,70.0284000000002
2064,局面,642,0.0067,70.0418000000002
2065,国外,642,0.0067,70.0485000000002
2066,鸡,642,0.0067,70.0552000000002
2067,洗,642,0.0067,70.0619000000002
2068,特性,642,0.0067,70.0686000000002
2069,出版,642,0.0067,70.0753000000002
2070,早就,642,0.0067,70.0820000000002
2071,答应,641,0.0067,70.1222000000001
2072,更为,641,0.0067,70.1155000000001
2073,这时,641,0.0067,70.1088000000001
2074,走向,641,0.0067,70.1289000000001
2075,啥,641,0.0067,70.1021000000001
2076,能,641,0.0067,70.0887000000002
2077,到处,641,0.0067,70.0954000000002
2078,至少,640,0.0067,70.1356000000001
2079,官,640,0.0067,70.1423000000001
2080,赵,640,0.0067,70.1490000000001
2081,物资,639,0.0067,70.1624000000001
2082,哪些,639,0.0067,70.1557000000001
2083,估计,638,0.0067,70.1691000000001
2084,蛋白质,638,0.0067,70.1758000000001
2085,制,637,0.0067,70.1825000000001
2086,脑,636,0.0067,70.1892000000001
2087,遭到,636,0.0067,70.1959000000001
2088,奶奶,636,0.0067,70.2026000000001
2089,敌,636,0.0067,70.2093000000001
2090,起义,636,0.0067,70.2160000000001
2091,测量,635,0.0066,70.2358000000001
2092,封,635,0.0066,70.2424000000001
2093,不过,635,0.0066,70.2490000000001
2094,角色,635,0.0066,70.2292000000001
2095,当年,635,0.0066,70.2226000000001
2096,出口,634,0.0066,70.2556000000001
2097,不变,634,0.0066,70.2622000000001
2098,变为,634,0.0066,70.2688000000001
2099,按,633,0.0066,70.2820000000001
2100,双手,633,0.0066,70.2754000000001
2101,赶,632,0.0066,70.2952000000001
2102,一家,632,0.0066,70.3018000000001
2103,周,632,0.0066,70.2886000000001
2104,家,631,0.0066,70.3150000000002
2105,一半,631,0.0066,70.3216000000002
2106,热,631,0.0066,70.3282000000002
2107,假,631,0.0066,70.3348000000002
2108,多年,631,0.0066,70.3084000000001
2109,产业,630,0.0066,70.3414000000002
2110,定律,630,0.0066,70.3480000000002
2111,房间,629,0.0066,70.3546000000002
2112,做好,629,0.0066,70.3612000000002
2113,车间,629,0.0066,70.3678000000002
2114,爬,628,0.0066,70.3810000000002
2115,由此,628,0.0066,70.3876000000002
2116,向前,628,0.0066,70.3744000000002
2117,造,627,0.0066,70.4008000000002
2118,大队,627,0.0066,70.4074000000002
2119,壁,627,0.0066,70.3942000000002
2120,那么,626,0.0066,70.4140000000002
2121,忘记,626,0.0066,70.4206000000002
2122,密度,626,0.0066,70.4272000000003
2123,态,625,0.0065,70.4337000000003
2124,公社,625,0.0065,70.4402000000003
2125,室,624,0.0065,70.4467000000003
2126,模式,624,0.0065,70.4597000000003
2127,奴隶,624,0.0065,70.4532000000003
2128,香港,622,0.0065,70.4662000000003
2129,意,622,0.0065,70.4727000000003
2130,硬,622,0.0065,70.4792000000003
2131,族,622,0.0065,70.4857000000003
2132,种,621,0.0065,70.5052000000003
2133,少数,621,0.0065,70.4922000000003
2134,溶解,621,0.0065,70.4987000000003
2135,智力,621,0.0065,70.5117000000003
2136,服从,620,0.0065,70.5182000000003
2137,固定,620,0.0065,70.5247000000003
2138,和平,620,0.0065,70.5312000000003
2139,英,618,0.0065,70.5377000000003
2140,印度,617,0.0065,70.5572000000003
2141,收入,617,0.0065,70.5442000000003
2142,鸟,617,0.0065,70.5507000000003
2143,起,616,0.0064,70.5828000000003
2144,举,616,0.0064,70.5636000000003
2145,起来,616,0.0064,70.5700000000003
2146,治,616,0.0064,70.5764000000003
2147,怎么样,615,0.0064,70.6212000000003
2148,近代,615,0.0064,70.6148000000003
2149,美,615,0.0064,70.5892000000003
2150,陈,615,0.0064,70.6084000000003
2151,并非,615,0.0064,70.6276000000003
2152,不怕,615,0.0064,70.6020000000003
2153,小组,615,0.0064,70.5956000000003
2154,传,614,0.0064,70.6340000000003
2155,基本上,614,0.0064,70.6404000000003
2156,可以说,614,0.0064,70.6468000000003
2157,科,614,0.0064,70.6532000000003
2158,反射,613,0.0064,70.6660000000003
2159,初期,613,0.0064,70.6724000000003
2160,美元,613,0.0064,70.6596000000003
2161,非洲,612,0.0064,70.6788000000003
2162,传来,612,0.0064,70.6852000000003
2163,最初,612,0.0064,70.6916000000003
2164,语法,612,0.0064,70.6980000000003
2165,白色,612,0.0064,70.7044000000003
2166,粒,612,0.0064,70.7108000000003
2167,彼此,611,0.0064,70.7172000000003
2168,民间,610,0.0064,70.7236000000003
2169,义,610,0.0064,70.7300000000003
2170,还是,610,0.0064,70.7364000000003
2171,季节,609,0.0064,70.7620000000003
2172,春,609,0.0064,70.7556000000003
2173,民,609,0.0064,70.7428000000003
2174,强大,609,0.0064,70.7492000000003
2175,测定,609,0.0064,70.7684000000003
2176,食,608,0.0064,70.7748000000003
2177,遍,608,0.0064,70.7812000000003
2178,监督,608,0.0064,70.7876000000003
2179,感觉,608,0.0064,70.7940000000003
2180,自动,607,0.0064,70.8004000000003
2181,不错,607,0.0064,70.8132000000003
2182,情,607,0.0064,70.8196000000003
2183,农产品,607,0.0064,70.8068000000003
2184,十八,605,0.0063,70.8259000000003
2185,协调,605,0.0063,70.8322000000003
2186,交给,604,0.0063,70.8385000000003
2187,抽,604,0.0063,70.8448000000003
2188,工作者,604,0.0063,70.8511000000003
2189,亿,602,0.0063,70.8574000000003
2190,气温,601,0.0063,70.8700000000002
2191,印象,601,0.0063,70.8637000000003
2192,后者,600,0.0063,70.8763000000002
2193,电压,600,0.0063,70.8826000000002
2194,工,600,0.0063,70.8889000000002
2195,试管,600,0.0063,70.8952000000002
2196,牺牲,599,0.0063,70.9015000000002
2197,冰,599,0.0063,70.9078000000002
2198,股,598,0.0063,70.9141000000002
2199,日,598,0.0063,70.9204000000002
2200,学者,597,0.0062,70.9266000000002
2201,大多数,597,0.0062,70.9328000000002
2202,南京,597,0.0062,70.9390000000002
2203,规范,596,0.0062,70.9638000000003
2204,二氧化碳,596,0.0062,70.9452000000002
2205,一方面,596,0.0062,70.9514000000002
2206,消费者,596,0.0062,70.9576000000003
2207,促使,595,0.0062,70.9700000000003
2208,例子,595,0.0062,70.9762000000003
2209,发射,595,0.0062,70.9824000000003
2210,反复,595,0.0062,70.9886000000003
2211,长江,594,0.0062,71.0010000000003
2212,屋里,594,0.0062,70.9948000000003
2213,纸,593,0.0062,71.0072000000003
2214,脑袋,593,0.0062,71.0134000000003
2215,这时候,591,0.0062,71.0196000000003
2216,文明,591,0.0062,71.0258000000003
2217,困难,591,0.0062,71.0320000000003
2218,平原,591,0.0062,71.0382000000003
2219,纪律,591,0.0062,71.0444000000004
2220,文,590,0.0062,71.0506000000004
2221,报道,590,0.0062,71.0568000000004
2222,小学,589,0.0062,71.0630000000004
2223,时期,589,0.0062,71.0692000000004
2224,干什么,589,0.0062,71.0754000000004
2225,命运,588,0.0062,71.0816000000004
2226,无数,588,0.0062,71.0878000000004
2227,呵,588,0.0062,71.0940000000004
2228,微笑,588,0.0062,71.1002000000004
2229,顺利,588,0.0062,71.1064000000004
2230,目光,588,0.0062,71.1126000000004
2231,沿着,587,0.0061,71.1187000000004
2232,不能不,587,0.0061,71.1248000000004
2233,位于,586,0.0061,71.1492000000004
2234,遗传,586,0.0061,71.1431000000004
2235,尚,586,0.0061,71.1309000000004
2236,红军,586,0.0061,71.1370000000004
2237,联想,585,0.0061,71.1797000000005
2238,揭示,585,0.0061,71.1553000000005
2239,果然,585,0.0061,71.1614000000005
2240,体内,585,0.0061,71.1675000000005
2241,校长,585,0.0061,71.1736000000005
2242,退,584,0.0061,71.1858000000005
2243,有可能,584,0.0061,71.1980000000005
2244,到达,584,0.0061,71.2041000000005
2245,意大利,584,0.0061,71.1919000000005
2246,不如,583,0.0061,71.2102000000005
2247,一会,583,0.0061,71.2163000000005
2248,键,583,0.0061,71.2224000000005
2249,方便,582,0.0061,71.2407000000005
2250,路上,582,0.0061,71.2529000000005
2251,古,582,0.0061,71.2285000000005
2252,氧,582,0.0061,71.2346000000005
2253,博士,582,0.0061,71.2468000000005
2254,岁,581,0.0061,71.2590000000005
2255,粗,581,0.0061,71.2651000000005
2256,片,581,0.0061,71.2712000000005
2257,情节,581,0.0061,71.2773000000005
2258,副,580,0.0061,71.2834000000005
2259,天空,580,0.0061,71.2956000000005
2260,外界,580,0.0061,71.3017000000005
2261,看作,580,0.0061,71.2895000000005
2262,极其,579,0.0061,71.3078000000005
2263,程序,579,0.0061,71.3139000000005
2264,怀疑,579,0.0061,71.3200000000005
2265,粒子,579,0.0061,71.3261000000006
2266,咬,578,0.006,71.3321000000006
2267,画家,578,0.006,71.3381000000006
2268,回,577,0.006,71.3441000000006
2269,抑制,577,0.006,71.3501000000006
2270,绿色,577,0.006,71.3561000000006
2271,紧紧,577,0.006,71.3621000000006
2272,分类,577,0.006,71.3681000000006
2273,各项,577,0.006,71.3741000000006
2274,走出,576,0.006,71.3801000000006
2275,子女,576,0.006,71.3861000000006
2276,北方,575,0.006,71.3921000000006
2277,隔,574,0.006,71.3981000000006
2278,特定,574,0.006,71.4041000000006
2279,开放,574,0.006,71.4101000000006
2280,同志们,574,0.006,71.4161000000006
2281,谈话,573,0.006,71.4461000000006
2282,率,573,0.006,71.4521000000006
2283,平,573,0.006,71.4401000000006
2284,异,573,0.006,71.4281000000006
2285,仪器,573,0.006,71.4221000000006
2286,公斤,573,0.006,71.4581000000006
2287,运动员,573,0.006,71.4341000000006
2288,代,572,0.006,71.4641000000006
2289,统治阶级,572,0.006,71.4701000000006
2290,增大,572,0.006,71.4761000000006
2291,经常,571,0.006,71.4821000000006
2292,照片,570,0.006,71.4881000000006
2293,抢,570,0.006,71.4941000000006
2294,破,569,0.006,71.5001000000006
2295,领,569,0.006,71.5061000000006
2296,基因,569,0.006,71.5121000000006
2297,义务,568,0.0059,71.5180000000006
2298,俄国,568,0.0059,71.5239000000006
2299,鼻子,568,0.0059,71.5298000000005
2300,不想,567,0.0059,71.5357000000005
2301,句子,567,0.0059,71.5416000000005
2302,大声,566,0.0059,71.5534000000005
2303,保存,566,0.0059,71.5475000000005
2304,头脑,565,0.0059,71.5593000000005
2305,跑到,565,0.0059,71.5652000000005
2306,商品经济,565,0.0059,71.5711000000005
2307,建筑,565,0.0059,71.5770000000005
2308,广,564,0.0059,71.5829000000005
2309,制成,563,0.0059,71.6006000000005
2310,凡是,563,0.0059,71.6065000000005
2311,排列,563,0.0059,71.5947000000005
2312,对比,563,0.0059,71.5888000000005
2313,挺,562,0.0059,71.6124000000005
2314,氏族,562,0.0059,71.6183000000005
2315,河,561,0.0059,71.6478000000005
2316,流动,561,0.0059,71.6419000000005
2317,做出,561,0.0059,71.6537000000005
2318,爆发,561,0.0059,71.6242000000005
2319,联系,561,0.0059,71.6360000000005
2320,提到,561,0.0059,71.6301000000005
2321,上去,560,0.0059,71.6596000000005
2322,幼虫,560,0.0059,71.6655000000005
2323,男人,560,0.0059,71.6714000000005
2324,男,560,0.0059,71.6773000000005
2325,红色,559,0.0058,71.6831000000005
2326,间接,559,0.0058,71.6889000000005
2327,纷纷,559,0.0058,71.6947000000005
2328,缺少,558,0.0058,71.7179000000004
2329,示,558,0.0058,71.7121000000004
2330,锻炼,558,0.0058,71.7295000000004
2331,所,558,0.0058,71.7005000000004
2332,早期,558,0.0058,71.7063000000004
2333,着,558,0.0058,71.7237000000004
2334,再也,557,0.0058,71.7585000000004
2335,怎么办,557,0.0058,71.7527000000004
2336,不肯,557,0.0058,71.7469000000004
2337,办公室,557,0.0058,71.7353000000004
2338,中国人,557,0.0058,71.7411000000004
2339,汉语,556,0.0058,71.7875000000003
2340,反而,556,0.0058,71.7643000000004
2341,多数,556,0.0058,71.7701000000004
2342,选,556,0.0058,71.7759000000004
2343,作战,556,0.0058,71.7817000000004
2344,多次,555,0.0058,71.8107000000003
2345,叔叔,555,0.0058,71.8049000000003
2346,正如,555,0.0058,71.7991000000003
2347,描述,555,0.0058,71.7933000000003
2348,激烈,555,0.0058,71.8165000000003
2349,水分,554,0.0058,71.8281000000003
2350,写出,554,0.0058,71.8339000000003
2351,从此,554,0.0058,71.8397000000003
2352,鲁迅,554,0.0058,71.8455000000003
2353,沉重,554,0.0058,71.8223000000003
2354,紧,553,0.0058,71.8745000000003
2355,全身,553,0.0058,71.8861000000002
2356,小姐,553,0.0058,71.8687000000003
2357,球,553,0.0058,71.8629000000003
2358,阶级斗争,553,0.0058,71.8571000000003
2359,班长,553,0.0058,71.8513000000003
2360,企图,553,0.0058,71.8803000000002
2361,引导,552,0.0058,71.9093000000002
2362,武装,552,0.0058,71.9151000000002
2363,频率,552,0.0058,71.9035000000002
2364,进来,552,0.0058,71.8919000000002
2365,象,552,0.0058,71.8977000000002
2366,国务院,551,0.0058,71.9209000000002
2367,颇,551,0.0058,71.9267000000002
2368,繁殖,550,0.0058,71.9325000000002
2369,有机,550,0.0058,71.9383000000002
2370,群体,550,0.0058,71.9441000000002
2371,供给,550,0.0058,71.9499000000002
2372,高级,550,0.0058,71.9557000000002
2373,一点,550,0.0058,71.9615000000002
2374,争,549,0.0057,71.9900000000002
2375,刀,549,0.0057,71.9843000000002
2376,一下子,549,0.0057,71.9957000000002
2377,手中,549,0.0057,71.9729000000002
2378,之所以,549,0.0057,71.9672000000002
2379,六十,549,0.0057,71.9786000000002
2380,不论,548,0.0057,72.0071000000002
2381,整理,548,0.0057,72.0128000000002
2382,污染,548,0.0057,72.0185000000002
2383,学,548,0.0057,72.0014000000002
2384,昆虫,547,0.0057,72.0299000000002
2385,化合物,547,0.0057,72.0356000000002
2386,吸,547,0.0057,72.0242000000002
2387,操作,546,0.0057,72.0413000000002
2388,碗,546,0.0057,72.0470000000002
2389,总统,546,0.0057,72.0527000000002
2390,鲜明,546,0.0057,72.0584000000002
2391,中学,545,0.0057,72.0698000000002
2392,满足,545,0.0057,72.0641000000002
2393,人数,544,0.0057,72.0755000000002
2394,涉及,542,0.0057,72.0812000000003
2395,线段,542,0.0057,72.0869000000003
2396,形状,541,0.0057,72.0926000000003
2397,网,541,0.0057,72.0983000000003
2398,不愿,541,0.0057,72.1040000000003
2399,党委,540,0.0057,72.1268000000003
2400,散,540,0.0057,72.1211000000003
2401,完,540,0.0057,72.1097000000003
2402,一套,540,0.0057,72.1154000000003
2403,相,539,0.0056,72.1380000000003
2404,采,539,0.0056,72.1324000000003
2405,经理,538,0.0056,72.1436000000003
2406,读书,538,0.0056,72.1492000000003
2407,比重,538,0.0056,72.1548000000003
2408,藏,538,0.0056,72.1604000000003
2409,解,537,0.0056,72.1772000000003
2410,变动,537,0.0056,72.1660000000003
2411,严肃,537,0.0056,72.1716000000003
2412,得出,536,0.0056,72.1884000000003
2413,漂亮,536,0.0056,72.1828000000003
2414,初,535,0.0056,72.1940000000003
2415,唉,535,0.0056,72.1996000000003
2416,姐姐,534,0.0056,72.2052000000003
2417,内心,534,0.0056,72.2108000000003
2418,生殖,534,0.0056,72.2164000000003
2419,进口,534,0.0056,72.2220000000003
2420,承担,533,0.0056,72.2388000000003
2421,而已,533,0.0056,72.2444000000003
2422,似,533,0.0056,72.2500000000003
2423,绿,533,0.0056,72.2276000000003
2424,甲,533,0.0056,72.2332000000003
2425,享受,533,0.0056,72.2556000000003
2426,俺,532,0.0056,72.2612000000003
2427,小伙子,532,0.0056,72.2668000000003
2428,热烈,531,0.0056,72.3004000000003
2429,毫无,531,0.0056,72.2724000000003
2430,上级,531,0.0056,72.2948000000003
2431,细菌,531,0.0056,72.3060000000003
2432,对,531,0.0056,72.2892000000003
2433,讲话,531,0.0056,72.2836000000003
2434,民主,531,0.0056,72.2780000000003
2435,国王,530,0.0055,72.3335000000003
2436,明确,530,0.0055,72.3390000000003
2437,一块,530,0.0055,72.3280000000003
2438,作风,530,0.0055,72.3500000000003
2439,两者,530,0.0055,72.3115000000003
2440,类似,530,0.0055,72.3170000000003
2441,相比,530,0.0055,72.3225000000003
2442,缺点,530,0.0055,72.3445000000003
2443,一句话,529,0.0055,72.3720000000003
2444,闪,529,0.0055,72.3665000000003
2445,一眼,529,0.0055,72.3555000000003
2446,的确,529,0.0055,72.3610000000003
2447,空,528,0.0055,72.4050000000003
2448,补,528,0.0055,72.3775000000003
2449,固体,528,0.0055,72.3830000000003
2450,科研,528,0.0055,72.3885000000003
2451,品质,528,0.0055,72.3940000000003
2452,为此,528,0.0055,72.3995000000003
2453,客观,527,0.0055,72.4270000000003
2454,选举,527,0.0055,72.4105000000003
2455,节奏,527,0.0055,72.4160000000003
2456,转动,527,0.0055,72.4215000000003
2457,仅仅,526,0.0055,72.4655000000003
2458,财富,526,0.0055,72.4600000000003
2459,方向,526,0.0055,72.4545000000003
2460,甚至,526,0.0055,72.4490000000003
2461,花,526,0.0055,72.4435000000003
2462,艺术家,526,0.0055,72.4325000000003
2463,放下,526,0.0055,72.4380000000003
2464,羊,525,0.0055,72.4875000000003
2465,有限,525,0.0055,72.4710000000003
2466,那位,525,0.0055,72.4765000000003
2467,故意,525,0.0055,72.4820000000003
2468,依据,524,0.0055,72.5315000000002
2469,投资,524,0.0055,72.5260000000002
2470,耳朵,524,0.0055,72.5150000000002
2471,拿出,524,0.0055,72.5370000000002
2472,圆,524,0.0055,72.4930000000003
2473,职能,524,0.0055,72.5095000000002
2474,课,524,0.0055,72.4985000000002
2475,更是,524,0.0055,72.5040000000002
2476,命令,524,0.0055,72.5205000000002
2477,原有,523,0.0055,72.5425000000002
2478,肌肉,522,0.0055,72.5480000000002
2479,记录,522,0.0055,72.5535000000002
2480,盖,522,0.0055,72.5590000000002
2481,穷,521,0.0055,72.5645000000002
2482,拖,521,0.0055,72.5865000000002
2483,投入,521,0.0055,72.5975000000002
2484,说完,521,0.0055,72.5810000000002
2485,产,521,0.0055,72.5755000000002
2486,直,521,0.0055,72.5700000000002
2487,流行,521,0.0055,72.5920000000002
2488,把握,520,0.0054,72.6407000000002
2489,消除,520,0.0054,72.6461000000002
2490,根据,520,0.0054,72.6353000000002
2491,自然科学,520,0.0054,72.6299000000002
2492,雪,520,0.0054,72.6245000000002
2493,进步,520,0.0054,72.6029000000002
2494,移,520,0.0054,72.6191000000002
2495,问道,520,0.0054,72.6137000000002
2496,劳动,520,0.0054,72.6083000000002
2497,错,519,0.0054,72.6515000000002
2498,出去,519,0.0054,72.6569000000001
2499,设立,519,0.0054,72.6623000000001
2500,局部,519,0.0054,72.6677000000001
2501,乡,518,0.0054,72.7055000000001
2502,浓度,518,0.0054,72.7001000000001
2503,绘画,518,0.0054,72.6947000000001
2504,基督教,518,0.0054,72.6731000000001
2505,信号,518,0.0054,72.7163000000001
2506,上午,518,0.0054,72.7109000000001
2507,或是,518,0.0054,72.6839000000001
2508,调动,518,0.0054,72.6785000000001
2509,挑,518,0.0054,72.6893000000001
2510,进化,517,0.0054,72.7217000000001
2511,棉花,517,0.0054,72.7271000000001
2512,走去,516,0.0054,72.7325000000001
2513,模型,516,0.0054,72.7433000000001
2514,垂直,516,0.0054,72.7487000000001
2515,铜,516,0.0054,72.7379000000001
2516,命令,515,0.0054,72.7541000000001
2517,决心,514,0.0054,72.7595
2518,最多,514,0.0054,72.7649
2519,不清,514,0.0054,72.7703
2520,外部,513,0.0054,72.7919
2521,循环,513,0.0054,72.7757
2522,需求,513,0.0054,72.7811
2523,火车,513,0.0054,72.7865
2524,拥有,512,0.0054,72.8351
2525,各方面,512,0.0054,72.8297
2526,肺,512,0.0054,72.8243
2527,题材,512,0.0054,72.8189
2528,膜,512,0.0054,72.8135
2529,重复,512,0.0054,72.7973
2530,牙,512,0.0054,72.8081
2531,那末,512,0.0054,72.8405
2532,实在,512,0.0054,72.8027
2533,氏,511,0.0053,72.8458
2534,面对,511,0.0053,72.8511
2535,报告,511,0.0053,72.8564
2536,客人,510,0.0053,72.8882
2537,芽,510,0.0053,72.8829
2538,数字,510,0.0053,72.8776
2539,加热,510,0.0053,72.867
2540,公式,510,0.0053,72.8617
2541,文件,510,0.0053,72.8723
2542,抗,509,0.0053,72.9359000000001
2543,从前,509,0.0053,72.8935
2544,他人,509,0.0053,72.8988
2545,打破,509,0.0053,72.9041
2546,加快,509,0.0053,72.9094
2547,保留,509,0.0053,72.9147
2548,建,509,0.0053,72.92
2549,搞好,509,0.0053,72.9253
2550,第四,509,0.0053,72.9306000000001
2551,钢,508,0.0053,72.9518000000001
2552,乃,508,0.0053,72.9412000000001
2553,犯,508,0.0053,72.9465000000001
2554,房,507,0.0053,72.9677000000001
2555,消化,507,0.0053,72.9571000000001
2556,黑暗,507,0.0053,72.9624000000001
2557,够,506,0.0053,72.9730000000001
2558,学术,506,0.0053,72.9783000000001
2559,广东,506,0.0053,72.9836000000001
2560,演,506,0.0053,72.9889000000001
2561,报,506,0.0053,72.9942000000001
2562,尾巴,505,0.0053,73.0419000000002
2563,眼泪,505,0.0053,73.0472000000002
2564,症状,505,0.0053,73.0366000000002
2565,挤,505,0.0053,73.0313000000002
2566,春天,505,0.0053,73.0260000000002
2567,其余,505,0.0053,73.0525000000002
2568,差不多,505,0.0053,73.0048000000001
2569,平行,505,0.0053,73.0207000000001
2570,不良,505,0.0053,73.0154000000001
2571,每次,505,0.0053,72.9995000000001
2572,推广,505,0.0053,73.0101000000001
2573,梦,505,0.0053,73.0578000000002
2574,案件,504,0.0053,73.0843000000002
2575,猫,504,0.0053,73.0790000000002
2576,障碍,504,0.0053,73.0631000000002
2577,体验,504,0.0053,73.0737000000002
2578,页,504,0.0053,73.0896000000002
2579,社会学,504,0.0053,73.0684000000002
2580,必然,503,0.0053,73.0949000000002
2581,信,503,0.0053,73.1002000000002
2582,果,503,0.0053,73.1055000000002
2583,见过,503,0.0053,73.1108000000002
2584,成长,503,0.0053,73.1161000000002
2585,不易,502,0.0053,73.1214000000002
2586,煤,502,0.0053,73.1373000000003
2587,呈现,502,0.0053,73.1320000000003
2588,基金,502,0.0053,73.1267000000003
2589,一番,501,0.0052,73.1425000000003
2590,床上,501,0.0052,73.1477000000003
2591,单纯,501,0.0052,73.1529000000003
2592,遵守,501,0.0052,73.1581000000003
2593,哪个,501,0.0052,73.1633000000003
2594,学会,500,0.0052,73.1789000000003
2595,擦,500,0.0052,73.1685000000003
2596,排,500,0.0052,73.1737000000003
2597,水中,500,0.0052,73.1841000000003
2598,绕,499,0.0052,73.1893000000003
2599,尚未,499,0.0052,73.1945000000003
2600,劝,499,0.0052,73.1997000000003
2601,变革,499,0.0052,73.2049000000003
2602,商店,498,0.0052,73.2309000000003
2603,才能,498,0.0052,73.2257000000003
2604,公路,498,0.0052,73.2361000000003
2605,毕竟,498,0.0052,73.2101000000003
2606,湿,498,0.0052,73.2205000000003
2607,肯定,498,0.0052,73.2153000000003
2608,神秘,497,0.0052,73.2413000000003
2609,照,497,0.0052,73.2465000000003
2610,东北,497,0.0052,73.2517000000003
2611,露出,497,0.0052,73.2569000000003
2612,包,497,0.0052,73.2621000000003
2613,不说,497,0.0052,73.2673000000003
2614,节约,497,0.0052,73.2725000000003
2615,计算机,496,0.0052,73.2933000000003
2616,访问,496,0.0052,73.2881000000003
2617,晚,496,0.0052,73.2777000000003
2618,尊重,496,0.0052,73.2829000000003
2619,量,495,0.0052,73.3245000000003
2620,提倡,495,0.0052,73.2985000000003
2621,工艺,495,0.0052,73.3037000000003
2622,加速,495,0.0052,73.3089000000003
2623,营,495,0.0052,73.3141000000003
2624,构造,495,0.0052,73.3193000000003
2625,背,494,0.0052,73.3297000000003
2626,所有制,494,0.0052,73.3349000000003
2627,林,494,0.0052,73.3401000000003
2628,楼,494,0.0052,73.3453000000003
2629,地理,493,0.0052,73.3765000000004
2630,面貌,493,0.0052,73.3713000000004
2631,夏季,493,0.0052,73.3661000000004
2632,近年来,493,0.0052,73.3817000000004
2633,威胁,493,0.0052,73.3557000000004
2634,转身,493,0.0052,73.3505000000004
2635,现有,493,0.0052,73.3609000000004
2636,食品,492,0.0051,73.4072000000004
2637,照顾,492,0.0051,73.4021000000004
2638,哦,492,0.0051,73.3970000000004
2639,标志,492,0.0051,73.3868000000004
2640,少年,492,0.0051,73.3919000000004
2641,平时,491,0.0051,73.4378000000004
2642,极为,491,0.0051,73.4123000000004
2643,诗人,491,0.0051,73.4174000000004
2644,据说,491,0.0051,73.4225000000004
2645,最终,491,0.0051,73.4276000000004
2646,团体,491,0.0051,73.4327000000004
2647,适合,490,0.0051,73.4531000000003
2648,雾,490,0.0051,73.4429000000003
2649,参与,490,0.0051,73.4480000000003
2650,公有制,490,0.0051,73.4582000000003
2651,除,489,0.0051,73.4633000000003
2652,光线,489,0.0051,73.4684000000003
2653,血液,489,0.0051,73.4735000000003
2654,剩下,489,0.0051,73.4786000000003
2655,引,489,0.0051,73.4837000000003
2656,宽,488,0.0051,73.4888000000003
2657,部,488,0.0051,73.5041000000003
2658,十三,488,0.0051,73.5092000000003
2659,处在,488,0.0051,73.4990000000003
2660,才是,488,0.0051,73.4939000000003
2661,四人帮,487,0.0051,73.5143000000003
2662,木,487,0.0051,73.5194000000003
2663,圆,487,0.0051,73.5245000000003
2664,事实上,486,0.0051,73.5500000000003
2665,龙,486,0.0051,73.5449000000003
2666,回头,486,0.0051,73.5398000000003
2667,最后,486,0.0051,73.5347000000003
2668,不对,486,0.0051,73.5296000000003
2669,医学,486,0.0051,73.5551000000003
2670,几,485,0.0051,73.5602000000003
2671,满意,485,0.0051,73.5653000000003
2672,调,485,0.0051,73.5704000000003
2673,许多,485,0.0051,73.5755000000003
2674,拒绝,485,0.0051,73.5806000000003
2675,骨,485,0.0051,73.5857000000003
2676,似地,485,0.0051,73.5908000000003
2677,灵魂,484,0.0051,73.6214000000003
2678,指示,484,0.0051,73.6163000000003
2679,尽管,484,0.0051,73.6112000000003
2680,妻,484,0.0051,73.6265000000003
2681,十七,484,0.0051,73.6061000000003
2682,药物,484,0.0051,73.5959000000003
2683,眼光,484,0.0051,73.6010000000003
2684,传递,483,0.0051,73.6367000000003
2685,幅,483,0.0051,73.6622000000003
2686,阵,483,0.0051,73.6571000000003
2687,星,483,0.0051,73.6520000000003
2688,基地,483,0.0051,73.6469000000003
2689,小孩,483,0.0051,73.6316000000003
2690,秘密,483,0.0051,73.6418000000003
2691,是的,483,0.0051,73.6673000000003
2692,剂,482,0.005,73.6773000000003
2693,恒星,482,0.005,73.6823000000003
2694,根据地,482,0.005,73.6873000000003
2695,数目,482,0.005,73.6923000000003
2696,天体,482,0.005,73.6973000000003
2697,气,482,0.005,73.7023000000003
2698,衣,482,0.005,73.6723000000003
2699,收购,481,0.005,73.7173000000003
2700,引进,481,0.005,73.7123000000003
2701,像,481,0.005,73.7073000000003
2702,围,480,0.005,73.7223000000002
2703,法制,480,0.005,73.7273000000002
2704,卵,480,0.005,73.7323000000002
2705,愿望,480,0.005,73.7373000000002
2706,大夫,479,0.005,73.7523000000002
2707,定义,479,0.005,73.7423000000002
2708,心灵,479,0.005,73.7473000000002
2709,气氛,479,0.005,73.7573000000002
2710,救,478,0.005,73.7623000000002
2711,送到,478,0.005,73.7673000000002
2712,软,478,0.005,73.7723000000002
2713,进去,477,0.005,73.7973000000002
2714,大门,477,0.005,73.7923000000002
2715,初步,477,0.005,73.7773000000002
2716,所在,477,0.005,73.8073000000002
2717,地图,477,0.005,73.8023000000002
2718,桥,477,0.005,73.7823000000002
2719,愉快,477,0.005,73.7873000000002
2720,善,476,0.005,73.8123000000002
2721,主要,476,0.005,73.8173000000002
2722,预测,475,0.005,73.8373000000001
2723,参观,475,0.005,73.8223000000002
2724,危机,475,0.005,73.8323000000001
2725,蒋,475,0.005,73.8423000000001
2726,顾客,475,0.005,73.8273000000002
2727,探讨,474,0.005,73.8523000000001
2728,命,474,0.005,73.8573000000001
2729,突破,474,0.005,73.8623000000001
2730,常用,474,0.005,73.8473000000001
2731,谈到,473,0.0049,73.8770000000001
2732,居住,473,0.0049,73.8721000000001
2733,大致,473,0.0049,73.8672000000001
2734,切,472,0.0049,73.8819000000001
2735,站起来,472,0.0049,73.8868000000002
2736,丢,472,0.0049,73.8917000000002
2737,国民党,472,0.0049,73.8966000000002
2738,担心,472,0.0049,73.9015000000002
2739,十几,471,0.0049,73.9309000000002
2740,条约,471,0.0049,73.9064000000002
2741,十六,471,0.0049,73.9260000000002
2742,绝不,471,0.0049,73.9358000000002
2743,团长,471,0.0049,73.9211000000002
2744,少数民族,471,0.0049,73.9162000000002
2745,不停,471,0.0049,73.9113000000002
2746,建议,470,0.0049,73.9603000000002
2747,情报,470,0.0049,73.9701000000003
2748,甚,470,0.0049,73.9652000000003
2749,奋斗,470,0.0049,73.9456000000002
2750,社会主义建设,470,0.0049,73.9750000000003
2751,蒸发,470,0.0049,73.9799000000003
2752,传说,470,0.0049,73.9407000000002
2753,贸易,470,0.0049,73.9554000000002
2754,经历,470,0.0049,73.9505000000002
2755,媳妇,469,0.0049,73.9848000000003
2756,屋子,469,0.0049,73.9897000000003
2757,地点,469,0.0049,73.9946000000003
2758,嘴里,468,0.0049,73.9995000000003
2759,领导者,468,0.0049,74.0142000000003
2760,党员,468,0.0049,74.0240000000003
2761,表情,468,0.0049,74.0093000000003
2762,交际,468,0.0049,74.0044000000003
2763,系统,468,0.0049,74.0191000000003
2764,同情,467,0.0049,74.0534000000004
2765,肚子,467,0.0049,74.0583000000004
2766,凭,467,0.0049,74.0485000000004
2767,顿,467,0.0049,74.0632000000004
2768,美术,467,0.0049,74.0289000000003
2769,放心,467,0.0049,74.0436000000004
2770,以便,467,0.0049,74.0338000000003
2771,商量,467,0.0049,74.0387000000003
2772,鬼,466,0.0049,74.0681000000004
2773,技巧,466,0.0049,74.0730000000004
2774,冬季,466,0.0049,74.0779000000004
2775,美好,466,0.0049,74.0828000000004
2776,早晨,466,0.0049,74.0877000000004
2777,智慧,465,0.0049,74.1122000000004
2778,刺,465,0.0049,74.1073000000004
2779,纯,465,0.0049,74.1171000000004
2780,初,465,0.0049,74.1024000000004
2781,屋,465,0.0049,74.0926000000004
2782,装置,465,0.0049,74.0975000000004
2783,吓,465,0.0049,74.1220000000005
2784,连,464,0.0049,74.1318000000005
2785,升高,464,0.0049,74.1367000000005
2786,优良,464,0.0049,74.1416000000005
2787,死,464,0.0049,74.1269000000005
2788,画面,463,0.0048,74.1656000000005
2789,禁止,463,0.0048,74.1704000000005
2790,坐下,463,0.0048,74.1608000000005
2791,以至,463,0.0048,74.1560000000005
2792,碳,463,0.0048,74.1512000000005
2793,王,463,0.0048,74.1464000000005
2794,放出,462,0.0048,74.1752000000005
2795,河流,462,0.0048,74.1944000000005
2796,板,462,0.0048,74.1896000000005
2797,一对,462,0.0048,74.1848000000005
2798,顶,462,0.0048,74.1800000000005
2799,相似,461,0.0048,74.1992000000005
2800,水里,461,0.0048,74.2040000000005
2801,通,460,0.0048,74.2088000000005
2802,成为,460,0.0048,74.2136000000005
2803,燃料,460,0.0048,74.2184000000005
2804,另,460,0.0048,74.2232000000005
2805,大型,459,0.0048,74.2472000000005
2806,周,459,0.0048,74.2520000000005
2807,结,459,0.0048,74.2424000000005
2808,保障,459,0.0048,74.2568000000006
2809,茎,459,0.0048,74.2376000000005
2810,零,459,0.0048,74.2280000000005
2811,拿起,459,0.0048,74.2328000000005
2812,部位,458,0.0048,74.2760000000006
2813,都会,458,0.0048,74.2904000000006
2814,工程师,458,0.0048,74.2856000000006
2815,立场,458,0.0048,74.2616000000006
2816,摆脱,458,0.0048,74.2808000000006
2817,采访,458,0.0048,74.2952000000006
2818,害,458,0.0048,74.2712000000006
2819,公元,458,0.0048,74.2664000000006
2820,只要,457,0.0048,74.3000000000006
2821,式,457,0.0048,74.3048000000006
2822,特色,457,0.0048,74.3096000000006
2823,随时,456,0.0048,74.3240000000006
2824,消极,456,0.0048,74.3288000000006
2825,草原,456,0.0048,74.3336000000006
2826,效应,456,0.0048,74.3192000000006
2827,轴,456,0.0048,74.3144000000006
2828,茶,455,0.0048,74.3432000000006
2829,范畴,455,0.0048,74.3672000000006
2830,钻,455,0.0048,74.3624000000006
2831,伸出,455,0.0048,74.3576000000006
2832,悄悄,455,0.0048,74.3528000000006
2833,不准,455,0.0048,74.3384000000006
2834,曰,455,0.0048,74.3480000000006
2835,增多,455,0.0048,74.3720000000006
2836,灯光,454,0.0048,74.3816000000006
2837,激发,454,0.0048,74.3864000000006
2838,门口,454,0.0048,74.3912000000006
2839,等待,454,0.0048,74.3960000000006
2840,连忙,454,0.0048,74.3768000000006
2841,论,453,0.0047,74.4242000000006
2842,走上,453,0.0047,74.4289000000006
2843,亚洲,453,0.0047,74.4195000000006
2844,碰,453,0.0047,74.4148000000006
2845,足以,453,0.0047,74.4007000000006
2846,相当于,453,0.0047,74.4054000000006
2847,前者,453,0.0047,74.4101000000006
2848,杯,452,0.0047,74.4336000000006
2849,连接,452,0.0047,74.4383000000006
2850,详细,452,0.0047,74.4430000000006
2851,恐怕,452,0.0047,74.4477000000006
2852,青少年,452,0.0047,74.4524000000006
2853,恨,452,0.0047,74.4571000000006
2854,建国,452,0.0047,74.4618000000006
2855,抗日,451,0.0047,74.4853000000006
2856,更新,451,0.0047,74.4806000000006
2857,孔,451,0.0047,74.4900000000006
2858,远远,451,0.0047,74.4712000000006
2859,吴,451,0.0047,74.4665000000006
2860,广阔,451,0.0047,74.4759000000006
2861,肾,450,0.0047,74.5276000000006
2862,垄断,450,0.0047,74.5229000000006
2863,粮,450,0.0047,74.5182000000006
2864,经,450,0.0047,74.5135000000006
2865,首都,450,0.0047,74.4947000000006
2866,紧密,450,0.0047,74.5088000000006
2867,罪,450,0.0047,74.5323000000006
2868,保卫,450,0.0047,74.5041000000006
2869,释放,450,0.0047,74.4994000000006
2870,熟,449,0.0047,74.5370000000006
2871,一面,449,0.0047,74.5417000000006
2872,相关,448,0.0047,74.5464000000006
2873,照,448,0.0047,74.5652000000006
2874,创造性,448,0.0047,74.5699000000006
2875,信仰,448,0.0047,74.5605000000006
2876,说出,448,0.0047,74.5558000000006
2877,开会,448,0.0047,74.5511000000006
2878,天然,447,0.0047,74.5746000000006
2879,群,446,0.0047,74.5793000000006
2880,乙,446,0.0047,74.5840000000006
2881,好处,446,0.0047,74.5887000000006
2882,公开,446,0.0047,74.5934000000006
2883,正好,446,0.0047,74.5981000000006
2884,就是,446,0.0047,74.6028000000006
2885,物价,446,0.0047,74.6075000000006
2886,自从,446,0.0047,74.6122000000006
2887,实验室,445,0.0047,74.6310000000006
2888,另外,445,0.0047,74.6169000000006
2889,朝鲜,445,0.0047,74.6216000000006
2890,完善,445,0.0047,74.6263000000006
2891,货,444,0.0046,74.6356000000006
2892,弟弟,444,0.0046,74.6402000000006
2893,插,444,0.0046,74.6448000000006
2894,宏观,444,0.0046,74.6494000000006
2895,跟,443,0.0046,74.6678000000006
2896,觉,443,0.0046,74.6632000000006
2897,分化,443,0.0046,74.6540000000006
2898,说到,443,0.0046,74.6586000000006
2899,章,442,0.0046,74.6954000000006
2900,情景,442,0.0046,74.6770000000006
2901,队员,442,0.0046,74.6816000000006
2902,儿,442,0.0046,74.6862000000006
2903,反抗,442,0.0046,74.6908000000006
2904,名称,442,0.0046,74.6724000000006
2905,中国共产党,441,0.0046,74.7184000000006
2906,规划,441,0.0046,74.7230000000006
2907,感动,441,0.0046,74.7138000000006
2908,同时,441,0.0046,74.7000000000006
2909,致,441,0.0046,74.7046000000006
2910,处,441,0.0046,74.7092000000006
2911,保,440,0.0046,74.7276000000005
2912,有人,440,0.0046,74.7322000000005
2913,共有,440,0.0046,74.7368000000005
2914,对应,440,0.0046,74.7414000000005
2915,首,440,0.0046,74.7460000000005
2916,打算,440,0.0046,74.7506000000005
2917,固定资产,440,0.0046,74.7552000000005
2918,电荷,439,0.0046,74.7598000000005
2919,什么样,439,0.0046,74.7644000000005
2920,样,438,0.0046,74.7828000000005
2921,客体,438,0.0046,74.7782000000005
2922,热爱,438,0.0046,74.7874000000005
2923,希望,438,0.0046,74.7690000000005
2924,主张,438,0.0046,74.7736000000005
2925,卫星,437,0.0046,74.7920000000005
2926,地形,437,0.0046,74.7966000000005
2927,科学,437,0.0046,74.8012000000005
2928,属性,437,0.0046,74.8058000000005
2929,便于,437,0.0046,74.8104000000005
2930,平静,437,0.0046,74.8150000000005
2931,定理,436,0.0046,74.8196000000005
2932,世界观,436,0.0046,74.8426000000005
2933,可能性,436,0.0046,74.8472000000005
2934,大学生,436,0.0046,74.8380000000005
2935,游,436,0.0046,74.8334000000005
2936,山东,436,0.0046,74.8288000000005
2937,远处,436,0.0046,74.8242000000005
2938,可怜,435,0.0046,74.8564000000004
2939,才能,435,0.0046,74.8840000000004
2940,飞行,435,0.0046,74.8886000000004
2941,依然,435,0.0046,74.8794000000004
2942,夫人,435,0.0046,74.8748000000004
2943,作物,435,0.0046,74.8518000000005
2944,独特,435,0.0046,74.8702000000004
2945,鱼类,435,0.0046,74.8656000000004
2946,大批,435,0.0046,74.8610000000004
2947,建成,434,0.0045,74.8931000000004
2948,乘,434,0.0045,74.8976000000004
2949,深深,434,0.0045,74.9021000000004
2950,忽视,434,0.0045,74.9066000000004
2951,感,434,0.0045,74.9111000000004
2952,灵活,433,0.0045,74.9291000000004
2953,布,433,0.0045,74.9381000000003
2954,违反,433,0.0045,74.9426000000003
2955,尽量,433,0.0045,74.9336000000004
2956,总体,433,0.0045,74.9471000000003
2957,桌子,433,0.0045,74.9156000000004
2958,假如,433,0.0045,74.9246000000004
2959,点,433,0.0045,74.9201000000004
2960,小麦,432,0.0045,74.9516000000003
2961,铁路,432,0.0045,74.9561000000003
2962,硫酸,432,0.0045,74.9606000000003
2963,方程,431,0.0045,75.0011000000002
2964,建筑,431,0.0045,74.9966000000003
2965,只是,431,0.0045,74.9921000000003
2966,新鲜,431,0.0045,74.9876000000003
2967,举办,431,0.0045,75.0056000000002
2968,运行,431,0.0045,74.9831000000003
2969,台,431,0.0045,74.9651000000003
2970,艰苦,431,0.0045,74.9786000000003
2971,年前,431,0.0045,75.0101000000002
2972,浓,431,0.0045,74.9741000000003
2973,常见,431,0.0045,74.9696000000003
2974,道,430,0.0045,75.0371000000002
2975,妹妹,430,0.0045,75.0146000000002
2976,配,430,0.0045,75.0326000000002
2977,崇拜,430,0.0045,75.0416000000002
2978,反革命,430,0.0045,75.0281000000002
2979,痛,430,0.0045,75.0236000000002
2980,还,430,0.0045,75.0191000000002
2981,心脏,429,0.0045,75.0686000000001
2982,好几,429,0.0045,75.0641000000002
2983,否认,429,0.0045,75.0596000000002
2984,渗透,429,0.0045,75.0776000000001
2985,实,429,0.0045,75.0461000000002
2986,封建社会,429,0.0045,75.0551000000002
2987,占领,429,0.0045,75.0731000000001
2988,半天,429,0.0045,75.0506000000002
2989,四川,428,0.0045,75.1136000000001
2990,作为,428,0.0045,75.1091000000001
2991,之类,428,0.0045,75.1046000000001
2992,南部,428,0.0045,75.0821000000001
2993,一方,428,0.0045,75.1001000000001
2994,玉米,428,0.0045,75.1181000000001
2995,得了,428,0.0045,75.0956000000001
2996,关,428,0.0045,75.0911000000001
2997,不用,428,0.0045,75.0866000000001
2998,收到,427,0.0045,75.1451
2999,组成部分,427,0.0045,75.1226000000001
3000,危害,427,0.0045,75.1406
3001,劳动生产率,427,0.0045,75.1496
3002,横,427,0.0045,75.1361
3003,大都,427,0.0045,75.1316
3004,贴,427,0.0045,75.1271000000001
3005,背,426,0.0045,75.1541
3006,将军,426,0.0045,75.1586
3007,生气,426,0.0045,75.1631
3008,纤维,426,0.0045,75.1676
3009,取消,426,0.0045,75.1721
3010,家长,425,0.0044,75.1765
3011,不安,425,0.0044,75.1809
3012,局长,425,0.0044,75.1853
3013,回忆,424,0.0044,75.2161
3014,适宜,424,0.0044,75.2117
3015,主持,424,0.0044,75.2073
3016,害怕,424,0.0044,75.1897
3017,公共,424,0.0044,75.2249
3018,力学,424,0.0044,75.2205
3019,连,424,0.0044,75.1985
3020,挖,424,0.0044,75.1941
3021,缓慢,424,0.0044,75.2029
3022,水面,423,0.0044,75.2601000000001
3023,会计,423,0.0044,75.2557000000001
3024,间,423,0.0044,75.2293
3025,不禁,423,0.0044,75.2513000000001
3026,发扬,423,0.0044,75.2645000000001
3027,节目,423,0.0044,75.2469000000001
3028,社会主义制度,423,0.0044,75.2425
3029,不一定,423,0.0044,75.2381
3030,对称,423,0.0044,75.2337
3031,大脑,422,0.0044,75.2821000000001
3032,亮,422,0.0044,75.2865000000001
3033,前后,422,0.0044,75.2689000000001
3034,缘故,422,0.0044,75.2777000000001
3035,算是,422,0.0044,75.2909000000001
3036,罗马,422,0.0044,75.2733000000001
3037,登记,421,0.0044,75.2953000000001
3038,山区,421,0.0044,75.2997000000001
3039,空中,421,0.0044,75.3041000000001
3040,干涉,420,0.0044,75.3305000000001
3041,获,420,0.0044,75.3085000000001
3042,树木,420,0.0044,75.3261000000001
3043,偏,420,0.0044,75.3349000000001
3044,钢铁,420,0.0044,75.3217000000001
3045,染色体,420,0.0044,75.3173000000001
3046,性能,420,0.0044,75.3129000000001
3047,看看,419,0.0044,75.3569000000002
3048,损害,419,0.0044,75.3393000000001
3049,源,419,0.0044,75.3657000000002
3050,军阀,419,0.0044,75.3613000000002
3051,封建,419,0.0044,75.3525000000001
3052,何,419,0.0044,75.3437000000001
3053,七十,419,0.0044,75.3481000000001
3054,今日,418,0.0044,75.3701000000002
3055,地质,418,0.0044,75.3745000000002
3056,罢,418,0.0044,75.3789000000002
3057,那天,418,0.0044,75.3833000000002
3058,虚,418,0.0044,75.3877000000002
3059,射线,418,0.0044,75.3921000000002
3060,居,417,0.0044,75.4141000000002
3061,应有,417,0.0044,75.4229000000002
3062,急忙,417,0.0044,75.4185000000002
3063,长度,417,0.0044,75.4273000000002
3064,白天,417,0.0044,75.4097000000002
3065,勇敢,417,0.0044,75.3965000000002
3066,家乡,417,0.0044,75.4053000000002
3067,看成,417,0.0044,75.4317000000002
3068,负,417,0.0044,75.4009000000002
3069,防治,416,0.0044,75.4361000000002
3070,氧化,416,0.0044,75.4405000000002
3071,中,415,0.0043,75.4749000000002
3072,先,415,0.0043,75.4448000000002
3073,一代,415,0.0043,75.4706000000002
3074,浅,415,0.0043,75.4792000000002
3075,再次,415,0.0043,75.4663000000002
3076,南方,415,0.0043,75.4620000000002
3077,聪明,415,0.0043,75.4577000000002
3078,异常,415,0.0043,75.4534000000002
3079,协作,415,0.0043,75.4491000000002
3080,测,414,0.0043,75.4964000000002
3081,天下,414,0.0043,75.4921000000002
3082,线圈,414,0.0043,75.4878000000002
3083,厉害,414,0.0043,75.4835000000002
3084,房屋,414,0.0043,75.5007000000002
3085,发行,413,0.0043,75.5050000000002
3086,对,413,0.0043,75.5093000000002
3087,上下,413,0.0043,75.5136000000002
3088,家伙,413,0.0043,75.5179000000002
3089,作用,413,0.0043,75.5222000000002
3090,社会主义社会,413,0.0043,75.5265000000002
3091,缺,412,0.0043,75.5308000000002
3092,予以,412,0.0043,75.5523000000002
3093,守,412,0.0043,75.5566000000002
3094,床,412,0.0043,75.5480000000002
3095,包,412,0.0043,75.5437000000002
3096,手术,412,0.0043,75.5394000000002
3097,实质,412,0.0043,75.5351000000002
3098,磁场,411,0.0043,75.5738000000002
3099,超,411,0.0043,75.5867000000002
3100,动员,411,0.0043,75.5910000000002
3101,词汇,411,0.0043,75.5824000000002
3102,树立,411,0.0043,75.5781000000002
3103,面临,411,0.0043,75.5609000000002
3104,放弃,411,0.0043,75.5695000000002
3105,所谓,411,0.0043,75.5652000000002
3106,描绘,410,0.0043,75.5953000000003
3107,穿过,410,0.0043,75.5996000000003
3108,卫生,410,0.0043,75.6039000000003
3109,不利,410,0.0043,75.6082000000003
3110,朵,410,0.0043,75.6125000000003
3111,活泼,410,0.0043,75.6168000000003
3112,蔬菜,409,0.0043,75.6211000000003
3113,推行,409,0.0043,75.6469000000003
3114,周恩来,409,0.0043,75.6426000000003
3115,怪,409,0.0043,75.6383000000003
3116,本人,409,0.0043,75.6512000000003
3117,大地,409,0.0043,75.6254000000003
3118,夹,409,0.0043,75.6340000000003
3119,环,409,0.0043,75.6297000000003
3120,深入,408,0.0043,75.6856000000003
3121,株,408,0.0043,75.6899000000003
3122,汗,408,0.0043,75.6813000000003
3123,泥,408,0.0043,75.6770000000003
3124,条例,408,0.0043,75.6942000000003
3125,黑色,408,0.0043,75.6727000000003
3126,长大,408,0.0043,75.6684000000003
3127,哥,408,0.0043,75.6641000000003
3128,国民,408,0.0043,75.6555000000003
3129,灭,408,0.0043,75.6598000000003
3130,基层,408,0.0043,75.6985000000003
3131,员,407,0.0043,75.7329000000003
3132,及,407,0.0043,75.7286000000003
3133,考试,407,0.0043,75.7028000000003
3134,研制,407,0.0043,75.7243000000003
3135,有一次,407,0.0043,75.7372000000003
3136,沿海,407,0.0043,75.7200000000003
3137,灌溉,407,0.0043,75.7157000000003
3138,诞生,407,0.0043,75.7114000000003
3139,设想,407,0.0043,75.7071000000003
3140,有一天,406,0.0042,75.7582000000003
3141,当代,406,0.0042,75.7540000000003
3142,微微,406,0.0042,75.7624000000003
3143,暂时,406,0.0042,75.7414000000003
3144,国营,406,0.0042,75.7498000000003
3145,四周,406,0.0042,75.7456000000003
3146,落实,405,0.0042,75.7708000000002
3147,服装,405,0.0042,75.7666000000003
3148,脱,404,0.0042,75.7750000000002
3149,大规模,404,0.0042,75.7792000000002
3150,合作社,404,0.0042,75.7834000000002
3151,均匀,404,0.0042,75.7876000000002
3152,架,403,0.0042,75.7918000000002
3153,取决于,403,0.0042,75.7960000000002
3154,界限,403,0.0042,75.8002000000002
3155,亲切,402,0.0042,75.8212000000002
3156,人群,402,0.0042,75.8170000000002
3157,课程,402,0.0042,75.8296000000002
3158,攻击,402,0.0042,75.8044000000002
3159,得以,402,0.0042,75.8128000000002
3160,晓得,402,0.0042,75.8254000000002
3161,基本建设,402,0.0042,75.8086000000002
3162,进展,401,0.0042,75.8590000000002
3163,包围,401,0.0042,75.8548000000002
3164,不会,401,0.0042,75.8506000000002
3165,暗,401,0.0042,75.8338000000002
3166,不幸,401,0.0042,75.8464000000002
3167,证实,401,0.0042,75.8632000000002
3168,巴黎,401,0.0042,75.8422000000002
3169,抬,401,0.0042,75.8380000000002
3170,行星,400,0.0042,75.8674000000002
3171,工作人员,400,0.0042,75.8716000000002
3172,数据,400,0.0042,75.8758000000002
3173,右手,399,0.0042,75.8926000000002
3174,叙述,399,0.0042,75.8884000000002
3175,职务,399,0.0042,75.8842000000002
3176,血管,399,0.0042,75.8800000000002
3177,精力,399,0.0042,75.8968000000002
3178,双,398,0.0042,75.9010000000002
3179,氮,398,0.0042,75.9052000000002
3180,幻想,398,0.0042,75.9094000000002
3181,法,398,0.0042,75.9136000000002
3182,区分,398,0.0042,75.9178000000002
3183,特有,398,0.0042,75.9220000000002
3184,八十,397,0.0042,75.9262000000002
3185,代,397,0.0042,75.9304000000001
3186,爆炸,397,0.0042,75.9346000000001
3187,粉,396,0.0041,75.9387000000001
3188,塑造,396,0.0041,75.9428000000001
3189,分工,396,0.0041,75.9469000000001
3190,祖先,396,0.0041,75.9510000000001
3191,声,396,0.0041,75.9551000000001
3192,写作,395,0.0041,75.9756000000001
3193,二者,395,0.0041,75.9797000000001
3194,战胜,395,0.0041,75.9715000000001
3195,修改,395,0.0041,75.9592000000001
3196,那边,395,0.0041,75.9674000000001
3197,大伙,395,0.0041,75.9633000000001
3198,假说,394,0.0041,75.9838000000001
3199,立法,394,0.0041,75.9879000000001
3200,议论,394,0.0041,75.9920000000001
3201,光,394,0.0041,75.9961000000001
3202,礼,394,0.0041,76.0002
3203,人人,394,0.0041,76.0043
3204,桌上,394,0.0041,76.0084
3205,过多,393,0.0041,76.0248
3206,完了,393,0.0041,76.0289
3207,社会化,393,0.0041,76.033
3208,搭,393,0.0041,76.0371
3209,湖南,393,0.0041,76.0125
3210,冬,393,0.0041,76.0207
3211,公理,393,0.0041,76.0166
3212,部长,392,0.0041,76.0412
3213,欲,392,0.0041,76.0453
3214,曲线,392,0.0041,76.0494
3215,劲,392,0.0041,76.0535
3216,建设,392,0.0041,76.0576
3217,敲,391,0.0041,76.0821999999999
3218,无疑,391,0.0041,76.0780999999999
3219,技能,391,0.0041,76.0739999999999
3220,赶快,391,0.0041,76.0903999999999
3221,尺度,391,0.0041,76.0698999999999
3222,赶紧,391,0.0041,76.0617
3223,制订,391,0.0041,76.0658
3224,前途,391,0.0041,76.0862999999999
3225,分成,390,0.0041,76.1231999999999
3226,果实,390,0.0041,76.1190999999999
3227,也就是说,390,0.0041,76.1149999999999
3228,秋,390,0.0041,76.0944999999999
3229,饲料,390,0.0041,76.1108999999999
3230,开辟,390,0.0041,76.1272999999999
3231,全世界,390,0.0041,76.1067999999999
3232,老婆,390,0.0041,76.1026999999999
3233,人格,390,0.0041,76.0985999999999
3234,有趣,389,0.0041,76.1600999999998
3235,政党,389,0.0041,76.1559999999998
3236,悲剧,389,0.0041,76.1518999999998
3237,菌,389,0.0041,76.1313999999999
3238,方言,389,0.0041,76.1477999999998
3239,优点,389,0.0041,76.1641999999998
3240,资本主义社会,389,0.0041,76.1436999999998
3241,持续,389,0.0041,76.1395999999998
3242,黄河,389,0.0041,76.1354999999999
3243,习惯,388,0.0041,76.1928999999998
3244,可靠,388,0.0041,76.1887999999998
3245,纠正,388,0.0041,76.1846999999998
3246,牌,388,0.0041,76.1682999999998
3247,股,388,0.0041,76.1805999999998
3248,扶,388,0.0041,76.1969999999998
3249,高温,388,0.0041,76.1764999999998
3250,尺,388,0.0041,76.1723999999998
3251,西北,387,0.004,76.2289999999998
3252,夫妻,387,0.004,76.2249999999998
3253,突然,387,0.004,76.2209999999998
3254,喂,387,0.004,76.2009999999998
3255,卷,387,0.004,76.2369999999998
3256,之内,387,0.004,76.2329999999998
3257,做法,387,0.004,76.2169999999998
3258,老头,387,0.004,76.2129999999998
3259,格,387,0.004,76.2089999999998
3260,点,387,0.004,76.2049999999998
3261,哎,386,0.004,76.2609999999998
3262,一生,386,0.004,76.2569999999998
3263,山上,386,0.004,76.2409999999998
3264,阅读,386,0.004,76.2529999999998
3265,爱国,386,0.004,76.2649999999998
3266,针对,386,0.004,76.2489999999998
3267,海上,386,0.004,76.2449999999998
3268,镇,385,0.004,76.2889999999999
3269,本领,385,0.004,76.2689999999998
3270,业,385,0.004,76.2849999999999
3271,感受,385,0.004,76.2929999999999
3272,混合,385,0.004,76.2969999999999
3273,反正,385,0.004,76.2809999999999
3274,南北,385,0.004,76.2729999999999
3275,之上,385,0.004,76.2769999999999
3276,十四,384,0.004,76.3009999999999
3277,门,384,0.004,76.3049999999999
3278,岩石,384,0.004,76.3089999999999
3279,生活方式,384,0.004,76.3129999999999
3280,围绕,383,0.004,76.3169999999999
3281,温暖,383,0.004,76.3209999999999
3282,大海,383,0.004,76.3249999999999
3283,可爱,383,0.004,76.3289999999999
3284,课题,382,0.004,76.353
3285,氢,382,0.004,76.3489999999999
3286,党中央,382,0.004,76.3329999999999
3287,剥削阶级,382,0.004,76.3449999999999
3288,怀,382,0.004,76.357
3289,论述,382,0.004,76.3409999999999
3290,步骤,382,0.004,76.3369999999999
3291,定额,381,0.004,76.361
3292,背景,381,0.004,76.365
3293,活跃,381,0.004,76.369
3294,合适,381,0.004,76.373
3295,驻,381,0.004,76.377
3296,清,381,0.004,76.381
3297,脸色,381,0.004,76.385
3298,青,381,0.004,76.389
3299,原,380,0.004,76.417
3300,地带,380,0.004,76.413
3301,额,380,0.004,76.409
3302,脖子,380,0.004,76.421
3303,取出,380,0.004,76.393
3304,理,380,0.004,76.401
3305,确立,380,0.004,76.405
3306,丧失,380,0.004,76.397
3307,马,379,0.004,76.425
3308,尖,379,0.004,76.429
3309,下,379,0.004,76.433
3310,捉,379,0.004,76.4370000000001
3311,连长,379,0.004,76.4410000000001
3312,商人,379,0.004,76.4450000000001
3313,意味,379,0.004,76.4490000000001
3314,中的,378,0.004,76.4650000000001
3315,视,378,0.004,76.4690000000001
3316,本,378,0.004,76.4530000000001
3317,所有,378,0.004,76.4770000000001
3318,离婚,378,0.004,76.4730000000001
3319,恶,378,0.004,76.4610000000001
3320,见面,378,0.004,76.4570000000001
3321,分泌,377,0.0039,76.5082000000001
3322,天地,377,0.0039,76.5043000000001
3323,依赖,377,0.0039,76.5004000000001
3324,经济基础,377,0.0039,76.4809000000001
3325,种植,377,0.0039,76.4965000000001
3326,不仅,377,0.0039,76.5121000000001
3327,三中全会,377,0.0039,76.4926000000001
3328,旋转,377,0.0039,76.4887000000001
3329,洞,377,0.0039,76.4848000000001
3330,沿,376,0.0039,76.5277000000001
3331,分散,376,0.0039,76.5316000000001
3332,古老,376,0.0039,76.5394000000001
3333,收缩,376,0.0039,76.5199000000001
3334,平面,376,0.0039,76.5160000000001
3335,答,376,0.0039,76.5238000000001
3336,肯定,376,0.0039,76.5355000000001
3337,相互作用,375,0.0039,76.5433000000001
3338,老爷,375,0.0039,76.5472000000001
3339,碱,375,0.0039,76.5511000000001
3340,尾,375,0.0039,76.5550000000001
3341,函数,375,0.0039,76.5589000000001
3342,练,375,0.0039,76.5628000000001
3343,少量,375,0.0039,76.5667000000001
3344,假设,375,0.0039,76.5706000000001
3345,二百,374,0.0039,76.5940000000002
3346,高原,374,0.0039,76.5901000000001
3347,动手,374,0.0039,76.5862000000001
3348,女性,374,0.0039,76.6018000000002
3349,等到,374,0.0039,76.5745000000001
3350,交往,374,0.0039,76.5823000000001
3351,大娘,374,0.0039,76.5979000000002
3352,岗位,374,0.0039,76.5784000000001
3353,另外,373,0.0039,76.6408000000002
3354,预防,373,0.0039,76.6369000000002
3355,枚,373,0.0039,76.6330000000002
3356,主意,373,0.0039,76.6291000000002
3357,冬天,373,0.0039,76.6057000000002
3358,决议,373,0.0039,76.6252000000002
3359,私人,373,0.0039,76.6447000000002
3360,布置,373,0.0039,76.6213000000002
3361,明,373,0.0039,76.6174000000002
3362,追,373,0.0039,76.6135000000002
3363,办事,373,0.0039,76.6096000000002
3364,门外,372,0.0039,76.6681000000002
3365,限度,372,0.0039,76.6720000000002
3366,部落,372,0.0039,76.6525000000002
3367,率,372,0.0039,76.6642000000002
3368,紧急,372,0.0039,76.6759000000002
3369,火箭,372,0.0039,76.6486000000002
3370,快乐,372,0.0039,76.6603000000002
3371,碰到,372,0.0039,76.6564000000002
3372,生产者,371,0.0039,76.7110000000002
3373,不用,371,0.0039,76.7071000000002
3374,很多,371,0.0039,76.7032000000002
3375,战,371,0.0039,76.6993000000002
3376,镜,371,0.0039,76.6798000000002
3377,末,371,0.0039,76.6954000000002
3378,教材,371,0.0039,76.7149000000002
3379,出于,371,0.0039,76.6915000000002
3380,增产,371,0.0039,76.6876000000002
3381,暴露,371,0.0039,76.6837000000002
3382,法则,370,0.0039,76.7461000000002
3383,领袖,370,0.0039,76.7188000000002
3384,数,370,0.0039,76.7422000000002
3385,随着,370,0.0039,76.7500000000002
3386,既是,370,0.0039,76.7383000000002
3387,教学,370,0.0039,76.7227000000002
3388,干扰,370,0.0039,76.7344000000002
3389,临床,370,0.0039,76.7305000000002
3390,再说,370,0.0039,76.7266000000002
3391,模糊,369,0.0039,76.7539000000002
3392,施,369,0.0039,76.7578000000002
3393,抬起,369,0.0039,76.7617000000002
3394,稀,369,0.0039,76.7656000000002
3395,伤,369,0.0039,76.7695000000002
3396,转换,368,0.0039,76.7968000000002
3397,缩小,368,0.0039,76.7929000000002
3398,大于,368,0.0039,76.7890000000002
3399,场面,368,0.0039,76.7773000000002
3400,仪式,368,0.0039,76.7734000000002
3401,为止,368,0.0039,76.8007000000002
3402,鉴定,368,0.0039,76.7851000000002
3403,射,368,0.0039,76.7812000000002
3404,密,367,0.0038,76.8273000000002
3405,奴隶主,367,0.0038,76.8235000000002
3406,和谐,367,0.0038,76.8197000000002
3407,还是,367,0.0038,76.8159000000002
3408,象是,367,0.0038,76.8045000000002
3409,发光,367,0.0038,76.8121000000002
3410,警察,367,0.0038,76.8311000000002
3411,干燥,367,0.0038,76.8083000000002
3412,现实主义,366,0.0038,76.8387000000002
3413,编,366,0.0038,76.8425000000002
3414,向上,366,0.0038,76.8463000000002
3415,墙,366,0.0038,76.8349000000002
3416,手法,365,0.0038,76.8691000000002
3417,签订,365,0.0038,76.8729000000002
3418,波动,365,0.0038,76.8653000000002
3419,斜,365,0.0038,76.8615000000002
3420,设置,365,0.0038,76.8501000000002
3421,口号,365,0.0038,76.8577000000002
3422,谷,365,0.0038,76.8539000000002
3423,持,364,0.0038,76.8767000000002
3424,浑身,364,0.0038,76.8805000000002
3425,或,364,0.0038,76.8843000000002
3426,头,364,0.0038,76.8881000000002
3427,预备,364,0.0038,76.8919000000002
3428,可怕,364,0.0038,76.8957000000002
3429,整,364,0.0038,76.8995000000002
3430,考,363,0.0038,76.9185000000002
3431,语言学,363,0.0038,76.9223000000002
3432,另外,363,0.0038,76.9147000000002
3433,反应,363,0.0038,76.9261000000002
3434,歌曲,363,0.0038,76.9033000000002
3435,躲,363,0.0038,76.9071000000002
3436,经济体制,363,0.0038,76.9109000000002
3437,离不开,362,0.0038,76.9565000000002
3438,相当,362,0.0038,76.9527000000002
3439,语义,362,0.0038,76.9489000000002
3440,气象,362,0.0038,76.9451000000002
3441,制作,362,0.0038,76.9413000000002
3442,失,362,0.0038,76.9299000000002
3443,养成,362,0.0038,76.9375000000002
3444,蹲,362,0.0038,76.9603000000002
3445,耳,362,0.0038,76.9337000000002
3446,想法,361,0.0038,76.9641000000002
3447,论文,361,0.0038,76.9679000000002
3448,增,361,0.0038,76.9717000000002
3449,尖锐,360,0.0038,76.9755000000002
3450,北部,360,0.0038,76.9983000000001
3451,脑子,360,0.0038,77.0021000000001
3452,呵,360,0.0038,76.9945000000001
3453,铝,360,0.0038,76.9907000000001
3454,号召,360,0.0038,76.9793000000002
3455,物理学,360,0.0038,76.9869000000001
3456,冒,360,0.0038,76.9831000000001
3457,鞋,359,0.0038,77.0059000000001
3458,阻碍,359,0.0038,77.0097000000001
3459,手工业,359,0.0038,77.0135000000001
3460,基本,359,0.0038,77.0173000000001
3461,骑,359,0.0038,77.0211000000001
3462,夜里,359,0.0038,77.0249000000001
3463,安慰,358,0.0037,77.0434000000001
3464,报刊,358,0.0037,77.0323000000001
3465,胖,358,0.0037,77.0471000000001
3466,醒,358,0.0037,77.0508000000001
3467,有的是,358,0.0037,77.0545000000001
3468,岛,358,0.0037,77.0286000000001
3469,收集,358,0.0037,77.0397000000001
3470,微,358,0.0037,77.0360000000001
3471,精神文明,357,0.0037,77.0804000000001
3472,如同,357,0.0037,77.0767000000001
3473,遭受,357,0.0037,77.0730000000001
3474,直径,357,0.0037,77.0693000000001
3475,汉族,357,0.0037,77.0582000000001
3476,清晰,357,0.0037,77.0656000000001
3477,等级,357,0.0037,77.0841
3478,伸,357,0.0037,77.0619000000001
3479,其中,356,0.0037,77.1285
3480,冠军,356,0.0037,77.1248
3481,设施,356,0.0037,77.0878
3482,睡觉,356,0.0037,77.1211
3483,氢气,356,0.0037,77.1322
3484,题,356,0.0037,77.1174
3485,按劳分配,356,0.0037,77.1137
3486,每人,356,0.0037,77.0915
3487,共产党员,356,0.0037,77.11
3488,指导员,356,0.0037,77.1026
3489,约束,356,0.0037,77.0989
3490,象征,356,0.0037,77.0952
3491,区别,356,0.0037,77.1063
3492,后果,355,0.0037,77.1691999999999
3493,招呼,355,0.0037,77.1654999999999
3494,报酬,355,0.0037,77.1359
3495,扩张,355,0.0037,77.1617999999999
3496,中华人民共和国,355,0.0037,77.1728999999999
3497,随后,355,0.0037,77.1580999999999
3498,一身,355,0.0037,77.1765999999999
3499,导线,355,0.0037,77.147
3500,议会,355,0.0037,77.1507
3501,院子,355,0.0037,77.1433
3502,瘦,355,0.0037,77.1396
3503,支援,355,0.0037,77.1544
3504,唯心主义,354,0.0037,77.1802999999999
3505,见解,354,0.0037,77.1839999999999
3506,事故,354,0.0037,77.1876999999999
3507,反之,354,0.0037,77.1913999999999
3508,重量,353,0.0037,77.1950999999999
3509,批发,353,0.0037,77.2135999999999
3510,院长,353,0.0037,77.2172999999999
3511,找出,353,0.0037,77.2098999999999
3512,患,353,0.0037,77.2061999999999
3513,买卖,353,0.0037,77.2024999999999
3514,开口,353,0.0037,77.1987999999999
3515,直,352,0.0037,77.2246999999999
3516,陆地,352,0.0037,77.2579999999998
3517,启发,352,0.0037,77.2616999999998
3518,会上,352,0.0037,77.2542999999998
3519,整顿,352,0.0037,77.2505999999998
3520,一千,352,0.0037,77.2468999999998
3521,效益,352,0.0037,77.2431999999998
3522,东方,352,0.0037,77.2209999999999
3523,大胆,352,0.0037,77.2394999999998
3524,饱和,352,0.0037,77.2357999999998
3525,院,352,0.0037,77.2320999999998
3526,干净,352,0.0037,77.2283999999999
3527,以致,351,0.0037,77.2690999999998
3528,夏天,351,0.0037,77.3060999999997
3529,送给,351,0.0037,77.3134999999997
3530,天上,351,0.0037,77.3023999999997
3531,回来,351,0.0037,77.2986999999998
3532,不许,351,0.0037,77.2949999999998
3533,露,351,0.0037,77.2912999999998
3534,底下,351,0.0037,77.3097999999997
3535,神话,351,0.0037,77.2653999999998
3536,黄色,351,0.0037,77.2875999999998
3537,案,351,0.0037,77.2838999999998
3538,繁荣,351,0.0037,77.2801999999998
3539,延长,351,0.0037,77.2727999999998
3540,这回,351,0.0037,77.2764999999998
3541,沟,350,0.0037,77.3171999999997
3542,一律,350,0.0037,77.3208999999997
3543,法院,350,0.0037,77.3245999999997
3544,滴,350,0.0037,77.3282999999997
3545,倒是,349,0.0037,77.3319999999997
3546,胸,349,0.0037,77.3504999999997
3547,广告,349,0.0037,77.3541999999997
3548,度,349,0.0037,77.3467999999997
3549,走过,349,0.0037,77.3430999999997
3550,拖拉机,349,0.0037,77.3393999999997
3551,唯物主义,349,0.0037,77.3356999999997
3552,生产队,348,0.0036,77.3937999999997
3553,浪费,348,0.0036,77.3901999999997
3554,资格,348,0.0036,77.3865999999997
3555,填,348,0.0036,77.3829999999997
3556,糖,348,0.0036,77.3793999999997
3557,热闹,348,0.0036,77.4009999999998
3558,众多,348,0.0036,77.3577999999997
3559,手指,348,0.0036,77.3757999999997
3560,月亮,348,0.0036,77.3973999999997
3561,叹,348,0.0036,77.3685999999997
3562,托,348,0.0036,77.3649999999997
3563,背后,348,0.0036,77.3613999999997
3564,争论,348,0.0036,77.3721999999997
3565,深处,347,0.0036,77.4297999999998
3566,着急,347,0.0036,77.4333999999998
3567,沉默,347,0.0036,77.4261999999998
3568,意外,347,0.0036,77.4225999999998
3569,毫升,347,0.0036,77.4369999999998
3570,点头,347,0.0036,77.4189999999998
3571,贷款,347,0.0036,77.4153999999998
3572,剧本,347,0.0036,77.4117999999998
3573,系,347,0.0036,77.4045999999998
3574,街道,347,0.0036,77.4081999999998
3575,深度,346,0.0036,77.4585999999998
3576,月球,346,0.0036,77.4729999999999
3577,卷,346,0.0036,77.4693999999999
3578,统治者,346,0.0036,77.4657999999999
3579,名词,346,0.0036,77.4405999999998
3580,感,346,0.0036,77.4621999999999
3581,负责人,346,0.0036,77.4765999999999
3582,味,346,0.0036,77.4549999999998
3583,一口气,346,0.0036,77.4513999999998
3584,临时,346,0.0036,77.4477999999998
3585,蚂蚁,346,0.0036,77.4441999999998
3586,错误,345,0.0036,77.4981999999999
3587,运,345,0.0036,77.4837999999999
3588,掏出,345,0.0036,77.5017999999999
3589,夜晚,345,0.0036,77.5053999999999
3590,高大,345,0.0036,77.5089999999999
3591,患者,345,0.0036,77.4801999999999
3592,嘴唇,345,0.0036,77.4945999999999
3593,乡村,345,0.0036,77.4909999999999
3594,较为,345,0.0036,77.4873999999999
3595,累,344,0.0036,77.5486
3596,机能,344,0.0036,77.545
3597,弦,344,0.0036,77.5414
3598,排斥,344,0.0036,77.5378
3599,不顾,344,0.0036,77.5342
3600,半径,344,0.0036,77.5522
3601,波长,344,0.0036,77.5306
3602,顿时,344,0.0036,77.527
3603,两国,344,0.0036,77.5234
3604,领土,344,0.0036,77.5125999999999
3605,军人,344,0.0036,77.5197999999999
3606,滚,344,0.0036,77.5558
3607,蓝色,344,0.0036,77.5161999999999
3608,着重,343,0.0036,77.5774
3609,评论,343,0.0036,77.5594
3610,月份,343,0.0036,77.5738
3611,太平洋,343,0.0036,77.581
3612,教会,343,0.0036,77.5702
3613,爱人,343,0.0036,77.5666
3614,也好,343,0.0036,77.563
3615,孙,342,0.0036,77.6062000000001
3616,大事,342,0.0036,77.6098000000001
3617,瞪,342,0.0036,77.6026000000001
3618,转向,342,0.0036,77.5990000000001
3619,分开,342,0.0036,77.5882000000001
3620,编制,342,0.0036,77.5954000000001
3621,个人,342,0.0036,77.5846000000001
3622,翅膀,342,0.0036,77.5918000000001
3623,顺序,341,0.0036,77.6314000000001
3624,查,341,0.0036,77.6278000000001
3625,减轻,341,0.0036,77.6242000000001
3626,辩证,341,0.0036,77.6206000000001
3627,固然,341,0.0036,77.6170000000001
3628,鬼子,341,0.0036,77.6134000000001
3629,重力,341,0.0036,77.6350000000001
3630,现实,340,0.0036,77.6962000000002
3631,硅,340,0.0036,77.6926000000002
3632,西欧,340,0.0036,77.6890000000002
3633,优美,340,0.0036,77.6854000000002
3634,委员,340,0.0036,77.6386000000001
3635,进程,340,0.0036,77.6818000000002
3636,目,340,0.0036,77.6998000000002
3637,城里,340,0.0036,77.6782000000002
3638,大多,340,0.0036,77.6746000000002
3639,婴儿,340,0.0036,77.6710000000002
3640,阵地,340,0.0036,77.6422000000001
3641,罢了,340,0.0036,77.6674000000002
3642,请求,340,0.0036,77.6638000000002
3643,友谊,340,0.0036,77.6602000000002
3644,接到,340,0.0036,77.6566000000002
3645,首先,340,0.0036,77.6530000000002
3646,视为,340,0.0036,77.6494000000002
3647,夏,340,0.0036,77.6458000000002
3648,星期,339,0.0035,77.7173000000003
3649,地貌,339,0.0035,77.7138000000002
3650,对不起,339,0.0035,77.7243000000003
3651,在内,339,0.0035,77.7033000000002
3652,那时候,339,0.0035,77.7068000000002
3653,唐代,339,0.0035,77.7103000000002
3654,作业,339,0.0035,77.7208000000003
3655,诊断,338,0.0035,77.7453000000003
3656,年间,338,0.0035,77.7418000000003
3657,马路,338,0.0035,77.7383000000003
3658,办理,338,0.0035,77.7348000000003
3659,甜,338,0.0035,77.7278000000003
3660,副,338,0.0035,77.7313000000003
3661,揭露,338,0.0035,77.7488000000003
3662,西部,337,0.0035,77.7523000000003
3663,镇压,337,0.0035,77.7558000000003
3664,接过,337,0.0035,77.7593000000003
3665,蛇,337,0.0035,77.7628000000003
3666,身份,336,0.0035,77.7803000000003
3667,场所,336,0.0035,77.7768000000003
3668,通知,336,0.0035,77.7663000000003
3669,大人,336,0.0035,77.7873000000003
3670,夺取,336,0.0035,77.7838000000003
3671,自治县,336,0.0035,77.7698000000003
3672,过分,336,0.0035,77.7733000000003
3673,影响,335,0.0035,77.8153000000003
3674,率领,335,0.0035,77.8118000000003
3675,通讯,335,0.0035,77.8083000000003
3676,活,335,0.0035,77.8048000000003
3677,胃,335,0.0035,77.7908000000003
3678,法规,335,0.0035,77.8013000000003
3679,半年,335,0.0035,77.8188000000003
3680,首,335,0.0035,77.7978000000003
3681,无产阶级专政,335,0.0035,77.7943000000003
3682,早,334,0.0035,77.8468000000003
3683,矣,334,0.0035,77.8363000000003
3684,参考,334,0.0035,77.8398000000003
3685,多方面,334,0.0035,77.8433000000003
3686,毫米,334,0.0035,77.8503000000003
3687,姿态,334,0.0035,77.8223000000003
3688,不要,334,0.0035,77.8328000000003
3689,活力,334,0.0035,77.8293000000003
3690,架,334,0.0035,77.8258000000003
3691,症,333,0.0035,77.8853000000004
3692,徐,333,0.0035,77.8923000000004
3693,舞,333,0.0035,77.8888000000004
3694,胜,333,0.0035,77.8818000000004
3695,思索,333,0.0035,77.8783000000004
3696,修养,333,0.0035,77.8748000000004
3697,本市,333,0.0035,77.8958000000004
3698,黄金,333,0.0035,77.8713000000004
3699,膨胀,333,0.0035,77.8678000000004
3700,储存,333,0.0035,77.8643000000004
3701,美学,333,0.0035,77.8538000000003
3702,导体,333,0.0035,77.8608000000004
3703,盘,333,0.0035,77.8993000000004
3704,帽子,333,0.0035,77.8573000000004
3705,时代,332,0.0035,77.9273000000004
3706,磷,332,0.0035,77.9028000000004
3707,模仿,332,0.0035,77.9238000000004
3708,蛋,332,0.0035,77.9308000000004
3709,实物,332,0.0035,77.9203000000004
3710,高,332,0.0035,77.9168000000004
3711,听得,332,0.0035,77.9133000000004
3712,陷入,332,0.0035,77.9098000000004
3713,影子,332,0.0035,77.9063000000004
3714,混乱,331,0.0035,77.9483000000004
3715,改为,331,0.0035,77.9623000000004
3716,居然,331,0.0035,77.9588000000004
3717,审判,331,0.0035,77.9518000000004
3718,遵循,331,0.0035,77.9658000000004
3719,振,331,0.0035,77.9378000000004
3720,教训,331,0.0035,77.9343000000004
3721,最为,331,0.0035,77.9553000000004
3722,有助于,331,0.0035,77.9448000000004
3723,以往,331,0.0035,77.9413000000004
3724,透明,330,0.0035,77.9693000000004
3725,信心,330,0.0035,77.9728000000004
3726,沙漠,330,0.0035,77.9763000000004
3727,研究所,330,0.0035,77.9798000000004
3728,譬如,330,0.0035,77.9833000000004
3729,行使,330,0.0035,77.9868000000004
3730,就业,329,0.0034,78.0072000000004
3731,当事人,329,0.0034,78.0038000000004
3732,机器人,329,0.0034,78.0004000000004
3733,银,329,0.0034,78.0106000000004
3734,舌,329,0.0034,77.9970000000004
3735,存,329,0.0034,77.9902000000004
3736,束缚,329,0.0034,77.9936000000004
3737,预报,328,0.0034,78.0276000000004
3738,栽培,328,0.0034,78.0446000000004
3739,东部,328,0.0034,78.0412000000004
3740,套,328,0.0034,78.0378000000004
3741,盲目,328,0.0034,78.0344000000004
3742,偷,328,0.0034,78.0140000000004
3743,八路军,328,0.0034,78.0310000000004
3744,享有,328,0.0034,78.0480000000004
3745,吐,328,0.0034,78.0242000000004
3746,足,328,0.0034,78.0208000000004
3747,这就是说,328,0.0034,78.0174000000004
3748,演奏,327,0.0034,78.0820000000004
3749,只不过,327,0.0034,78.0888000000004
3750,维生素,327,0.0034,78.0786000000004
3751,泪,327,0.0034,78.0752000000004
3752,成人,327,0.0034,78.0718000000004
3753,带领,327,0.0034,78.0854000000004
3754,舞,327,0.0034,78.0514000000004
3755,战场,327,0.0034,78.0684000000004
3756,梢,327,0.0034,78.0650000000004
3757,二十五,327,0.0034,78.0616000000004
3758,工农业,327,0.0034,78.0548000000004
3759,哈哈,327,0.0034,78.0582000000004
3760,海军,326,0.0034,78.1228000000004
3761,早在,326,0.0034,78.1194000000004
3762,社会主义革命,326,0.0034,78.1160000000004
3763,特务,326,0.0034,78.1126000000004
3764,是否,326,0.0034,78.1092000000004
3765,无限,326,0.0034,78.1262000000004
3766,折,326,0.0034,78.1058000000004
3767,愿,326,0.0034,78.0922000000004
3768,钠,326,0.0034,78.1024000000004
3769,尽可能,326,0.0034,78.1296000000004
3770,默默,326,0.0034,78.0990000000004
3771,提起,326,0.0034,78.0956000000004
3772,民兵,325,0.0034,78.1500000000004
3773,原材料,325,0.0034,78.1330000000004
3774,图形,325,0.0034,78.1466000000004
3775,节日,325,0.0034,78.1534000000004
3776,年纪,325,0.0034,78.1432000000004
3777,报,325,0.0034,78.1398000000004
3778,自治区,325,0.0034,78.1364000000004
3779,水库,324,0.0034,78.1738000000004
3780,负担,324,0.0034,78.1704000000004
3781,载,324,0.0034,78.1568000000004
3782,塑料,324,0.0034,78.1806000000004
3783,较,324,0.0034,78.1772000000004
3784,寿命,324,0.0034,78.1636000000004
3785,乐曲,324,0.0034,78.1602000000004
3786,匹,324,0.0034,78.1670000000004
3787,故乡,323,0.0034,78.2078000000004
3788,老百姓,323,0.0034,78.2044000000004
3789,嗯,323,0.0034,78.2010000000004
3790,西南,323,0.0034,78.1840000000004
3791,卫生,323,0.0034,78.1942000000004
3792,核心,323,0.0034,78.2112000000004
3793,政委,323,0.0034,78.1908000000004
3794,进来,323,0.0034,78.1874000000004
3795,闻,323,0.0034,78.1976000000004
3796,富,322,0.0034,78.2350000000004
3797,注重,322,0.0034,78.2384000000004
3798,工业品,322,0.0034,78.2316000000004
3799,希腊,322,0.0034,78.2282000000004
3800,从小,322,0.0034,78.2146000000004
3801,日军,322,0.0034,78.2248000000004
3802,感谢,322,0.0034,78.2180000000004
3803,林彪,322,0.0034,78.2214000000004
3804,差,321,0.0034,78.2792000000004
3805,太多,321,0.0034,78.2758000000004
3806,自由,321,0.0034,78.2724000000004
3807,毛病,321,0.0034,78.2690000000004
3808,自身,321,0.0034,78.2656000000004
3809,光辉,321,0.0034,78.2622000000004
3810,履行,321,0.0034,78.2826000000004
3811,扑,321,0.0034,78.2418000000004
3812,孤立,321,0.0034,78.2588000000004
3813,冻,321,0.0034,78.2860000000004
3814,缩短,321,0.0034,78.2520000000004
3815,坚定,321,0.0034,78.2486000000004
3816,牛顿,321,0.0034,78.2452000000004
3817,出生,321,0.0034,78.2554000000004
3818,推翻,320,0.0033,78.3124000000003
3819,邓小平,320,0.0033,78.3091000000003
3820,制,320,0.0033,78.3058000000003
3821,革新,320,0.0033,78.2893000000004
3822,年青,320,0.0033,78.2992000000004
3823,喜爱,320,0.0033,78.3157000000003
3824,不曾,320,0.0033,78.2959000000004
3825,英语,320,0.0033,78.2926000000004
3826,有名,320,0.0033,78.3025000000004
3827,勇气,319,0.0033,78.3586000000003
3828,畜,319,0.0033,78.3619000000003
3829,创立,319,0.0033,78.3553000000003
3830,学派,319,0.0033,78.3520000000003
3831,多少,319,0.0033,78.3487000000003
3832,社会制度,319,0.0033,78.3454000000003
3833,志,319,0.0033,78.3421000000003
3834,海面,319,0.0033,78.3190000000003
3835,忙,319,0.0033,78.3388000000003
3836,姓,319,0.0033,78.3355000000003
3837,起源,319,0.0033,78.3322000000003
3838,精确,319,0.0033,78.3289000000003
3839,境界,319,0.0033,78.3256000000003
3840,饲养,319,0.0033,78.3223000000003
3841,静止,318,0.0033,78.3817000000003
3842,最佳,318,0.0033,78.3652000000003
3843,激素,318,0.0033,78.3784000000003
3844,人力,318,0.0033,78.3850000000002
3845,腹,318,0.0033,78.3883000000002
3846,眼里,318,0.0033,78.3751000000003
3847,场合,318,0.0033,78.3718000000003
3848,足够,318,0.0033,78.3685000000003
3849,翻译,317,0.0033,78.3916000000002
3850,亮,317,0.0033,78.3949000000002
3851,叶子,317,0.0033,78.3982000000002
3852,青春,317,0.0033,78.4015000000002
3853,协议,317,0.0033,78.4048000000002
3854,气味,317,0.0033,78.4081000000002
3855,家属,317,0.0033,78.4114000000002
3856,汇报,316,0.0033,78.4312000000002
3857,俩,316,0.0033,78.4279000000002
3858,有的人,316,0.0033,78.4378000000002
3859,没想到,316,0.0033,78.4147000000002
3860,猴,316,0.0033,78.4246000000002
3861,品,316,0.0033,78.4345000000002
3862,或者,316,0.0033,78.4213000000002
3863,总额,316,0.0033,78.4180000000002
3864,冲击,315,0.0033,78.4642000000001
3865,谓,315,0.0033,78.4609000000002
3866,后期,315,0.0033,78.4576000000002
3867,透镜,315,0.0033,78.4411000000002
3868,柱,315,0.0033,78.4543000000002
3869,流,315,0.0033,78.4675000000001
3870,蓝,315,0.0033,78.4510000000002
3871,排除,315,0.0033,78.4477000000002
3872,喜,315,0.0033,78.4444000000002
3873,嘴巴,314,0.0033,78.4840000000001
3874,此刻,314,0.0033,78.4708000000001
3875,境内,314,0.0033,78.4873000000001
3876,加速度,314,0.0033,78.4807000000001
3877,论证,314,0.0033,78.4774000000001
3878,渠道,314,0.0033,78.4741000000001
3879,村里,313,0.0033,78.5236000000001
3880,眼镜,313,0.0033,78.5203000000001
3881,大爷,313,0.0033,78.5170000000001
3882,切实,313,0.0033,78.5137000000001
3883,众人,313,0.0033,78.5104000000001
3884,迫切,313,0.0033,78.5071000000001
3885,老板,313,0.0033,78.4906000000001
3886,鼓舞,313,0.0033,78.5038000000001
3887,冷却,313,0.0033,78.5269000000001
3888,过于,313,0.0033,78.5005000000001
3889,坚强,313,0.0033,78.4972000000001
3890,能否,313,0.0033,78.4939000000001
3891,寒,312,0.0033,78.5302000000001
3892,粉碎,312,0.0033,78.5632
3893,吸附,312,0.0033,78.5665
3894,人士,312,0.0033,78.5599
3895,姓,312,0.0033,78.5566
3896,广西,312,0.0033,78.5533
3897,愤怒,312,0.0033,78.55
3898,自行车,312,0.0033,78.5335000000001
3899,灰,312,0.0033,78.5467
3900,刑法,312,0.0033,78.5434
3901,香,312,0.0033,78.5401000000001
3902,推理,312,0.0033,78.5368000000001
3903,相对,311,0.0033,78.5929
3904,称之为,311,0.0033,78.5896
3905,人民法院,311,0.0033,78.5863
3906,压强,311,0.0033,78.5995
3907,三百,311,0.0033,78.5698
3908,筒,311,0.0033,78.583
3909,重庆,311,0.0033,78.5962
3910,战线,311,0.0033,78.5764
3911,说来,311,0.0033,78.5731
3912,不应,311,0.0033,78.5797
3913,归纳,310,0.0032,78.6283
3914,弹性,310,0.0032,78.6251
3915,盯,310,0.0032,78.6219
3916,堆,310,0.0032,78.6187
3917,东北,310,0.0032,78.6027
3918,棉,310,0.0032,78.6155
3919,还原,310,0.0032,78.6315
3920,好多,310,0.0032,78.6123
3921,外交,310,0.0032,78.6091
3922,市长,310,0.0032,78.6059
3923,必需,309,0.0032,78.6347000000001
3924,混,309,0.0032,78.6635000000001
3925,有权,309,0.0032,78.6667000000001
3926,专门,309,0.0032,78.6603000000001
3927,数值,309,0.0032,78.6571000000001
3928,同样,309,0.0032,78.6539000000001
3929,宿舍,309,0.0032,78.6379000000001
3930,边缘,309,0.0032,78.6507000000001
3931,依据,309,0.0032,78.6475000000001
3932,之一,309,0.0032,78.6411000000001
3933,靠近,309,0.0032,78.6443000000001
3934,方程式,308,0.0032,78.6955000000002
3935,对付,308,0.0032,78.6923000000002
3936,起到,308,0.0032,78.6891000000002
3937,税,308,0.0032,78.6699000000001
3938,电子计算机,308,0.0032,78.7019000000002
3939,交易,308,0.0032,78.6987000000002
3940,口气,308,0.0032,78.6859000000002
3941,门前,308,0.0032,78.6795000000001
3942,基,308,0.0032,78.6763000000001
3943,有机物,308,0.0032,78.6731000000001
3944,杂志,308,0.0032,78.6827000000002
3945,一个,307,0.0032,78.7243000000002
3946,以前,307,0.0032,78.7339000000003
3947,脾气,307,0.0032,78.7307000000003
3948,单独,307,0.0032,78.7275000000002
3949,锋,307,0.0032,78.7211000000002
3950,青蛙,307,0.0032,78.7371000000003
3951,崇高,307,0.0032,78.7179000000002
3952,拿,307,0.0032,78.7051000000002
3953,莫,307,0.0032,78.7147000000002
3954,椅子,307,0.0032,78.7403000000003
3955,欲望,307,0.0032,78.7115000000002
3956,机体,307,0.0032,78.7083000000002
3957,中午,306,0.0032,78.7435000000003
3958,舒服,306,0.0032,78.7531000000003
3959,注视,306,0.0032,78.7563000000003
3960,纲,306,0.0032,78.7499000000003
3961,新疆,306,0.0032,78.7467000000003
3962,减小,305,0.0032,78.7755000000003
3963,四边形,305,0.0032,78.7787000000004
3964,含义,305,0.0032,78.7723000000003
3965,瓶,305,0.0032,78.7851000000004
3966,最低,305,0.0032,78.7595000000003
3967,文化大革命,305,0.0032,78.7691000000003
3968,逼,305,0.0032,78.7627000000003
3969,费,305,0.0032,78.7659000000003
3970,更有,305,0.0032,78.7819000000004
3971,士兵,304,0.0032,78.8171000000004
3972,高潮,304,0.0032,78.8139000000004
3973,遭,304,0.0032,78.8107000000004
3974,海底,304,0.0032,78.8075000000004
3975,学院,304,0.0032,78.7883000000004
3976,得意,304,0.0032,78.8011000000004
3977,字母,304,0.0032,78.8203000000004
3978,随便,304,0.0032,78.7979000000004
3979,来信,304,0.0032,78.7947000000004
3980,旧社会,304,0.0032,78.7915000000004
3981,专,304,0.0032,78.8043000000004
3982,武汉,303,0.0032,78.8491000000005
3983,创新,303,0.0032,78.8523000000005
3984,失望,303,0.0032,78.8459000000005
3985,成了,303,0.0032,78.8427000000005
3986,窗外,303,0.0032,78.8395000000005
3987,谢谢,303,0.0032,78.8235000000005
3988,月,303,0.0032,78.8363000000005
3989,文献,303,0.0032,78.8331000000005
3990,即可,303,0.0032,78.8267000000005
3991,小孩子,303,0.0032,78.8299000000005
3992,侵犯,302,0.0032,78.8875000000006
3993,殖民地,302,0.0032,78.8843000000006
3994,当局,302,0.0032,78.8811000000006
3995,货物,302,0.0032,78.8779000000006
3996,流传,302,0.0032,78.8747000000006
3997,竹,302,0.0032,78.8907000000006
3998,口袋,302,0.0032,78.8555000000005
3999,能不能,302,0.0032,78.8715000000006
4000,利于,302,0.0032,78.8683000000005
4001,闭,302,0.0032,78.8651000000005
4002,城镇,302,0.0032,78.8619000000005
4003,解放军,302,0.0032,78.8587000000005
4004,越南,301,0.0031,78.9217000000006
4005,比赛,301,0.0031,78.9186000000006
4006,国民收入,301,0.0031,78.9155000000006
4007,系数,301,0.0031,78.9124000000006
4008,踏,301,0.0031,78.9093000000006
4009,热带,301,0.0031,78.8938000000006
4010,片面,301,0.0031,78.9062000000006
4011,英勇,301,0.0031,78.9248000000006
4012,有些,301,0.0031,78.9031000000006
4013,积,301,0.0031,78.9000000000006
4014,抬头,301,0.0031,78.8969000000006
4015,闹,300,0.0031,78.9744000000007
4016,摇头,300,0.0031,78.9279000000006
4017,西班牙,300,0.0031,78.9682000000007
4018,平常,300,0.0031,78.9775000000007
4019,水汽,300,0.0031,78.9651000000007
4020,印,300,0.0031,78.9620000000007
4021,嫌,300,0.0031,78.9589000000007
4022,上层建筑,300,0.0031,78.9558000000007
4023,代谢,300,0.0031,78.9527000000007
4024,演变,300,0.0031,78.9310000000006
4025,反动派,300,0.0031,78.9496000000007
4026,阿姨,300,0.0031,78.9465000000007
4027,暖,300,0.0031,78.9434000000007
4028,毫不,300,0.0031,78.9403000000006
4029,夫,300,0.0031,78.9372000000006
4030,输出,300,0.0031,78.9341000000006
4031,完善,300,0.0031,78.9713000000007
4032,兴起,299,0.0031,79.0023000000007
4033,依照,299,0.0031,79.0054000000007
4034,全民所有制,299,0.0031,78.9992000000007
4035,阶级性,299,0.0031,78.9961000000007
4036,女士,299,0.0031,79.0085000000007
4037,赶到,299,0.0031,78.9806000000007
4038,感知,299,0.0031,78.9930000000007
4039,证,299,0.0031,78.9899000000007
4040,黄,299,0.0031,78.9837000000007
4041,天文,299,0.0031,78.9868000000007
4042,到来,298,0.0031,79.0271000000007
4043,工农,298,0.0031,79.0240000000007
4044,池,298,0.0031,79.0209000000007
4045,脚步,298,0.0031,79.0116000000007
4046,沉淀,298,0.0031,79.0178000000007
4047,校,298,0.0031,79.0302000000007
4048,生态,298,0.0031,79.0147000000007
4049,抹,297,0.0031,79.0705000000008
4050,上去,297,0.0031,79.0674000000008
4051,可惜,297,0.0031,79.0333000000008
4052,竟然,297,0.0031,79.0643000000008
4053,重要性,297,0.0031,79.0736000000008
4054,北平,297,0.0031,79.0612000000008
4055,知觉,297,0.0031,79.0581000000008
4056,集,297,0.0031,79.0550000000008
4057,辩证法,297,0.0031,79.0364000000008
4058,肝,297,0.0031,79.0519000000008
4059,投,297,0.0031,79.0457000000008
4060,开花,297,0.0031,79.0426000000008
4061,晒,297,0.0031,79.0395000000008
4062,从中,297,0.0031,79.0488000000008
4063,缺陷,296,0.0031,79.0798000000008
4064,因子,296,0.0031,79.0953000000008
4065,相继,296,0.0031,79.0922000000008
4066,边,296,0.0031,79.0891000000008
4067,不远,296,0.0031,79.0984000000008
4068,民众,296,0.0031,79.0767000000008
4069,经历,296,0.0031,79.0860000000008
4070,县委,296,0.0031,79.0829000000008
4071,原子核,295,0.0031,79.1294000000009
4072,无力,295,0.0031,79.1325000000009
4073,还不是,295,0.0031,79.1263000000009
4074,仍是,295,0.0031,79.1232000000008
4075,逃,295,0.0031,79.1201000000008
4076,妨碍,295,0.0031,79.1356000000009
4077,寸,295,0.0031,79.1170000000008
4078,律,295,0.0031,79.1139000000008
4079,事务,295,0.0031,79.1108000000008
4080,施工,295,0.0031,79.1077000000008
4081,恋爱,295,0.0031,79.1015000000008
4082,透过,295,0.0031,79.1046000000008
4083,吸取,294,0.0031,79.1480000000009
4084,然,294,0.0031,79.1573000000009
4085,进,294,0.0031,79.1542000000009
4086,产值,294,0.0031,79.1387000000009
4087,厂里,294,0.0031,79.1511000000009
4088,理智,294,0.0031,79.1604000000009
4089,意象,294,0.0031,79.1449000000009
4090,肥料,294,0.0031,79.1418000000009
4091,汉字,293,0.0031,79.1852000000009
4092,可达,293,0.0031,79.1945000000009
4093,纪念,293,0.0031,79.1914000000009
4094,抵抗,293,0.0031,79.1883000000009
4095,国情,293,0.0031,79.1666000000009
4096,总数,293,0.0031,79.1821000000009
4097,不免,293,0.0031,79.1976000000009
4098,改良,293,0.0031,79.1635000000009
4099,电场,293,0.0031,79.1790000000009
4100,出门,293,0.0031,79.1759000000009
4101,界,293,0.0031,79.1728000000009
4102,某个,293,0.0031,79.1697000000009
4103,假定,292,0.0031,79.241000000001
4104,单一,292,0.0031,79.237900000001
4105,降水,292,0.0031,79.234800000001
4106,开拓,292,0.0031,79.231700000001
4107,未能,292,0.0031,79.228600000001
4108,不时,292,0.0031,79.225500000001
4109,扯,292,0.0031,79.222400000001
4110,争夺,292,0.0031,79.2007000000009
4111,审查,292,0.0031,79.219300000001
4112,树上,292,0.0031,79.244100000001
4113,乐器,292,0.0031,79.216200000001
4114,功率,292,0.0031,79.2131000000009
4115,一向,292,0.0031,79.2100000000009
4116,老鼠,292,0.0031,79.2069000000009
4117,墙上,292,0.0031,79.2038000000009
4118,一下,291,0.003,79.280100000001
4119,耐,291,0.003,79.283100000001
4120,竞赛,291,0.003,79.277100000001
4121,迟,291,0.003,79.274100000001
4122,输入,291,0.003,79.271100000001
4123,富裕,291,0.003,79.268100000001
4124,流域,291,0.003,79.286100000001
4125,余,291,0.003,79.247100000001
4126,端,291,0.003,79.265100000001
4127,地层,291,0.003,79.262100000001
4128,指定,291,0.003,79.259100000001
4129,熟练,291,0.003,79.256100000001
4130,收拾,291,0.003,79.250100000001
4131,鸟类,291,0.003,79.253100000001
4132,讲究,290,0.003,79.316100000001
4133,井,290,0.003,79.349100000001
4134,艘,290,0.003,79.328100000001
4135,拥护,290,0.003,79.322100000001
4136,虎,290,0.003,79.334100000001
4137,行,290,0.003,79.337100000001
4138,动摇,290,0.003,79.340100000001
4139,光谱,290,0.003,79.343100000001
4140,市委,290,0.003,79.346100000001
4141,溶,290,0.003,79.313100000001
4142,伸手,290,0.003,79.331100000001
4143,经费,290,0.003,79.325100000001
4144,埋,290,0.003,79.292100000001
4145,割,290,0.003,79.295100000001
4146,年轻人,290,0.003,79.298100000001
4147,有害,290,0.003,79.301100000001
4148,低于,290,0.003,79.304100000001
4149,明亮,290,0.003,79.307100000001
4150,亲,290,0.003,79.319100000001
4151,牙齿,290,0.003,79.310100000001
4152,寂寞,290,0.003,79.289100000001
4153,整齐,289,0.003,79.382100000001
4154,登,289,0.003,79.379100000001
4155,脂肪,289,0.003,79.376100000001
4156,人间,289,0.003,79.373100000001
4157,酶,289,0.003,79.370100000001
4158,申请,289,0.003,79.388100000001
4159,迷信,289,0.003,79.352100000001
4160,酸,289,0.003,79.367100000001
4161,瞅,289,0.003,79.385100000001
4162,酸,289,0.003,79.361100000001
4163,矿,289,0.003,79.358100000001
4164,理论上,289,0.003,79.355100000001
4165,特权,289,0.003,79.364100000001
4166,由此可见,288,0.003,79.418100000001
4167,体力,288,0.003,79.415100000001
4168,金融,288,0.003,79.412100000001
4169,现场,288,0.003,79.409100000001
4170,社会生产力,288,0.003,79.391100000001
4171,高山,288,0.003,79.403100000001
4172,老,288,0.003,79.421100000001
4173,婆婆,288,0.003,79.400100000001
4174,潜力,288,0.003,79.397100000001
4175,水稻,288,0.003,79.394100000001
4176,足,288,0.003,79.406100000001
4177,盆,287,0.003,79.454100000001
4178,强迫,287,0.003,79.457100000001
4179,大力,287,0.003,79.451100000001
4180,对流,287,0.003,79.448100000001
4181,赞成,287,0.003,79.445100000001
4182,减,287,0.003,79.442100000001
4183,不满,287,0.003,79.424100000001
4184,因,287,0.003,79.439100000001
4185,室内,287,0.003,79.436100000001
4186,夫妇,287,0.003,79.433100000001
4187,老是,287,0.003,79.427100000001
4188,信任,287,0.003,79.430100000001
4189,实力,286,0.003,79.484100000001
4190,主力,286,0.003,79.493100000001
4191,壳,286,0.003,79.463100000001
4192,西藏,286,0.003,79.487100000001
4193,树枝,286,0.003,79.496100000001
4194,猴子,286,0.003,79.481100000001
4195,街上,286,0.003,79.490100000001
4196,培训,286,0.003,79.460100000001
4197,有用,286,0.003,79.478100000001
4198,地震,286,0.003,79.475100000001
4199,老太太,286,0.003,79.472100000001
4200,认,286,0.003,79.469100000001
4201,唐,286,0.003,79.466100000001
4202,田,285,0.003,79.532100000001
4203,再现,285,0.003,79.529100000001
4204,剧烈,285,0.003,79.526100000001
4205,搬,285,0.003,79.523100000001
4206,浪漫主义,285,0.003,79.520100000001
4207,佛,285,0.003,79.499100000001
4208,扎,285,0.003,79.517100000001
4209,毛泽东思想,285,0.003,79.535100000001
4210,云南,285,0.003,79.514100000001
4211,每当,285,0.003,79.511100000001
4212,而是,285,0.003,79.508100000001
4213,减弱,285,0.003,79.505100000001
4214,意识到,285,0.003,79.502100000001
4215,电报,284,0.003,79.562100000001
4216,父,284,0.003,79.571100000001
4217,舆论,284,0.003,79.565100000001
4218,古典,284,0.003,79.559100000001
4219,高压,284,0.003,79.556100000001
4220,风俗,284,0.003,79.574100000001
4221,人性,284,0.003,79.538100000001
4222,饿,284,0.003,79.553100000001
4223,说,284,0.003,79.550100000001
4224,划,284,0.003,79.541100000001
4225,铺,284,0.003,79.547100000001
4226,台上,284,0.003,79.568100000001
4227,扩展,284,0.003,79.544100000001
4228,毕业生,283,0.003,79.601100000001
4229,十月,283,0.003,79.598100000001
4230,显微镜,283,0.003,79.595100000001
4231,赤道,283,0.003,79.592100000001
4232,可见,283,0.003,79.607100000001
4233,湖,283,0.003,79.589100000001
4234,汤,283,0.003,79.586100000001
4235,性状,283,0.003,79.583100000001
4236,灌,283,0.003,79.577100000001
4237,陪,283,0.003,79.580100000001
4238,噢,283,0.003,79.604100000001
4239,实践,282,0.003,79.628100000001
4240,提前,282,0.003,79.625100000001
4241,专政,282,0.003,79.622100000001
4242,令人,282,0.003,79.610100000001
4243,支付,282,0.003,79.619100000001
4244,火焰,282,0.003,79.631100000001
4245,共和国,282,0.003,79.616100000001
4246,理性,282,0.003,79.613100000001
4247,欢乐,281,0.0029,79.674600000001
4248,病毒,281,0.0029,79.671700000001
4249,尺,281,0.0029,79.668800000001
4250,曲,281,0.0029,79.665900000001
4251,所有权,281,0.0029,79.663000000001
4252,拨,281,0.0029,79.660100000001
4253,握,281,0.0029,79.657200000001
4254,奖励,281,0.0029,79.6775000000009
4255,向着,281,0.0029,79.634000000001
4256,日,281,0.0029,79.645600000001
4257,不太,281,0.0029,79.648500000001
4258,勉强,281,0.0029,79.654300000001
4259,盐酸,281,0.0029,79.642700000001
4260,只得,281,0.0029,79.639800000001
4261,派人,281,0.0029,79.636900000001
4262,略,281,0.0029,79.651400000001
4263,挨,280,0.0029,79.7239000000009
4264,沙发,280,0.0029,79.7210000000009
4265,普及,280,0.0029,79.7181000000009
4266,互,280,0.0029,79.7152000000009
4267,设法,280,0.0029,79.7123000000009
4268,青年人,280,0.0029,79.7094000000009
4269,有益,280,0.0029,79.7007000000009
4270,友好,280,0.0029,79.7065000000009
4271,计划,280,0.0029,79.7268000000009
4272,侧,280,0.0029,79.6804000000009
4273,重,280,0.0029,79.6833000000009
4274,乎,280,0.0029,79.6862000000009
4275,神情,280,0.0029,79.6891000000009
4276,骨干,280,0.0029,79.6920000000009
4277,气质,280,0.0029,79.6949000000009
4278,大洋,280,0.0029,79.7036000000009
4279,挣扎,280,0.0029,79.6978000000009
4280,两侧,279,0.0029,79.7558000000009
4281,歇,279,0.0029,79.7529000000009
4282,淡,279,0.0029,79.7500000000009
4283,播种,279,0.0029,79.7471000000009
4284,近似,279,0.0029,79.7616000000009
4285,敏感,279,0.0029,79.7297000000009
4286,领导人,279,0.0029,79.7442000000009
4287,融合,279,0.0029,79.7587000000009
4288,身后,279,0.0029,79.7384000000009
4289,地壳,279,0.0029,79.7355000000009
4290,寄生,279,0.0029,79.7326000000009
4291,车子,279,0.0029,79.7413000000009
4292,五月,278,0.0029,79.7993000000008
4293,推进,278,0.0029,79.7935000000008
4294,偶然,278,0.0029,79.8051000000008
4295,出席,278,0.0029,79.8080000000008
4296,传达,278,0.0029,79.8109000000008
4297,嫂,278,0.0029,79.8138000000008
4298,放到,278,0.0029,79.8167000000008
4299,身旁,278,0.0029,79.8196000000008
4300,大哥,278,0.0029,79.8022000000008
4301,所得,278,0.0029,79.7819000000008
4302,脚下,278,0.0029,79.7674000000008
4303,世纪末,278,0.0029,79.7964000000008
4304,斗,278,0.0029,79.7703000000008
4305,用不着,278,0.0029,79.7732000000008
4306,防,278,0.0029,79.7761000000008
4307,左手,278,0.0029,79.7906000000008
4308,近,278,0.0029,79.7790000000008
4309,继,278,0.0029,79.7645000000009
4310,叫人,278,0.0029,79.7848000000008
4311,削弱,278,0.0029,79.7877000000008
4312,二十四,277,0.0029,79.8399000000008
4313,成功,277,0.0029,79.8515000000008
4314,兵力,277,0.0029,79.8486000000008
4315,艰难,277,0.0029,79.8370000000008
4316,官员,277,0.0029,79.8428000000008
4317,农,277,0.0029,79.8544000000008
4318,帝国,277,0.0029,79.8457000000008
4319,显,277,0.0029,79.8225000000008
4320,主导,277,0.0029,79.8341000000008
4321,电灯,277,0.0029,79.8312000000008
4322,夜间,277,0.0029,79.8283000000008
4323,光合作用,277,0.0029,79.8254000000008
4324,食盐,276,0.0029,79.8747000000007
4325,沉思,276,0.0029,79.8718000000007
4326,业余,276,0.0029,79.8573000000007
4327,此种,276,0.0029,79.8689000000007
4328,景象,276,0.0029,79.8776000000007
4329,残酷,276,0.0029,79.8660000000007
4330,命题,276,0.0029,79.8631000000007
4331,陆续,276,0.0029,79.8602000000007
4332,税收,275,0.0029,79.9008000000007
4333,剩,275,0.0029,79.8834000000007
4334,补偿,275,0.0029,79.8979000000007
4335,超越,275,0.0029,79.9037000000007
4336,工夫,275,0.0029,79.8950000000007
4337,沟通,275,0.0029,79.8805000000007
4338,害虫,275,0.0029,79.8921000000007
4339,日本人,275,0.0029,79.8892000000007
4340,工业生产,275,0.0029,79.8863000000007
4341,合法,274,0.0029,79.9327000000007
4342,匆匆,274,0.0029,79.9095000000007
4343,林,274,0.0029,79.9472000000006
4344,旅行,274,0.0029,79.9530000000006
4345,自已,274,0.0029,79.9443000000007
4346,工会,274,0.0029,79.9414000000007
4347,诗歌,274,0.0029,79.9385000000007
4348,山坡,274,0.0029,79.9356000000007
4349,任意,274,0.0029,79.9501000000006
4350,过,274,0.0029,79.9066000000007
4351,城乡,274,0.0029,79.9298000000007
4352,客,274,0.0029,79.9269000000007
4353,劳力,274,0.0029,79.9240000000007
4354,乃至,274,0.0029,79.9211000000007
4355,家族,274,0.0029,79.9182000000007
4356,进而,274,0.0029,79.9153000000007
4357,解除,274,0.0029,79.9124000000007
4358,何况,273,0.0029,79.9965000000006
4359,司机,273,0.0029,79.9907000000006
4360,家中,273,0.0029,79.9936000000006
4361,好,273,0.0029,79.9994000000006
4362,送来,273,0.0029,80.0023000000006
4363,不然,273,0.0029,80.0168000000006
4364,干旱,273,0.0029,80.0052000000006
4365,袁世凯,273,0.0029,80.0081000000006
4366,被迫,273,0.0029,80.0110000000006
4367,停留,273,0.0029,80.0139000000006
4368,管辖,273,0.0029,80.0197000000006
4369,直觉,273,0.0029,79.9820000000006
4370,披,273,0.0029,79.9559000000006
4371,大姐,273,0.0029,79.9588000000006
4372,修理,273,0.0029,79.9617000000006
4373,影片,273,0.0029,79.9646000000006
4374,贵,273,0.0029,79.9675000000006
4375,没人,273,0.0029,79.9704000000006
4376,赴,273,0.0029,79.9733000000006
4377,最小,273,0.0029,79.9791000000006
4378,功夫,273,0.0029,79.9849000000006
4379,支出,273,0.0029,79.9878000000006
4380,丈,273,0.0029,79.9762000000006
4381,苹果,272,0.0028,80.0561000000005
4382,协助,272,0.0028,80.0505000000005
4383,鸡蛋,272,0.0028,80.0589000000005
4384,冯,272,0.0028,80.0617000000005
4385,气流,272,0.0028,80.0645000000005
4386,宝贵,272,0.0028,80.0673000000005
4387,煤炭,272,0.0028,80.0701000000005
4388,清醒,272,0.0028,80.0729000000004
4389,集体所有制,272,0.0028,80.0449000000005
4390,遇,272,0.0028,80.0757000000004
4391,微观,272,0.0028,80.0533000000005
4392,八月,272,0.0028,80.0421000000005
4393,坡,272,0.0028,80.0253000000006
4394,自已,272,0.0028,80.0281000000005
4395,引力,272,0.0028,80.0309000000005
4396,美感,272,0.0028,80.0337000000005
4397,乐,272,0.0028,80.0365000000005
4398,船舶,272,0.0028,80.0477000000005
4399,会,272,0.0028,80.0393000000005
4400,安静,272,0.0028,80.0225000000006
4401,纯粹,271,0.0028,80.1233000000003
4402,私有制,271,0.0028,80.0813000000004
4403,即将,271,0.0028,80.1205000000003
4404,背着,271,0.0028,80.1289000000003
4405,战术,271,0.0028,80.1177000000003
4406,现,271,0.0028,80.1149000000003
4407,笑容,271,0.0028,80.1121000000004
4408,结晶,271,0.0028,80.1093000000004
4409,进去,271,0.0028,80.1065000000004
4410,店,271,0.0028,80.1261000000003
4411,力气,271,0.0028,80.0785000000004
4412,造型,271,0.0028,80.1009000000004
4413,沙,271,0.0028,80.0981000000004
4414,棒,271,0.0028,80.0953000000004
4415,透,271,0.0028,80.0925000000004
4416,应,271,0.0028,80.0897000000004
4417,选手,271,0.0028,80.0841000000004
4418,鼠,271,0.0028,80.1037000000004
4419,报道,271,0.0028,80.0869000000004
4420,利,270,0.0028,80.1597000000002
4421,公布,270,0.0028,80.1569000000002
4422,消费品,270,0.0028,80.1541000000003
4423,词义,270,0.0028,80.1317000000003
4424,刻,270,0.0028,80.1513000000003
4425,沉积,270,0.0028,80.1625000000002
4426,中部,270,0.0028,80.1485000000003
4427,本能,270,0.0028,80.1457000000003
4428,培育,270,0.0028,80.1429000000003
4429,置,270,0.0028,80.1401000000003
4430,仓库,270,0.0028,80.1373000000003
4431,缩,270,0.0028,80.1345000000003
4432,垂,269,0.0028,80.1933000000002
4433,征服,269,0.0028,80.1905000000002
4434,严,269,0.0028,80.1877000000002
4435,台风,269,0.0028,80.1849000000002
4436,乡镇企业,269,0.0028,80.1821000000002
4437,电源,269,0.0028,80.1989000000002
4438,气压,269,0.0028,80.1653000000002
4439,布局,269,0.0028,80.1793000000002
4440,萌发,269,0.0028,80.1709000000002
4441,十万,269,0.0028,80.1737000000002
4442,社会关系,269,0.0028,80.1961000000002
4443,千米,269,0.0028,80.1681000000002
4444,雷锋,269,0.0028,80.1765000000002
4445,阐述,268,0.0028,80.2213000000001
4446,杂交,268,0.0028,80.2185000000001
4447,忍不住,268,0.0028,80.2157000000001
4448,顺着,268,0.0028,80.2017000000001
4449,爷,268,0.0028,80.2129000000001
4450,告,268,0.0028,80.2241000000001
4451,全局,268,0.0028,80.2101000000001
4452,珍贵,268,0.0028,80.2073000000001
4453,旗,268,0.0028,80.2045000000001
4454,轮,267,0.0028,80.2549
4455,铀,267,0.0028,80.2437
4456,汉,267,0.0028,80.2577
4457,用力,267,0.0028,80.2521
4458,一块,267,0.0028,80.2493
4459,司令,267,0.0028,80.2465
4460,用户,267,0.0028,80.2633
4461,各种各样,267,0.0028,80.2269000000001
4462,沿岸,267,0.0028,80.2409000000001
4463,他俩,267,0.0028,80.2381000000001
4464,富有,267,0.0028,80.2297000000001
4465,郭,267,0.0028,80.2353000000001
4466,育,267,0.0028,80.2605
4467,全都,267,0.0028,80.2325000000001
4468,感应,266,0.0028,80.3024999999999
4469,和尚,266,0.0028,80.2996999999999
4470,走路,266,0.0028,80.2968999999999
4471,变迁,266,0.0028,80.2940999999999
4472,偷偷,266,0.0028,80.2912999999999
4473,因果,266,0.0028,80.2884999999999
4474,曲折,266,0.0028,80.3052999999999
4475,关系,266,0.0028,80.2801
4476,阶层,266,0.0028,80.2661
4477,不宜,266,0.0028,80.3080999999999
4478,寻,266,0.0028,80.2689
4479,陈毅,266,0.0028,80.2717
4480,雌,266,0.0028,80.2745
4481,蒙古,266,0.0028,80.2856999999999
4482,舅舅,266,0.0028,80.2773
4483,孙中山,266,0.0028,80.2829
4484,动态,265,0.0028,80.3556999999998
4485,模范,265,0.0028,80.3528999999998
4486,发言,265,0.0028,80.3500999999998
4487,高于,265,0.0028,80.3472999999998
4488,常,265,0.0028,80.3444999999998
4489,山地,265,0.0028,80.3416999999998
4490,答案,265,0.0028,80.3388999999998
4491,出售,265,0.0028,80.3360999999998
4492,具,265,0.0028,80.3612999999998
4493,适于,265,0.0028,80.3108999999999
4494,哟,265,0.0028,80.3136999999999
4495,小心,265,0.0028,80.3164999999999
4496,恰当,265,0.0028,80.3192999999999
4497,合乎,265,0.0028,80.3220999999999
4498,紫,265,0.0028,80.3248999999999
4499,浙江,265,0.0028,80.3276999999999
4500,违背,265,0.0028,80.3332999999998
4501,排,265,0.0028,80.3304999999998
4502,尝,265,0.0028,80.3584999999998
4503,福建,264,0.0028,80.3808999999997
4504,女孩子,264,0.0028,80.3780999999997
4505,磨,264,0.0028,80.3640999999998
4506,主管部门,264,0.0028,80.3752999999997
4507,步,264,0.0028,80.3836999999997
4508,共,264,0.0028,80.3724999999997
4509,日常生活,264,0.0028,80.3696999999998
4510,强制,264,0.0028,80.3668999999998
4511,建造,263,0.0028,80.3892999999997
4512,当中,263,0.0028,80.4256999999996
4513,不止,263,0.0028,80.4284999999996
4514,腔,263,0.0028,80.4228999999996
4515,电视机,263,0.0028,80.4200999999996
4516,依法,263,0.0028,80.4172999999996
4517,新中国,263,0.0028,80.4144999999996
4518,顽强,263,0.0028,80.4116999999997
4519,催,263,0.0028,80.4088999999997
4520,失业,263,0.0028,80.3864999999997
4521,官僚,263,0.0028,80.4060999999997
4522,波兰,263,0.0028,80.4032999999997
4523,胡子,263,0.0028,80.4004999999997
4524,年级,263,0.0028,80.3976999999997
4525,涂,263,0.0028,80.3948999999997
4526,之间,263,0.0028,80.3920999999997
4527,封,262,0.0027,80.4473999999996
4528,微生物,262,0.0027,80.4365999999996
4529,附着,262,0.0027,80.4446999999996
4530,观,262,0.0027,80.4500999999997
4531,耕地,262,0.0027,80.4527999999997
4532,打倒,262,0.0027,80.4311999999996
4533,军官,262,0.0027,80.4392999999996
4534,地主阶级,262,0.0027,80.4338999999996
4535,公园,262,0.0027,80.4419999999996
4536,我军,261,0.0027,80.4797999999997
4537,每日,261,0.0027,80.5013999999997
4538,仅仅是,261,0.0027,80.4986999999997
4539,图案,261,0.0027,80.4959999999997
4540,老汉,261,0.0027,80.4932999999997
4541,乃是,261,0.0027,80.4905999999997
4542,穿着,261,0.0027,80.4878999999997
4543,系,261,0.0027,80.4851999999997
4544,潮,261,0.0027,80.4824999999997
4545,奖金,261,0.0027,80.5040999999997
4546,安装,261,0.0027,80.4770999999997
4547,各族,261,0.0027,80.4554999999997
4548,小时,261,0.0027,80.4743999999997
4549,书籍,261,0.0027,80.5067999999997
4550,邀请,261,0.0027,80.4716999999997
4551,高尚,261,0.0027,80.4689999999997
4552,死去,261,0.0027,80.4662999999997
4553,举起,261,0.0027,80.4635999999997
4554,斯大林,261,0.0027,80.4608999999997
4555,埃及,261,0.0027,80.4581999999997
4556,总算,260,0.0027,80.5337999999998
4557,考虑到,260,0.0027,80.5391999999998
4558,覆盖,260,0.0027,80.5418999999998
4559,家,260,0.0027,80.5445999999998
4560,一级,260,0.0027,80.5472999999998
4561,西方,260,0.0027,80.5499999999998
4562,少女,260,0.0027,80.5526999999998
4563,模样,260,0.0027,80.5553999999998
4564,葡萄,260,0.0027,80.5580999999998
4565,踢,260,0.0027,80.5364999999998
4566,圣经,260,0.0027,80.5310999999998
4567,同,260,0.0027,80.5094999999997
4568,浮,260,0.0027,80.5121999999998
4569,建筑物,260,0.0027,80.5148999999998
4570,教员,260,0.0027,80.5175999999998
4571,固有,260,0.0027,80.5202999999998
4572,封闭,260,0.0027,80.5229999999998
4573,儿女,260,0.0027,80.5283999999998
4574,便,260,0.0027,80.5256999999998
4575,变异,260,0.0027,80.5607999999998
4576,自发,259,0.0027,80.5958999999999
4577,野,259,0.0027,80.5931999999999
4578,临,259,0.0027,80.5904999999999
4579,有意,259,0.0027,80.5877999999999
4580,肩膀,259,0.0027,80.5634999999998
4581,证据,259,0.0027,80.5850999999999
4582,东南,259,0.0027,80.5985999999999
4583,新兴,259,0.0027,80.5823999999999
4584,此后,259,0.0027,80.5661999999998
4585,幢,259,0.0027,80.5796999999999
4586,细致,259,0.0027,80.5769999999999
4587,广播,259,0.0027,80.5742999999999
4588,点点头,259,0.0027,80.5715999999998
4589,破,259,0.0027,80.5688999999998
4590,冷静,258,0.0027,80.6201999999999
4591,面孔,258,0.0027,80.6309999999999
4592,中毒,258,0.0027,80.6282999999999
4593,伯伯,258,0.0027,80.6255999999999
4594,复,258,0.0027,80.6039999999999
4595,奇,258,0.0027,80.6228999999999
4596,联合国,258,0.0027,80.6336999999999
4597,大自然,258,0.0027,80.6364
4598,降,258,0.0027,80.6012999999999
4599,厨房,258,0.0027,80.6174999999999
4600,品德,258,0.0027,80.6147999999999
4601,摩擦,258,0.0027,80.6120999999999
4602,套,258,0.0027,80.6093999999999
4603,矮,258,0.0027,80.6066999999999
4604,名叫,257,0.0027,80.6688
4605,泡,257,0.0027,80.6661
4606,排出,257,0.0027,80.6634
4607,摘,257,0.0027,80.6607
4608,环流,257,0.0027,80.658
4609,排,257,0.0027,80.6553
4610,容量,257,0.0027,80.6391
4611,思想上,257,0.0027,80.6526
4612,实际上,257,0.0027,80.6715
4613,绳,257,0.0027,80.6499
4614,想不到,257,0.0027,80.6472
4615,命题,257,0.0027,80.6445
4616,机械化,257,0.0027,80.6418
4617,喜悦,256,0.0027,80.7066000000001
4618,张,256,0.0027,80.6958
4619,炮,256,0.0027,80.7039000000001
4620,中期,256,0.0027,80.7093000000001
4621,营业,256,0.0027,80.7120000000001
4622,动人,256,0.0027,80.7147000000001
4623,委托,256,0.0027,80.7174000000001
4624,登上,256,0.0027,80.7012000000001
4625,党支部,256,0.0027,80.6769
4626,影,256,0.0027,80.6931
4627,以免,256,0.0027,80.6904
4628,五百,256,0.0027,80.6877
4629,阿,256,0.0027,80.685
4630,总,256,0.0027,80.6742
4631,番,256,0.0027,80.6823
4632,承包,256,0.0027,80.6985000000001
4633,大臣,256,0.0027,80.6796
4634,迎,255,0.0027,80.7606000000002
4635,早上,255,0.0027,80.7579000000001
4636,彩色,255,0.0027,80.7552000000001
4637,光学,255,0.0027,80.7525000000001
4638,嚷,255,0.0027,80.7498000000001
4639,凉,255,0.0027,80.7471000000001
4640,酒精,255,0.0027,80.7201000000001
4641,喷,255,0.0027,80.7444000000001
4642,如果说,255,0.0027,80.7633000000002
4643,一齐,255,0.0027,80.7228000000001
4644,调查研究,255,0.0027,80.7390000000001
4645,哼,255,0.0027,80.7363000000001
4646,怀里,255,0.0027,80.7336000000001
4647,肯,255,0.0027,80.7309000000001
4648,化合,255,0.0027,80.7282000000001
4649,树林,255,0.0027,80.7255000000001
4650,精,255,0.0027,80.7417000000001
4651,死者,254,0.0027,80.7984000000002
4652,摄,254,0.0027,80.7957000000002
4653,杰出,254,0.0027,80.7930000000002
4654,堆,254,0.0027,80.7903000000002
4655,是以,254,0.0027,80.7876000000002
4656,自行,254,0.0027,80.7849000000002
4657,财务,254,0.0027,80.8011000000002
4658,磁,254,0.0027,80.7660000000002
4659,岩,254,0.0027,80.7822000000002
4660,大力,254,0.0027,80.7687000000002
4661,图画,254,0.0027,80.7768000000002
4662,顶,254,0.0027,80.8038000000002
4663,衡量,254,0.0027,80.7741000000002
4664,忽,254,0.0027,80.7714000000002
4665,河南,254,0.0027,80.7795000000002
4666,草地,253,0.0026,80.8376000000002
4667,位移,253,0.0026,80.8298000000002
4668,和,253,0.0026,80.8402000000002
4669,装饰,253,0.0026,80.8428000000002
4670,中共中央,253,0.0026,80.8454000000002
4671,在家,253,0.0026,80.8480000000002
4672,庞大,253,0.0026,80.8506000000002
4673,惊人,253,0.0026,80.8532000000002
4674,述,253,0.0026,80.8350000000002
4675,聚集,253,0.0026,80.8194000000002
4676,丰收,253,0.0026,80.8246000000002
4677,扣,253,0.0026,80.8090000000002
4678,高低,253,0.0026,80.8324000000002
4679,窗,253,0.0026,80.8116000000002
4680,零售,253,0.0026,80.8142000000002
4681,扔,253,0.0026,80.8168000000002
4682,止,253,0.0026,80.8272000000002
4683,集,253,0.0026,80.8220000000002
4684,祭祀,253,0.0026,80.8064000000002
4685,快速,252,0.0026,80.9078000000003
4686,废除,252,0.0026,80.8896000000003
4687,计,252,0.0026,80.8870000000003
4688,一再,252,0.0026,80.8922000000003
4689,叫,252,0.0026,80.8948000000003
4690,狼,252,0.0026,80.8974000000003
4691,款,252,0.0026,80.9000000000003
4692,新型,252,0.0026,80.9026000000003
4693,饮,252,0.0026,80.9052000000003
4694,延安,252,0.0026,80.8558000000002
4695,纬度,252,0.0026,80.9104000000003
4696,实体,252,0.0026,80.9130000000003
4697,这点,252,0.0026,80.8818000000003
4698,连队,252,0.0026,80.8688000000002
4699,杂,252,0.0026,80.8610000000002
4700,桌,252,0.0026,80.8636000000002
4701,咳嗽,252,0.0026,80.8662000000002
4702,有时候,252,0.0026,80.8584000000002
4703,一团,252,0.0026,80.8714000000002
4704,高,252,0.0026,80.8740000000003
4705,沉,252,0.0026,80.8766000000003
4706,各人,252,0.0026,80.8844000000003
4707,本世纪,252,0.0026,80.8792000000003
4708,致使,251,0.0026,80.9416000000003
4709,存款,251,0.0026,80.9468000000003
4710,创办,251,0.0026,80.9390000000003
4711,耐心,251,0.0026,80.9520000000003
4712,泪水,251,0.0026,80.9546000000003
4713,写成,251,0.0026,80.9572000000003
4714,九月,251,0.0026,80.9156000000003
4715,时而,251,0.0026,80.9598000000003
4716,占用,251,0.0026,80.9442000000003
4717,伙伴,251,0.0026,80.9494000000003
4718,一眼,251,0.0026,80.9182000000003
4719,法令,251,0.0026,80.9364000000003
4720,冲动,251,0.0026,80.9338000000003
4721,限于,251,0.0026,80.9312000000003
4722,可不,251,0.0026,80.9286000000003
4723,直角,251,0.0026,80.9260000000003
4724,注射,251,0.0026,80.9234000000003
4725,人民代表大会,251,0.0026,80.9208000000003
4726,视觉,250,0.0026,80.9910000000003
4727,费,250,0.0026,80.9884000000003
4728,分支,250,0.0026,80.9624000000003
4729,军长,250,0.0026,80.9858000000003
4730,几百,250,0.0026,80.9962000000003
4731,穿上,250,0.0026,80.9832000000003
4732,所,250,0.0026,80.9806000000003
4733,万物,250,0.0026,80.9936000000003
4734,照射,250,0.0026,80.9728000000003
4735,无关,250,0.0026,80.9754000000003
4736,运算,250,0.0026,80.9702000000003
4737,美,250,0.0026,80.9676000000003
4738,漫长,250,0.0026,80.9650000000003
4739,光明,250,0.0026,80.9780000000003
4740,肌,249,0.0026,81.0352000000003
4741,七月,249,0.0026,81.0326000000003
4742,突变,249,0.0026,81.0300000000003
4743,寒冷,249,0.0026,81.0274000000003
4744,幼儿,249,0.0026,81.0248000000003
4745,跟前,249,0.0026,81.0222000000003
4746,长期,249,0.0026,80.9988000000003
4747,胳膊,249,0.0026,81.0196000000003
4748,旅,249,0.0026,81.0378000000003
4749,相似,249,0.0026,81.0170000000003
4750,体温,249,0.0026,81.0144000000003
4751,小子,249,0.0026,81.0118000000003
4752,平分,249,0.0026,81.0092000000003
4753,放大,249,0.0026,81.0066000000003
4754,实事求是,249,0.0026,81.0040000000003
4755,只能,249,0.0026,81.0014000000003
4756,发觉,248,0.0026,81.0664000000003
4757,用途,248,0.0026,81.0638000000003
4758,邻居,248,0.0026,81.0612000000003
4759,凹,248,0.0026,81.0586000000003
4760,面向,248,0.0026,81.0404000000003
4761,福利,248,0.0026,81.0560000000003
4762,村庄,248,0.0026,81.0690000000003
4763,图象,248,0.0026,81.0534000000003
4764,旅游,248,0.0026,81.0508000000003
4765,用以,248,0.0026,81.0482000000003
4766,股票,248,0.0026,81.0456000000003
4767,流水,248,0.0026,81.0430000000003
4768,迎接,247,0.0026,81.0976000000003
4769,注意力,247,0.0026,81.0950000000003
4770,跨,247,0.0026,81.0924000000003
4771,纺织,247,0.0026,81.0898000000003
4772,上层,247,0.0026,81.0872000000003
4773,肩,247,0.0026,81.0846000000003
4774,几何,247,0.0026,81.0716000000003
4775,痰,247,0.0026,81.0820000000003
4776,强化,247,0.0026,81.1002000000003
4777,写信,247,0.0026,81.0794000000003
4778,深化,247,0.0026,81.0768000000003
4779,前来,247,0.0026,81.0742000000003
4780,初中,246,0.0026,81.1392000000004
4781,孢子,246,0.0026,81.1366000000004
4782,马克思列宁主义,246,0.0026,81.1340000000004
4783,吵,246,0.0026,81.1314000000004
4784,吊,246,0.0026,81.1288000000004
4785,经济学,246,0.0026,81.1262000000004
4786,商,246,0.0026,81.1236000000004
4787,拍,246,0.0026,81.1444000000004
4788,墙壁,246,0.0026,81.1054000000003
4789,正当,246,0.0026,81.1210000000004
4790,取代,246,0.0026,81.1184000000003
4791,干活,246,0.0026,81.1158000000003
4792,活,246,0.0026,81.1132000000003
4793,加深,246,0.0026,81.1028000000003
4794,阳,246,0.0026,81.1080000000003
4795,低温,246,0.0026,81.1418000000004
4796,望远镜,246,0.0026,81.1106000000003
4797,根源,245,0.0026,81.1886000000004
4798,肥,245,0.0026,81.1860000000004
4799,多样,245,0.0026,81.1834000000004
4800,对着,245,0.0026,81.1808000000004
4801,导演,245,0.0026,81.1782000000004
4802,千万,245,0.0026,81.1756000000004
4803,固定,245,0.0026,81.1730000000004
4804,记住,245,0.0026,81.1704000000004
4805,分,245,0.0026,81.1912000000004
4806,票,245,0.0026,81.1652000000004
4807,京剧,245,0.0026,81.1496000000004
4808,脉,245,0.0026,81.1938000000004
4809,起伏,245,0.0026,81.1522000000004
4810,绝大多数,245,0.0026,81.1548000000004
4811,基本,245,0.0026,81.1574000000004
4812,歌声,245,0.0026,81.1600000000004
4813,输,245,0.0026,81.1678000000004
4814,扩散,245,0.0026,81.1626000000004
4815,姐,245,0.0026,81.1470000000004
4816,称赞,244,0.0026,81.2224000000004
4817,收获,244,0.0026,81.2276000000004
4818,学问,244,0.0026,81.2302000000004
4819,惊,244,0.0026,81.2328000000004
4820,县城,244,0.0026,81.2354000000004
4821,每月,244,0.0026,81.2380000000004
4822,清,244,0.0026,81.2042000000004
4823,游戏,244,0.0026,81.2406000000004
4824,再生产,244,0.0026,81.2432000000004
4825,损伤,244,0.0026,81.2250000000004
4826,考验,244,0.0026,81.1964000000004
4827,左右,244,0.0026,81.2016000000004
4828,袭击,244,0.0026,81.2068000000004
4829,寻求,244,0.0026,81.2094000000004
4830,抛弃,244,0.0026,81.2120000000004
4831,矿物,244,0.0026,81.2146000000004
4832,谁知,244,0.0026,81.2198000000004
4833,返回,244,0.0026,81.2172000000004
4834,战后,244,0.0026,81.1990000000004
4835,编辑,243,0.0025,81.2782000000004
4836,挂在,243,0.0025,81.2757000000004
4837,捧,243,0.0025,81.2732000000004
4838,处处,243,0.0025,81.2707000000004
4839,镜头,243,0.0025,81.2682000000004
4840,槽,243,0.0025,81.2457000000004
4841,就是说,243,0.0025,81.2657000000004
4842,手续,243,0.0025,81.2807000000004
4843,车站,243,0.0025,81.2482000000004
4844,打听,243,0.0025,81.2632000000004
4845,接收,243,0.0025,81.2607000000004
4846,现代,243,0.0025,81.2582000000004
4847,中华民族,243,0.0025,81.2557000000004
4848,伤害,243,0.0025,81.2532000000004
4849,时常,243,0.0025,81.2507000000004
4850,杀死,242,0.0025,81.3007000000003
4851,表面上,242,0.0025,81.2982000000003
4852,秋天,242,0.0025,81.3132000000003
4853,师长,242,0.0025,81.3107000000003
4854,世,242,0.0025,81.3082000000003
4855,形体,242,0.0025,81.3032000000003
4856,水利,242,0.0025,81.3157000000003
4857,尽快,242,0.0025,81.2857000000004
4858,科长,242,0.0025,81.2832000000004
4859,民主革命,242,0.0025,81.3057000000003
4860,料,242,0.0025,81.2957000000004
4861,鸭,242,0.0025,81.2932000000004
4862,权威,242,0.0025,81.2907000000004
4863,年底,242,0.0025,81.2882000000004
4864,古人,241,0.0025,81.3457000000003
4865,经典,241,0.0025,81.3407000000003
4866,净,241,0.0025,81.3507000000003
4867,染,241,0.0025,81.3532000000003
4868,著,241,0.0025,81.3557000000003
4869,宣言,241,0.0025,81.3582000000003
4870,秘书,241,0.0025,81.3607000000003
4871,思,241,0.0025,81.3632000000003
4872,宋,241,0.0025,81.3332000000003
4873,出来,241,0.0025,81.3482000000003
4874,饮食,241,0.0025,81.3432000000003
4875,演化,241,0.0025,81.3182000000003
4876,撒,241,0.0025,81.3207000000003
4877,溶于,241,0.0025,81.3232000000003
4878,添,241,0.0025,81.3257000000003
4879,清朝,241,0.0025,81.3282000000003
4880,看过,241,0.0025,81.3382000000003
4881,男,241,0.0025,81.3307000000003
4882,毛,241,0.0025,81.3357000000003
4883,观,240,0.0025,81.3857000000003
4884,压缩,240,0.0025,81.3932000000003
4885,产卵,240,0.0025,81.3907000000003
4886,凝结,240,0.0025,81.3882000000003
4887,实用,240,0.0025,81.3657000000003
4888,伏,240,0.0025,81.3832000000003
4889,奇迹,240,0.0025,81.3957000000003
4890,么,240,0.0025,81.3807000000003
4891,平方米,240,0.0025,81.3782000000003
4892,国内外,240,0.0025,81.3757000000003
4893,通知,240,0.0025,81.3732000000003
4894,掠夺,240,0.0025,81.3707000000003
4895,可知,240,0.0025,81.3682000000003
4896,奠定,239,0.0025,81.4307000000002
4897,简,239,0.0025,81.4282000000002
4898,两端,239,0.0025,81.4257000000002
4899,金钱,239,0.0025,81.4232000000002
4900,好看,239,0.0025,81.4207000000002
4901,整天,239,0.0025,81.4182000000002
4902,日常,239,0.0025,81.3982000000003
4903,依,239,0.0025,81.4157000000002
4904,未必,239,0.0025,81.4332000000002
4905,退休,239,0.0025,81.4132000000002
4906,原是,239,0.0025,81.4107000000002
4907,必然性,239,0.0025,81.4082000000002
4908,踩,239,0.0025,81.4057000000003
4909,德,239,0.0025,81.4032000000003
4910,出色,239,0.0025,81.4007000000003
4911,头部,238,0.0025,81.4582000000002
4912,打仗,238,0.0025,81.4557000000002
4913,逮捕,238,0.0025,81.4532000000002
4914,例外,238,0.0025,81.4507000000002
4915,泥土,238,0.0025,81.4482000000002
4916,直至,238,0.0025,81.4632000000002
4917,难过,238,0.0025,81.4357000000002
4918,格外,238,0.0025,81.4457000000002
4919,策略,238,0.0025,81.4382000000002
4920,肩上,238,0.0025,81.4432000000002
4921,充足,238,0.0025,81.4607000000002
4922,协会,238,0.0025,81.4407000000002
4923,升,237,0.0025,81.4957000000002
4924,老虎,237,0.0025,81.4907000000002
4925,做得,237,0.0025,81.5007000000002
4926,寄,237,0.0025,81.5032000000002
4927,欺骗,237,0.0025,81.5057000000002
4928,灵,237,0.0025,81.5082000000002
4929,放在,237,0.0025,81.5107000000002
4930,住房,237,0.0025,81.5132000000002
4931,水果,237,0.0025,81.4982000000002
4932,幼,237,0.0025,81.4832000000002
4933,考核,237,0.0025,81.4682000000002
4934,开支,237,0.0025,81.4932000000002
4935,媒介,237,0.0025,81.4707000000002
4936,谱,237,0.0025,81.4732000000002
4937,边界,237,0.0025,81.4757000000002
4938,变量,237,0.0025,81.4782000000002
4939,航行,237,0.0025,81.4882000000002
4940,价值规律,237,0.0025,81.4807000000002
4941,撞,237,0.0025,81.4657000000002
4942,打死,237,0.0025,81.4857000000002
4943,被告人,236,0.0025,81.5332000000001
4944,起,236,0.0025,81.5382000000001
4945,端,236,0.0025,81.5407000000001
4946,理,236,0.0025,81.5432000000001
4947,六月,236,0.0025,81.5457000000001
4948,由于,236,0.0025,81.5482000000001
4949,流动资金,236,0.0025,81.5507000000001
4950,府,236,0.0025,81.5357000000001
4951,丰富,236,0.0025,81.5307000000001
4952,矿产,236,0.0025,81.5232000000001
4953,电磁,236,0.0025,81.5257000000001
4954,对面,236,0.0025,81.5532000000001
4955,商品生产,236,0.0025,81.5207000000001
4956,挑战,236,0.0025,81.5182000000001
4957,而是,236,0.0025,81.5157000000002
4958,天才,236,0.0025,81.5282000000001
4959,住宅,235,0.0025,81.5807000000001
4960,输送,235,0.0025,81.5757000000001
4961,笑声,235,0.0025,81.5832000000001
4962,治理,235,0.0025,81.5857000000001
4963,王国,235,0.0025,81.5882000000001
4964,祭,235,0.0025,81.5907000000001
4965,座谈会,235,0.0025,81.5557000000001
4966,子弹,235,0.0025,81.5932000000001
4967,标志,235,0.0025,81.5782000000001
4968,己,235,0.0025,81.5582000000001
4969,公元前,235,0.0025,81.5732000000001
4970,苏,235,0.0025,81.5707000000001
4971,仅有,235,0.0025,81.5682000000001
4972,喘,235,0.0025,81.5657000000001
4973,商品流通,235,0.0025,81.5632000000001
4974,罪恶,235,0.0025,81.5607000000001
4975,规格,234,0.0024,81.6148
4976,走来,234,0.0024,81.6268
4977,动词,234,0.0024,81.6244
4978,朱,234,0.0024,81.622
4979,哇,234,0.0024,81.6196
4980,震动,234,0.0024,81.5980000000001
4981,聚,234,0.0024,81.6172
4982,忽略,234,0.0024,81.6292
4983,注,234,0.0024,81.6316
4984,用品,234,0.0024,81.5956000000001
4985,街,234,0.0024,81.61
4986,注入,234,0.0024,81.6076
4987,爬上,234,0.0024,81.6052000000001
4988,庄稼,234,0.0024,81.6028000000001
4989,遗产,234,0.0024,81.6004000000001
4990,提取,234,0.0024,81.6124
4991,奴隶制,233,0.0024,81.6603999999999
4992,敢于,233,0.0024,81.6579999999999
4993,工业化,233,0.0024,81.6555999999999
4994,时机,233,0.0024,81.6531999999999
4995,抗战,233,0.0024,81.6507999999999
4996,几千,233,0.0024,81.634
4997,赋予,233,0.0024,81.6484
4998,接待,233,0.0024,81.6627999999999
4999,拉开,233,0.0024,81.646
5000,窗户,233,0.0024,81.6436
5001,摔,233,0.0024,81.6412
5002,党内,233,0.0024,81.6388
5003,硫,233,0.0024,81.6364
5004,女的,232,0.0024,81.6987999999998
5005,发病,232,0.0024,81.6963999999998
5006,讲到,232,0.0024,81.6939999999998
5007,山脉,232,0.0024,81.6915999999999
5008,蚕,232,0.0024,81.6891999999999
5009,整整,232,0.0024,81.6867999999999
5010,乳,232,0.0024,81.6843999999999
5011,生意,232,0.0024,81.7011999999998
5012,州,232,0.0024,81.6747999999999
5013,依,232,0.0024,81.6819999999999
5014,刮,232,0.0024,81.6651999999999
5015,表皮,232,0.0024,81.6771999999999
5016,首长,232,0.0024,81.7035999999998
5017,信念,232,0.0024,81.6723999999999
5018,模拟,232,0.0024,81.6699999999999
5019,怪,232,0.0024,81.6675999999999
5020,及时,232,0.0024,81.6795999999999
5021,冰川,231,0.0024,81.7275999999998
5022,升,231,0.0024,81.7251999999998
5023,剪,231,0.0024,81.7227999999998
5024,一辈子,231,0.0024,81.7203999999998
5025,渴望,231,0.0024,81.7179999999998
5026,拟,231,0.0024,81.7059999999998
5027,君,231,0.0024,81.7155999999998
5028,幕,231,0.0024,81.7299999999998
5029,年,231,0.0024,81.7131999999998
5030,亲属,231,0.0024,81.7107999999998
5031,许可,231,0.0024,81.7083999999998
5032,袋,230,0.0024,81.7659999999997
5033,爱好,230,0.0024,81.7587999999997
5034,振荡,230,0.0024,81.7683999999997
5035,地里,230,0.0024,81.7707999999997
5036,砍,230,0.0024,81.7731999999997
5037,总的,230,0.0024,81.7755999999997
5038,来不及,230,0.0024,81.7779999999997
5039,弟兄,230,0.0024,81.7803999999996
5040,迁,230,0.0024,81.7827999999996
5041,发达国家,230,0.0024,81.7851999999996
5042,国防,230,0.0024,81.7611999999997
5043,饭店,230,0.0024,81.7539999999997
5044,忍受,230,0.0024,81.7347999999998
5045,轻松,230,0.0024,81.7491999999997
5046,严密,230,0.0024,81.7395999999997
5047,老年人,230,0.0024,81.7635999999997
5048,阻止,230,0.0024,81.7419999999997
5049,多年来,230,0.0024,81.7443999999997
5050,靠,230,0.0024,81.7563999999997
5051,常数,230,0.0024,81.7467999999997
5052,看待,230,0.0024,81.7323999999998
5053,写道,230,0.0024,81.7515999999997
5054,星系,230,0.0024,81.7371999999997
5055,员,229,0.0024,81.8211999999995
5056,嗓子,229,0.0024,81.8187999999996
5057,庙,229,0.0024,81.8163999999996
5058,偶然,229,0.0024,81.8139999999996
5059,提炼,229,0.0024,81.8115999999996
5060,方,229,0.0024,81.8091999999996
5061,生产方式,229,0.0024,81.7875999999996
5062,杀人,229,0.0024,81.8235999999995
5063,战役,229,0.0024,81.8259999999995
5064,收回,229,0.0024,81.8043999999996
5065,长短,229,0.0024,81.8019999999996
5066,婚,229,0.0024,81.7995999999996
5067,感兴趣,229,0.0024,81.7971999999996
5068,频繁,229,0.0024,81.7947999999996
5069,亏损,229,0.0024,81.7923999999996
5070,流派,229,0.0024,81.7899999999996
5071,游泳,229,0.0024,81.8067999999996
5072,扛,228,0.0024,81.8715999999994
5073,集体农庄,228,0.0024,81.8499999999995
5074,舌头,228,0.0024,81.8547999999995
5075,随即,228,0.0024,81.8571999999995
5076,滑,228,0.0024,81.8595999999995
5077,窗口,228,0.0024,81.8619999999995
5078,暂时,228,0.0024,81.8739999999994
5079,兔,228,0.0024,81.8643999999994
5080,习俗,228,0.0024,81.8691999999994
5081,蜜蜂,228,0.0024,81.8667999999994
5082,洪水,228,0.0024,81.8451999999995
5083,选用,228,0.0024,81.8283999999995
5084,热能,228,0.0024,81.8523999999995
5085,封建主义,228,0.0024,81.8307999999995
5086,教室,228,0.0024,81.8331999999995
5087,上空,228,0.0024,81.8355999999995
5088,两眼,228,0.0024,81.8379999999995
5089,往来,228,0.0024,81.8403999999995
5090,堆积,228,0.0024,81.8427999999995
5091,附,228,0.0024,81.8475999999995
5092,改革,227,0.0024,81.9123999999993
5093,砖,227,0.0024,81.9339999999993
5094,教练,227,0.0024,81.9051999999994
5095,串,227,0.0024,81.9147999999993
5096,租,227,0.0024,81.9171999999993
5097,绿化,227,0.0024,81.9195999999993
5098,互助,227,0.0024,81.9219999999993
5099,走近,227,0.0024,81.9243999999993
5100,生产能力,227,0.0024,81.9267999999993
5101,掀起,227,0.0024,81.9291999999993
5102,装备,227,0.0024,81.9315999999993
5103,创,227,0.0024,81.9099999999993
5104,操纵,227,0.0024,81.8979999999994
5105,所长,227,0.0024,81.8787999999994
5106,丝毫,227,0.0024,81.8811999999994
5107,随机,227,0.0024,81.8835999999994
5108,耶稣,227,0.0024,81.8859999999994
5109,喂,227,0.0024,81.8883999999994
5110,提醒,227,0.0024,81.8907999999994
5111,伏,227,0.0024,81.9027999999994
5112,百姓,227,0.0024,81.8955999999994
5113,对照,227,0.0024,81.8763999999994
5114,常有,227,0.0024,81.9003999999994
5115,记,227,0.0024,81.8931999999994
5116,伦理,227,0.0024,81.9075999999993
5117,关节,226,0.0024,81.9627999999992
5118,凸,226,0.0024,81.9555999999992
5119,盏,226,0.0024,81.9651999999992
5120,身材,226,0.0024,81.9675999999992
5121,藻类,226,0.0024,81.9699999999992
5122,壁画,226,0.0024,81.9723999999992
5123,准,226,0.0024,81.9747999999992
5124,主权,226,0.0024,81.9771999999992
5125,组长,226,0.0024,81.9603999999992
5126,传到,226,0.0024,81.9363999999993
5127,关怀,226,0.0024,81.9531999999992
5128,明年,226,0.0024,81.9579999999992
5129,河北,226,0.0024,81.9507999999992
5130,春节,226,0.0024,81.9483999999993
5131,薄弱,226,0.0024,81.9459999999993
5132,诉讼,226,0.0024,81.9435999999993
5133,攻,226,0.0024,81.9411999999993
5134,浪,226,0.0024,81.9387999999993
5135,三千,225,0.0024,82.041999999999
5136,巩固,225,0.0024,82.0227999999991
5137,迁移,225,0.0024,82.0347999999991
5138,起作用,225,0.0024,82.0251999999991
5139,海区,225,0.0024,82.0155999999991
5140,巧,225,0.0024,82.0275999999991
5141,学员,225,0.0024,82.0299999999991
5142,随意,225,0.0024,82.039599999999
5143,外边,225,0.0024,82.046799999999
5144,歌唱,225,0.0024,82.0083999999991
5145,求证,225,0.0024,82.044399999999
5146,音节,225,0.0024,82.0203999999991
5147,抓紧,225,0.0024,82.0323999999991
5148,应付,225,0.0024,82.037199999999
5149,牵,225,0.0024,82.0179999999991
5150,特别,225,0.0024,82.0107999999991
5151,旅客,225,0.0024,81.9939999999991
5152,思潮,225,0.0024,81.9843999999992
5153,钙,225,0.0024,81.9867999999992
5154,内战,225,0.0024,81.9891999999992
5155,抢救,225,0.0024,81.9915999999992
5156,外国人,225,0.0024,81.9819999999992
5157,电力,225,0.0024,81.9963999999991
5158,定期,225,0.0024,81.9987999999991
5159,官吏,225,0.0024,82.0011999999991
5160,热力学,225,0.0024,82.0035999999991
5161,必定,225,0.0024,82.0131999999991
5162,外来,225,0.0024,82.0059999999991
5163,惩罚,225,0.0024,81.9795999999992
5164,规律性,224,0.0023,82.0697999999991
5165,生物学,224,0.0023,82.0858999999991
5166,近来,224,0.0023,82.0835999999991
5167,不由,224,0.0023,82.0812999999991
5168,痕迹,224,0.0023,82.0789999999991
5169,一路,224,0.0023,82.0766999999991
5170,清晨,224,0.0023,82.0743999999991
5171,喊道,224,0.0023,82.0720999999991
5172,呆,224,0.0023,82.0904999999991
5173,仍旧,224,0.0023,82.049099999999
5174,奔,224,0.0023,82.0651999999991
5175,轻工业,224,0.0023,82.0628999999991
5176,发布,224,0.0023,82.0605999999991
5177,使劲,224,0.0023,82.0582999999991
5178,木材,224,0.0023,82.055999999999
5179,折射,224,0.0023,82.051399999999
5180,镜子,224,0.0023,82.0674999999991
5181,惊奇,224,0.0023,82.0881999999991
5182,跳舞,224,0.0023,82.053699999999
5183,发掘,223,0.0023,82.1226999999992
5184,细节,223,0.0023,82.1203999999992
5185,半岛,223,0.0023,82.1180999999992
5186,说起,223,0.0023,82.1157999999992
5187,效力,223,0.0023,82.1134999999992
5188,今晚,223,0.0023,82.1111999999992
5189,国家机关,223,0.0023,82.1249999999992
5190,码头,223,0.0023,82.1065999999992
5191,剩余价值,223,0.0023,82.0927999999991
5192,光荣,223,0.0023,82.1272999999992
5193,解放后,223,0.0023,82.0950999999991
5194,风险,223,0.0023,82.0973999999991
5195,音响,223,0.0023,82.0996999999991
5196,胚,223,0.0023,82.1019999999992
5197,残,223,0.0023,82.1088999999992
5198,屁股,223,0.0023,82.1042999999992
5199,伴随,222,0.0023,82.1732999999993
5200,时候,222,0.0023,82.1755999999993
5201,一惊,222,0.0023,82.1594999999993
5202,炎,222,0.0023,82.1548999999993
5203,杭州,222,0.0023,82.1617999999993
5204,事迹,222,0.0023,82.1640999999993
5205,相应,222,0.0023,82.1663999999993
5206,决定,222,0.0023,82.1502999999993
5207,推开,222,0.0023,82.1709999999993
5208,前方,222,0.0023,82.1571999999993
5209,可不是,222,0.0023,82.1686999999993
5210,不管,222,0.0023,82.1295999999992
5211,体操,222,0.0023,82.1318999999992
5212,神圣,222,0.0023,82.1341999999992
5213,标本,222,0.0023,82.1364999999992
5214,防御,222,0.0023,82.1387999999992
5215,侵入,222,0.0023,82.1410999999992
5216,人为,222,0.0023,82.1433999999992
5217,次数,222,0.0023,82.1456999999993
5218,根本上,222,0.0023,82.1525999999993
5219,贫困,222,0.0023,82.1479999999993
5220,抒情,221,0.0023,82.2077999999994
5221,意识形态,221,0.0023,82.2054999999994
5222,夺,221,0.0023,82.2031999999994
5223,变换,221,0.0023,82.2008999999994
5224,轮船,221,0.0023,82.1985999999994
5225,亲人,221,0.0023,82.1962999999994
5226,要不,221,0.0023,82.1939999999994
5227,拜,221,0.0023,82.2100999999994
5228,打断,221,0.0023,82.1778999999993
5229,幅度,221,0.0023,82.1801999999993
5230,养殖,221,0.0023,82.2123999999994
5231,社会科学,221,0.0023,82.1916999999994
5232,雨水,221,0.0023,82.1893999999994
5233,扮演,221,0.0023,82.1870999999993
5234,块,221,0.0023,82.1847999999993
5235,与此同时,221,0.0023,82.1824999999993
5236,帮忙,220,0.0023,82.2698999999995
5237,黑龙江,220,0.0023,82.2675999999995
5238,教堂,220,0.0023,82.2399999999995
5239,多种多样,220,0.0023,82.2445999999995
5240,步伐,220,0.0023,82.2652999999995
5241,镁,220,0.0023,82.2606999999995
5242,阻力,220,0.0023,82.2583999999995
5243,无法,220,0.0023,82.2560999999995
5244,发热,220,0.0023,82.2537999999995
5245,二十三,220,0.0023,82.2514999999995
5246,穴,220,0.0023,82.2491999999995
5247,制止,220,0.0023,82.2468999999995
5248,销,220,0.0023,82.2629999999995
5249,官兵,220,0.0023,82.2376999999995
5250,率,220,0.0023,82.2169999999994
5251,治病,220,0.0023,82.2192999999994
5252,保险,220,0.0023,82.2215999999994
5253,臭,220,0.0023,82.2238999999994
5254,消,220,0.0023,82.2261999999994
5255,这天,220,0.0023,82.2284999999994
5256,睡眠,220,0.0023,82.2307999999994
5257,一同,220,0.0023,82.2330999999995
5258,林业,220,0.0023,82.2422999999995
5259,高达,220,0.0023,82.2353999999995
5260,灵感,220,0.0023,82.2146999999994
5261,伦敦,219,0.0023,82.3020999999996
5262,健全,219,0.0023,82.2997999999996
5263,村子,219,0.0023,82.2974999999996
5264,违法,219,0.0023,82.2951999999996
5265,往下,219,0.0023,82.2928999999996
5266,时,219,0.0023,82.2905999999996
5267,伪,219,0.0023,82.2882999999996
5268,烂,219,0.0023,82.2836999999996
5269,胸前,219,0.0023,82.2721999999995
5270,显出,219,0.0023,82.2859999999996
5271,内外,219,0.0023,82.2767999999996
5272,火柴,219,0.0023,82.3043999999996
5273,做成,219,0.0023,82.2790999999996
5274,利息,219,0.0023,82.2813999999996
5275,女工,219,0.0023,82.2744999999995
5276,过来,218,0.0023,82.3572999999997
5277,拆,218,0.0023,82.3365999999997
5278,嫁,218,0.0023,82.3319999999997
5279,昼夜,218,0.0023,82.3411999999997
5280,遥远,218,0.0023,82.3434999999997
5281,恰好,218,0.0023,82.3457999999997
5282,建议,218,0.0023,82.3549999999997
5283,书面,218,0.0023,82.3480999999997
5284,侦察,218,0.0023,82.3503999999997
5285,章,218,0.0023,82.3526999999997
5286,特,218,0.0023,82.3388999999997
5287,死后,218,0.0023,82.3227999999997
5288,丛,218,0.0023,82.3273999999997
5289,三月,218,0.0023,82.3066999999996
5290,带动,218,0.0023,82.3342999999997
5291,糊涂,218,0.0023,82.3089999999996
5292,粪,218,0.0023,82.3112999999996
5293,豆腐,218,0.0023,82.3135999999996
5294,两手,218,0.0023,82.3158999999996
5295,屏幕,218,0.0023,82.3181999999996
5296,军区,218,0.0023,82.3204999999997
5297,这种,218,0.0023,82.3296999999997
5298,肠,218,0.0023,82.3250999999997
5299,清理,217,0.0023,82.3779999999998
5300,担负,217,0.0023,82.4078999999999
5301,打扮,217,0.0023,82.3871999999998
5302,耕,217,0.0023,82.3917999999998
5303,损失,217,0.0023,82.3848999999998
5304,当初,217,0.0023,82.3940999999998
5305,判决,217,0.0023,82.3963999999998
5306,计,217,0.0023,82.3986999999998
5307,工商,217,0.0023,82.4009999999998
5308,两边,217,0.0023,82.4032999999998
5309,阴谋,217,0.0023,82.4055999999999
5310,稳,217,0.0023,82.3894999999998
5311,黄昏,217,0.0023,82.3802999999998
5312,增高,217,0.0023,82.3618999999997
5313,法西斯,217,0.0023,82.3641999999998
5314,能动,217,0.0023,82.3664999999998
5315,精心,217,0.0023,82.3687999999998
5316,兴,217,0.0023,82.3710999999998
5317,合并,217,0.0023,82.3825999999998
5318,不敢,217,0.0023,82.3733999999998
5319,荷兰,217,0.0023,82.3756999999998
5320,小于,217,0.0023,82.3595999999997
5321,康德,216,0.0023,82.4400999999999
5322,鹿,216,0.0023,82.4654
5323,传入,216,0.0023,82.4423999999999
5324,疲劳,216,0.0023,82.4377999999999
5325,颁布,216,0.0023,82.4469999999999
5326,极端,216,0.0023,82.4493
5327,独自,216,0.0023,82.4516
5328,供求,216,0.0023,82.4539
5329,人民政府,216,0.0023,82.4562
5330,出卖,216,0.0023,82.4585
5331,犹如,216,0.0023,82.4631
5332,响起,216,0.0023,82.4446999999999
5333,或者说,216,0.0023,82.4193999999999
5334,晃,216,0.0023,82.4147999999999
5335,傍晚,216,0.0023,82.4101999999999
5336,崭新,216,0.0023,82.4170999999999
5337,伯,216,0.0023,82.4608
5338,即是,216,0.0023,82.4216999999999
5339,大伯,216,0.0023,82.4124999999999
5340,浓厚,216,0.0023,82.4239999999999
5341,借鉴,216,0.0023,82.4262999999999
5342,递给,216,0.0023,82.4285999999999
5343,付出,216,0.0023,82.4308999999999
5344,张开,216,0.0023,82.4354999999999
5345,弹,216,0.0023,82.4331999999999
5346,恐惧,215,0.0022,82.5380000000001
5347,猛,215,0.0022,82.5094
5348,心头,215,0.0022,82.5116
5349,凝固,215,0.0022,82.5138
5350,庄严,215,0.0022,82.5292
5351,文物,215,0.0022,82.516
5352,盛,215,0.0022,82.5028
5353,混和,215,0.0022,82.5182
5354,统一战线,215,0.0022,82.5204
5355,农场,215,0.0022,82.5336
5356,娱乐,215,0.0022,82.5402000000001
5357,代价,215,0.0022,82.5358000000001
5358,中外,215,0.0022,82.5226
5359,生产合作社,215,0.0022,82.5314
5360,修建,215,0.0022,82.527
5361,修正主义,215,0.0022,82.5248
5362,盛行,215,0.0022,82.5072
5363,人心,215,0.0022,82.494
5364,大象,215,0.0022,82.4698
5365,魅力,215,0.0022,82.472
5366,总和,215,0.0022,82.4742
5367,宫,215,0.0022,82.4764
5368,灯泡,215,0.0022,82.4984
5369,孙子,215,0.0022,82.4786
5370,前往,215,0.0022,82.505
5371,疼痛,215,0.0022,82.4808
5372,战友,215,0.0022,82.4676
5373,术,215,0.0022,82.483
5374,钻进,215,0.0022,82.4852
5375,趟,215,0.0022,82.4874
5376,精,215,0.0022,82.4896
5377,扬,215,0.0022,82.4918
5378,众,215,0.0022,82.5006
5379,旋律,215,0.0022,82.4962
5380,盒,214,0.0022,82.5710000000001
5381,确切,214,0.0022,82.5688000000001
5382,有点,214,0.0022,82.5666000000001
5383,低声,214,0.0022,82.5446000000001
5384,一万,214,0.0022,82.5644000000001
5385,破产,214,0.0022,82.5754000000001
5386,堆,214,0.0022,82.5622000000001
5387,心想,214,0.0022,82.5600000000001
5388,出路,214,0.0022,82.5732000000001
5389,黑格尔,214,0.0022,82.5424000000001
5390,乐,214,0.0022,82.5556000000001
5391,说说,214,0.0022,82.5512000000001
5392,百万,214,0.0022,82.5490000000001
5393,出口,214,0.0022,82.5468000000001
5394,站长,214,0.0022,82.5578000000001
5395,抵,214,0.0022,82.5534000000001
5396,炉,213,0.0022,82.6040000000001
5397,看起来,213,0.0022,82.6172000000001
5398,储蓄,213,0.0022,82.6150000000001
5399,金,213,0.0022,82.6128000000001
5400,严厉,213,0.0022,82.6106000000001
5401,值,213,0.0022,82.5776000000001
5402,纠纷,213,0.0022,82.6062000000001
5403,传统,213,0.0022,82.6084000000001
5404,人造,213,0.0022,82.6018000000001
5405,哎呀,213,0.0022,82.5996000000001
5406,英文,213,0.0022,82.5952000000001
5407,灰色,213,0.0022,82.5798000000001
5408,岸,213,0.0022,82.5820000000001
5409,树叶,213,0.0022,82.5842000000001
5410,词语,213,0.0022,82.5864000000001
5411,扫,213,0.0022,82.5886000000001
5412,惊讶,213,0.0022,82.5908000000001
5413,晚饭,213,0.0022,82.5974000000001
5414,趁,213,0.0022,82.5930000000001
5415,技术人员,212,0.0022,82.6524000000002
5416,迫使,212,0.0022,82.6458000000002
5417,散文,212,0.0022,82.6546000000002
5418,总要,212,0.0022,82.6568000000002
5419,社会主义改造,212,0.0022,82.6590000000002
5420,善良,212,0.0022,82.6722000000002
5421,词典,212,0.0022,82.6612000000002
5422,全省,212,0.0022,82.6634000000002
5423,说不定,212,0.0022,82.6678000000002
5424,难免,212,0.0022,82.6700000000002
5425,圆形,212,0.0022,82.6656000000002
5426,占据,212,0.0022,82.6480000000002
5427,元,212,0.0022,82.6370000000001
5428,时时,212,0.0022,82.6194000000001
5429,剥夺,212,0.0022,82.6216000000001
5430,塞,212,0.0022,82.6238000000001
5431,射击,212,0.0022,82.6260000000001
5432,直观,212,0.0022,82.6282000000001
5433,电脑,212,0.0022,82.6304000000001
5434,询问,212,0.0022,82.6326000000001
5435,重工业,212,0.0022,82.6348000000001
5436,孔子,212,0.0022,82.6436000000001
5437,花园,212,0.0022,82.6414000000001
5438,助手,212,0.0022,82.6392000000001
5439,使命,212,0.0022,82.6502000000002
5440,交叉,211,0.0022,82.7118000000002
5441,技术改造,211,0.0022,82.7096000000002
5442,存在,211,0.0022,82.7074000000002
5443,职责,211,0.0022,82.7052000000002
5444,序,211,0.0022,82.7030000000002
5445,暴力,211,0.0022,82.7008000000002
5446,叶片,211,0.0022,82.6986000000002
5447,说成,211,0.0022,82.6964000000002
5448,命名,211,0.0022,82.6920000000002
5449,讨,211,0.0022,82.7140000000002
5450,帐,211,0.0022,82.7162000000002
5451,物品,211,0.0022,82.6766000000002
5452,终,211,0.0022,82.6788000000002
5453,罪犯,211,0.0022,82.6810000000002
5454,偏偏,211,0.0022,82.6832000000002
5455,绝对,211,0.0022,82.6942000000002
5456,支部,211,0.0022,82.6876000000002
5457,拍摄,211,0.0022,82.6744000000002
5458,投降,211,0.0022,82.6898000000002
5459,便宜,211,0.0022,82.6854000000002
5460,潮湿,210,0.0022,82.7580000000003
5461,一般说来,210,0.0022,82.7184000000002
5462,衣裳,210,0.0022,82.7558000000002
5463,江南,210,0.0022,82.7602000000003
5464,义务,210,0.0022,82.7536000000002
5465,优越性,210,0.0022,82.7514000000002
5466,长远,210,0.0022,82.7492000000002
5467,驴,210,0.0022,82.7470000000002
5468,抗战,210,0.0022,82.7448000000002
5469,纲领,210,0.0022,82.7426000000002
5470,捏,210,0.0022,82.7624000000003
5471,四月,210,0.0022,82.7404000000002
5472,总量,210,0.0022,82.7206000000002
5473,外汇,210,0.0022,82.7228000000002
5474,二月,210,0.0022,82.7250000000002
5475,麻烦,210,0.0022,82.7272000000002
5476,言,210,0.0022,82.7294000000002
5477,至于,210,0.0022,82.7316000000002
5478,电动,210,0.0022,82.7360000000002
5479,飞到,210,0.0022,82.7382000000002
5480,富有,210,0.0022,82.7338000000002
5481,一端,209,0.0022,82.7822000000003
5482,风景,209,0.0022,82.7800000000003
5483,低头,209,0.0022,82.7778000000003
5484,降水量,209,0.0022,82.7756000000003
5485,诸如,209,0.0022,82.7844000000003
5486,叔,209,0.0022,82.7734000000003
5487,交谈,209,0.0022,82.7646000000003
5488,房里,209,0.0022,82.7712000000003
5489,苏维埃,209,0.0022,82.7866000000003
5490,来往,209,0.0022,82.7690000000003
5491,第五,209,0.0022,82.7668000000003
5492,空前,208,0.0022,82.8262000000003
5493,联,208,0.0022,82.8416000000003
5494,有无,208,0.0022,82.8240000000003
5495,猛烈,208,0.0022,82.8174000000003
5496,自杀,208,0.0022,82.8284000000003
5497,守恒,208,0.0022,82.8306000000003
5498,好事,208,0.0022,82.8328000000003
5499,水源,208,0.0022,82.8130000000003
5500,又称,208,0.0022,82.8350000000003
5501,山西,208,0.0022,82.8196000000003
5502,荣誉,208,0.0022,82.8372000000003
5503,打量,208,0.0022,82.8394000000003
5504,无穷,208,0.0022,82.8218000000003
5505,过去,208,0.0022,82.8108000000003
5506,恰恰,208,0.0022,82.7910000000003
5507,狩猎,208,0.0022,82.7932000000003
5508,省委,208,0.0022,82.7954000000003
5509,总产值,208,0.0022,82.7976000000003
5510,拳头,208,0.0022,82.7998000000003
5511,携带,208,0.0022,82.8020000000003
5512,感觉到,208,0.0022,82.8152000000003
5513,两,208,0.0022,82.8042000000003
5514,木板,208,0.0022,82.7888000000003
5515,味道,208,0.0022,82.8064000000003
5516,无人,208,0.0022,82.8086000000003
5517,清除,207,0.0022,82.8900000000004
5518,罢工,207,0.0022,82.8790000000004
5519,弓,207,0.0022,82.8724000000004
5520,没法,207,0.0022,82.8812000000004
5521,算了,207,0.0022,82.8834000000004
5522,发展中国家,207,0.0022,82.8856000000004
5523,帽,207,0.0022,82.8944000000004
5524,放射,207,0.0022,82.9010000000004
5525,疯狂,207,0.0022,82.8988000000004
5526,地势,207,0.0022,82.8966000000004
5527,激起,207,0.0022,82.8878000000004
5528,景色,207,0.0022,82.8922000000004
5529,而后,207,0.0022,82.8746000000004
5530,医疗,207,0.0022,82.8680000000004
5531,独占,207,0.0022,82.8438000000003
5532,社会实践,207,0.0022,82.8768000000004
5533,改革开放,207,0.0022,82.8504000000003
5534,盖,207,0.0022,82.8526000000003
5535,鼻,207,0.0022,82.8548000000003
5536,傻,207,0.0022,82.8460000000003
5537,交替,207,0.0022,82.8570000000003
5538,同期,207,0.0022,82.8592000000003
5539,引入,207,0.0022,82.8614000000003
5540,站在,207,0.0022,82.8636000000003
5541,安,207,0.0022,82.8702000000004
5542,睡着,207,0.0022,82.8658000000003
5543,结实,207,0.0022,82.8482000000003
5544,钢琴,206,0.0022,82.9230000000004
5545,阶级社会,206,0.0022,82.9384000000004
5546,服,206,0.0022,82.9362000000004
5547,题目,206,0.0022,82.9340000000004
5548,丁,206,0.0022,82.9318000000004
5549,表面,206,0.0022,82.9296000000004
5550,仗,206,0.0022,82.9274000000004
5551,首次,206,0.0022,82.9252000000004
5552,指向,206,0.0022,82.9428000000004
5553,联盟,206,0.0022,82.9032000000004
5554,出土,206,0.0022,82.9186000000004
5555,杂质,206,0.0022,82.9164000000004
5556,依次,206,0.0022,82.9142000000004
5557,厅,206,0.0022,82.9120000000004
5558,景,206,0.0022,82.9098000000004
5559,化石,206,0.0022,82.9076000000004
5560,粒,206,0.0022,82.9208000000004
5561,河水,206,0.0022,82.9406000000004
5562,感激,206,0.0022,82.9054000000004
5563,炼,205,0.0021,82.9743000000004
5564,胶,205,0.0021,82.9722000000004
5565,名义,205,0.0021,82.9701000000004
5566,触,205,0.0021,82.9680000000004
5567,唱歌,205,0.0021,82.9659000000004
5568,赶上,205,0.0021,82.9638000000004
5569,飞跃,205,0.0021,82.9617000000004
5570,哈,205,0.0021,82.9764000000004
5571,口腔,205,0.0021,82.9575000000004
5572,四化,205,0.0021,82.9449000000004
5573,暗示,205,0.0021,82.9785000000004
5574,油画,205,0.0021,82.9470000000004
5575,尸体,205,0.0021,82.9491000000004
5576,饵料,205,0.0021,82.9512000000004
5577,准则,205,0.0021,82.9533000000004
5578,击,205,0.0021,82.9596000000004
5579,毫克,205,0.0021,82.9554000000004
5580,解放区,204,0.0021,83.0037000000004
5581,种群,204,0.0021,83.0079000000004
5582,全年,204,0.0021,83.0100000000004
5583,信贷,204,0.0021,83.0121000000004
5584,物理学家,204,0.0021,83.0226000000004
5585,局限,204,0.0021,83.0142000000004
5586,雕塑,204,0.0021,83.0163000000004
5587,娃娃,204,0.0021,83.0184000000004
5588,悲哀,204,0.0021,83.0205000000004
5589,从不,204,0.0021,82.9995000000004
5590,尿,204,0.0021,83.0247000000004
5591,骄傲,204,0.0021,83.0058000000004
5592,不可,204,0.0021,82.9848000000004
5593,兽,204,0.0021,82.9869000000004
5594,低,204,0.0021,82.9890000000004
5595,焦急,204,0.0021,82.9911000000004
5596,侵略者,204,0.0021,82.9932000000004
5597,一月,204,0.0021,82.9953000000004
5598,变更,204,0.0021,83.0016000000004
5599,着手,204,0.0021,82.9974000000004
5600,二十一,204,0.0021,82.9806000000004
5601,渐,204,0.0021,82.9827000000004
5602,距,203,0.0021,83.0541000000003
5603,风暴,203,0.0021,83.0709000000003
5604,话语,203,0.0021,83.0562000000003
5605,很久,203,0.0021,83.0478000000004
5606,嘿,203,0.0021,83.0583000000003
5607,海岸,203,0.0021,83.0604000000003
5608,阴,203,0.0021,83.0625000000003
5609,综合性,203,0.0021,83.0646000000003
5610,谈起,203,0.0021,83.0667000000003
5611,四肢,203,0.0021,83.0688000000003
5612,氧化物,203,0.0021,83.0520000000003
5613,施行,203,0.0021,83.0415000000004
5614,只是,203,0.0021,83.0289000000004
5615,系列,203,0.0021,83.0436000000004
5616,满脸,203,0.0021,83.0310000000004
5617,放松,203,0.0021,83.0499000000003
5618,手工,203,0.0021,83.0331000000004
5619,坦克,203,0.0021,83.0352000000004
5620,天文学,203,0.0021,83.0373000000004
5621,谋,203,0.0021,83.0457000000004
5622,非法,203,0.0021,83.0394000000004
5623,马列主义,203,0.0021,83.0268000000004
5624,转到,202,0.0021,83.1108000000003
5625,农药,202,0.0021,83.1129000000003
5626,有意义,202,0.0021,83.1423000000003
5627,摄影,202,0.0021,83.1171000000003
5628,铅,202,0.0021,83.1087000000003
5629,阐明,202,0.0021,83.1045000000003
5630,深夜,202,0.0021,83.1213000000003
5631,除去,202,0.0021,83.1150000000003
5632,回国,202,0.0021,83.1234000000003
5633,蝴蝶,202,0.0021,83.1402000000003
5634,碎,202,0.0021,83.1276000000003
5635,为首,202,0.0021,83.1297000000003
5636,怎能,202,0.0021,83.1318000000003
5637,县长,202,0.0021,83.1339000000003
5638,稳定性,202,0.0021,83.1360000000003
5639,全面发展,202,0.0021,83.1381000000003
5640,护,202,0.0021,83.1255000000003
5641,合格,202,0.0021,83.1192000000003
5642,认识论,202,0.0021,83.1024000000003
5643,缘,202,0.0021,83.0793000000003
5644,落下,202,0.0021,83.0730000000003
5645,行人,202,0.0021,83.0814000000003
5646,多余,202,0.0021,83.0835000000003
5647,亲戚,202,0.0021,83.0856000000003
5648,是非,202,0.0021,83.0877000000003
5649,手上,202,0.0021,83.0772000000003
5650,高中,202,0.0021,83.0898000000003
5651,后代,202,0.0021,83.0919000000003
5652,姐妹,202,0.0021,83.0940000000003
5653,药品,202,0.0021,83.0961000000003
5654,颗粒,202,0.0021,83.0982000000003
5655,好了,202,0.0021,83.1066000000003
5656,相差,202,0.0021,83.1003000000003
5657,小型,202,0.0021,83.0751000000003
5658,大婶,201,0.0021,83.1906000000003
5659,收音机,201,0.0021,83.1717000000003
5660,洋,201,0.0021,83.1696000000003
5661,内地,201,0.0021,83.1738000000003
5662,收支,201,0.0021,83.1759000000003
5663,中子,201,0.0021,83.1633000000003
5664,弹簧,201,0.0021,83.1801000000003
5665,奏,201,0.0021,83.1780000000003
5666,伏特,201,0.0021,83.1822000000003
5667,激光,201,0.0021,83.1843000000003
5668,拔,201,0.0021,83.1864000000003
5669,发起,201,0.0021,83.1885000000003
5670,线索,201,0.0021,83.1927000000003
5671,微弱,201,0.0021,83.1654000000003
5672,正是,201,0.0021,83.1444000000003
5673,手臂,201,0.0021,83.1465000000003
5674,水泥,201,0.0021,83.1486000000003
5675,高空,201,0.0021,83.1507000000003
5676,渔业,201,0.0021,83.1528000000003
5677,中年,201,0.0021,83.1549000000003
5678,开玩笑,201,0.0021,83.1570000000003
5679,专,201,0.0021,83.1591000000003
5680,质子,201,0.0021,83.1675000000003
5681,花粉,201,0.0021,83.1612000000003
5682,容器,200,0.0021,83.2200000000002
5683,锅,200,0.0021,83.2158000000002
5684,老,200,0.0021,83.2221000000002
5685,灾难,200,0.0021,83.2242000000002
5686,遂,200,0.0021,83.2263000000002
5687,开门,200,0.0021,83.2284000000002
5688,上山,200,0.0021,83.2305000000002
5689,陌生,200,0.0021,83.2326000000002
5690,姿势,200,0.0021,83.2116000000002
5691,超额,200,0.0021,83.2347000000002
5692,既,200,0.0021,83.2179000000002
5693,千克,200,0.0021,83.2095000000002
5694,湖北,200,0.0021,83.1969000000003
5695,一边,200,0.0021,83.1990000000003
5696,自愿,200,0.0021,83.2011000000003
5697,错,200,0.0021,83.2032000000003
5698,表象,200,0.0021,83.2053000000002
5699,司令员,200,0.0021,83.2137000000002
5700,抽出,200,0.0021,83.2074000000002
5701,窝,200,0.0021,83.1948000000003
5702,红旗,199,0.0021,83.2389000000002
5703,订,199,0.0021,83.2578000000002
5704,辅助,199,0.0021,83.2725000000002
5705,长沙,199,0.0021,83.2704000000002
5706,全家,199,0.0021,83.2683000000002
5707,作曲家,199,0.0021,83.2662000000002
5708,巧妙,199,0.0021,83.2641000000002
5709,交代,199,0.0021,83.2620000000002
5710,砸,199,0.0021,83.2599000000002
5711,哼,199,0.0021,83.2746000000002
5712,误差,199,0.0021,83.2368000000002
5713,公认,199,0.0021,83.2536000000002
5714,炸,199,0.0021,83.2515000000002
5715,甩,199,0.0021,83.2494000000002
5716,独立性,199,0.0021,83.2473000000002
5717,季,199,0.0021,83.2452000000002
5718,民族资产阶级,199,0.0021,83.2431000000002
5719,失调,199,0.0021,83.2557000000002
5720,半殖民地,199,0.0021,83.2410000000002
5721,手枪,198,0.0021,83.3061000000002
5722,无论如何,198,0.0021,83.3124000000002
5723,小姑娘,198,0.0021,83.3397000000002
5724,公正,198,0.0021,83.3145000000002
5725,结成,198,0.0021,83.3166000000002
5726,周年,198,0.0021,83.3187000000002
5727,作法,198,0.0021,83.3208000000002
5728,意图,198,0.0021,83.3229000000002
5729,上班,198,0.0021,83.3376000000002
5730,干脆,198,0.0021,83.3250000000002
5731,大叔,198,0.0021,83.3271000000002
5732,不通,198,0.0021,83.3292000000002
5733,四百,198,0.0021,83.3313000000002
5734,无不,198,0.0021,83.3334000000002
5735,过度,198,0.0021,83.3355000000002
5736,郑,198,0.0021,83.3103000000002
5737,变形,198,0.0021,83.3040000000002
5738,中共,198,0.0021,83.2872000000002
5739,暗暗,198,0.0021,83.2914000000002
5740,观看,198,0.0021,83.2830000000002
5741,像是,198,0.0021,83.2809000000002
5742,壮,198,0.0021,83.2788000000002
5743,草案,198,0.0021,83.2767000000002
5744,老子,198,0.0021,83.2851000000002
5745,识字,198,0.0021,83.2935000000002
5746,市民,198,0.0021,83.2956000000002
5747,神态,198,0.0021,83.2977000000002
5748,鉴别,198,0.0021,83.3082000000002
5749,年龄,198,0.0021,83.2998000000002
5750,爱因斯坦,198,0.0021,83.2893000000002
5751,最后,198,0.0021,83.3019000000002
5752,列,197,0.0021,83.3733000000001
5753,召集,197,0.0021,83.3985000000001
5754,愈来愈,197,0.0021,83.3775000000001
5755,自,197,0.0021,83.3712000000001
5756,这么说,197,0.0021,83.3817000000001
5757,资本主义制度,197,0.0021,83.3838000000001
5758,腐朽,197,0.0021,83.3859000000001
5759,光照,197,0.0021,83.3964000000001
5760,毒,197,0.0021,83.3901000000001
5761,事先,197,0.0021,83.3922000000001
5762,截,197,0.0021,83.3670000000001
5763,公顷,197,0.0021,83.3943000000001
5764,对抗,197,0.0021,83.3754000000001
5765,难得,197,0.0021,83.3880000000001
5766,形式上,197,0.0021,83.3796000000001
5767,羽毛,197,0.0021,83.3649000000001
5768,耗费,197,0.0021,83.3439000000002
5769,天真,197,0.0021,83.3460000000002
5770,煮,197,0.0021,83.3481000000002
5771,三角,197,0.0021,83.3502000000002
5772,带到,197,0.0021,83.3523000000002
5773,松,197,0.0021,83.3544000000002
5774,上课,197,0.0021,83.3565000000002
5775,人事,197,0.0021,83.3586000000002
5776,中国共产党,197,0.0021,83.3691000000001
5777,俄罗斯,197,0.0021,83.3607000000002
5778,辩证唯物主义,197,0.0021,83.3418000000002
5779,光荣,197,0.0021,83.3628000000001
5780,江苏,196,0.0021,83.4426000000001
5781,正义,196,0.0021,83.4279000000001
5782,配套,196,0.0021,83.4216000000001
5783,大妈,196,0.0021,83.4300000000001
5784,受伤,196,0.0021,83.4321000000001
5785,匀,196,0.0021,83.4342000000001
5786,地表,196,0.0021,83.4363000000001
5787,一边,196,0.0021,83.4384000000001
5788,窄,196,0.0021,83.4405000000001
5789,弯,196,0.0021,83.4258000000001
5790,法人,196,0.0021,83.4153000000001
5791,臂,196,0.0021,83.4006000000001
5792,辛苦,196,0.0021,83.4027000000001
5793,基础上,196,0.0021,83.4048000000001
5794,一道,196,0.0021,83.4174000000001
5795,增添,196,0.0021,83.4090000000001
5796,黑人,196,0.0021,83.4237000000001
5797,园,196,0.0021,83.4195000000001
5798,财力,196,0.0021,83.4111000000001
5799,箱,196,0.0021,83.4132000000001
5800,冠,196,0.0021,83.4069000000001
5801,核算,195,0.002,83.4726
5802,弯曲,195,0.002,83.4946
5803,塔,195,0.002,83.4766
5804,杯,195,0.002,83.4686
5805,箱子,195,0.002,83.4786
5806,滋味,195,0.002,83.4806
5807,时刻,195,0.002,83.4826
5808,清代,195,0.002,83.4846
5809,讲过,195,0.002,83.4866
5810,类,195,0.002,83.4886
5811,海拔,195,0.002,83.4906
5812,一般人,195,0.002,83.4926
5813,痛快,195,0.002,83.4706
5814,抗日战争,195,0.002,83.4606000000001
5815,习性,195,0.002,83.4466000000001
5816,里边,195,0.002,83.4486000000001
5817,中等,195,0.002,83.4506000000001
5818,微粒,195,0.002,83.4526000000001
5819,采集,195,0.002,83.4546000000001
5820,军民,195,0.002,83.4646
5821,果树,195,0.002,83.4566000000001
5822,画出,195,0.002,83.4746
5823,溜,195,0.002,83.4586000000001
5824,递,195,0.002,83.4666
5825,一口,195,0.002,83.4626000000001
5826,原谅,195,0.002,83.4446000000001
5827,掩盖,194,0.002,83.5185999999999
5828,百年,194,0.002,83.5165999999999
5829,皮鞋,194,0.002,83.5145999999999
5830,力求,194,0.002,83.5125999999999
5831,起初,194,0.002,83.5105999999999
5832,完备,194,0.002,83.4966
5833,明明,194,0.002,83.5205999999999
5834,航空,194,0.002,83.5225999999999
5835,摆动,194,0.002,83.5085999999999
5836,株,194,0.002,83.5065999999999
5837,代表团,194,0.002,83.5046
5838,姊,194,0.002,83.5026
5839,惯性,194,0.002,83.5006
5840,老人家,194,0.002,83.4986
5841,设有,193,0.002,83.5485999999999
5842,大体,193,0.002,83.5525999999998
5843,当今,193,0.002,83.5545999999998
5844,成效,193,0.002,83.5465999999999
5845,讲述,193,0.002,83.5565999999998
5846,日子,193,0.002,83.5505999999998
5847,意境,193,0.002,83.5585999999998
5848,纽约,193,0.002,83.5685999999998
5849,山谷,193,0.002,83.5605999999998
5850,炒,193,0.002,83.5625999999998
5851,脏,193,0.002,83.5645999999998
5852,构思,193,0.002,83.5665999999998
5853,裂,193,0.002,83.5705999999998
5854,缓缓,193,0.002,83.5445999999999
5855,抓好,193,0.002,83.5265999999999
5856,评,193,0.002,83.5285999999999
5857,生命力,193,0.002,83.5305999999999
5858,奖,193,0.002,83.5325999999999
5859,闪烁,193,0.002,83.5345999999999
5860,氨,193,0.002,83.5385999999999
5861,游击队,193,0.002,83.5405999999999
5862,短短,193,0.002,83.5245999999999
5863,难题,193,0.002,83.5425999999999
5864,绝大部分,193,0.002,83.5365999999999
5865,无情,192,0.002,83.6025999999997
5866,必将,192,0.002,83.5985999999997
5867,全民,192,0.002,83.6145999999997
5868,仪,192,0.002,83.6005999999997
5869,伤心,192,0.002,83.5925999999997
5870,邪,192,0.002,83.6045999999997
5871,枝,192,0.002,83.6065999999997
5872,灭亡,192,0.002,83.6085999999997
5873,厚度,192,0.002,83.6105999999997
5874,坐标,192,0.002,83.6125999999997
5875,拿来,192,0.002,83.5965999999997
5876,优越,192,0.002,83.5885999999998
5877,会场,192,0.002,83.5865999999998
5878,回归,192,0.002,83.5945999999997
5879,现状,192,0.002,83.5745999999998
5880,朋友们,192,0.002,83.5765999999998
5881,识别,192,0.002,83.5785999999998
5882,歪曲,192,0.002,83.5805999999998
5883,传授,192,0.002,83.5825999999998
5884,白,192,0.002,83.5905999999998
5885,对人,192,0.002,83.5845999999998
5886,帐篷,192,0.002,83.5725999999998
5887,对手,191,0.002,83.6485999999996
5888,大师,191,0.002,83.6525999999996
5889,一跳,191,0.002,83.6465999999996
5890,化学反应,191,0.002,83.6425999999996
5891,剩余,191,0.002,83.6565999999996
5892,结果,191,0.002,83.6505999999996
5893,点燃,191,0.002,83.6585999999996
5894,外形,191,0.002,83.6605999999996
5895,欢喜,191,0.002,83.6745999999996
5896,上前,191,0.002,83.6625999999996
5897,列车,191,0.002,83.6645999999996
5898,杆,191,0.002,83.6665999999996
5899,导弹,191,0.002,83.6685999999996
5900,连连,191,0.002,83.6705999999996
5901,打电话,191,0.002,83.6725999999996
5902,大嫂,191,0.002,83.6545999999996
5903,夸张,191,0.002,83.6405999999996
5904,慢性,191,0.002,83.6225999999997
5905,跑去,191,0.002,83.6185999999997
5906,不下,191,0.002,83.6205999999997
5907,安培,191,0.002,83.6245999999997
5908,轮廓,191,0.002,83.6265999999997
5909,日夜,191,0.002,83.6285999999997
5910,疼,191,0.002,83.6165999999997
5911,场上,191,0.002,83.6305999999997
5912,闪电,191,0.002,83.6325999999997
5913,阿拉伯,191,0.002,83.6345999999997
5914,搜集,191,0.002,83.6365999999996
5915,哲学家,191,0.002,83.6445999999996
5916,火星,191,0.002,83.6385999999996
5917,西夏,190,0.002,83.7005999999995
5918,一开始,190,0.002,83.7065999999995
5919,士,190,0.002,83.6925999999995
5920,废,190,0.002,83.7085999999995
5921,预先,190,0.002,83.7045999999995
5922,越是,190,0.002,83.7105999999995
5923,高峰,190,0.002,83.7125999999995
5924,宣扬,190,0.002,83.7145999999995
5925,开办,190,0.002,83.7165999999995
5926,跳跃,190,0.002,83.7185999999995
5927,外地,190,0.002,83.7205999999995
5928,外语,190,0.002,83.7225999999994
5929,历来,190,0.002,83.7025999999995
5930,嫂子,190,0.002,83.6965999999995
5931,不要紧,190,0.002,83.6785999999995
5932,会见,190,0.002,83.6805999999995
5933,好些,190,0.002,83.6825999999995
5934,译,190,0.002,83.6845999999995
5935,扭,190,0.002,83.6865999999995
5936,德,190,0.002,83.6885999999995
5937,一度,190,0.002,83.6905999999995
5938,明,190,0.002,83.6985999999995
5939,即使是,190,0.002,83.6945999999995
5940,施肥,190,0.002,83.6765999999996
5941,开来,189,0.002,83.7605999999994
5942,挖掘,189,0.002,83.7565999999994
5943,飘,189,0.002,83.7645999999993
5944,养分,189,0.002,83.7665999999993
5945,状,189,0.002,83.7685999999993
5946,揉,189,0.002,83.7705999999993
5947,待遇,189,0.002,83.7725999999993
5948,田野,189,0.002,83.7885999999993
5949,往,189,0.002,83.7745999999993
5950,被告,189,0.002,83.7765999999993
5951,谈判,189,0.002,83.7785999999993
5952,物质文明,189,0.002,83.7805999999993
5953,激情,189,0.002,83.7825999999993
5954,船长,189,0.002,83.7845999999993
5955,翻身,189,0.002,83.7865999999993
5956,对着,189,0.002,83.7625999999994
5957,专制,189,0.002,83.7485999999994
5958,绳子,189,0.002,83.7365999999994
5959,家务,189,0.002,83.7585999999994
5960,放射性,189,0.002,83.7285999999994
5961,典型,189,0.002,83.7305999999994
5962,氏,189,0.002,83.7325999999994
5963,被子,189,0.002,83.7345999999994
5964,农作物,189,0.002,83.7265999999994
5965,以内,189,0.002,83.7385999999994
5966,告别,189,0.002,83.7405999999994
5967,十一,189,0.002,83.7425999999994
5968,长期以来,189,0.002,83.7445999999994
5969,车上,189,0.002,83.7545999999994
5970,柬埔寨,189,0.002,83.7465999999994
5971,转入,189,0.002,83.7245999999994
5972,差距,189,0.002,83.7505999999994
5973,湿润,189,0.002,83.7525999999994
5974,不便,188,0.002,83.8185999999992
5975,不好意思,188,0.002,83.8085999999992
5976,爱护,188,0.002,83.8225999999992
5977,宜,188,0.002,83.8205999999992
5978,老实,188,0.002,83.8245999999992
5979,一头,188,0.002,83.8265999999992
5980,大众,188,0.002,83.8285999999992
5981,皱,188,0.002,83.8405999999992
5982,为着,188,0.002,83.8305999999992
5983,旺盛,188,0.002,83.8325999999992
5984,决定性,188,0.002,83.8345999999992
5985,情境,188,0.002,83.8365999999992
5986,好人,188,0.002,83.8385999999992
5987,后边,188,0.002,83.8425999999992
5988,集体经济,188,0.002,83.8125999999992
5989,水银,188,0.002,83.7925999999993
5990,通信,188,0.002,83.7945999999993
5991,硝酸,188,0.002,83.7965999999993
5992,歌颂,188,0.002,83.7985999999993
5993,氯,188,0.002,83.8005999999993
5994,中学生,188,0.002,83.8025999999993
5995,凑,188,0.002,83.8045999999993
5996,抛,188,0.002,83.8065999999992
5997,磁力,188,0.002,83.8165999999992
5998,舞剧,188,0.002,83.7905999999993
5999,来讲,188,0.002,83.8145999999992
6000,免,188,0.002,83.8105999999992
6001,与其,187,0.002,83.8705999999991
6002,延伸,187,0.002,83.8665999999991
6003,导,187,0.002,83.8725999999991
6004,方法论,187,0.002,83.8745999999991
6005,跑来,187,0.002,83.8765999999991
6006,春秋,187,0.002,83.8865999999991
6007,启示,187,0.002,83.8785999999991
6008,历史唯物主义,187,0.002,83.8805999999991
6009,觉悟,187,0.002,83.8825999999991
6010,游行,187,0.002,83.8625999999991
6011,养料,187,0.002,83.8845999999991
6012,大西洋,187,0.002,83.8685999999991
6013,碰上,187,0.002,83.8605999999991
6014,第二次世界大战,187,0.002,83.8465999999992
6015,新建,187,0.002,83.8485999999992
6016,江青,187,0.002,83.8505999999991
6017,要紧,187,0.002,83.8525999999991
6018,食用,187,0.002,83.8545999999991
6019,岁月,187,0.002,83.8565999999991
6020,竭力,187,0.002,83.8645999999991
6021,大街,187,0.002,83.8585999999991
6022,些,187,0.002,83.8445999999992
6023,若是,186,0.0019,83.9093999999991
6024,挑选,186,0.0019,83.9131999999992
6025,本质上,186,0.0019,83.9150999999992
6026,半导体,186,0.0019,83.9169999999992
6027,放入,186,0.0019,83.9188999999992
6028,跪,186,0.0019,83.9283999999992
6029,麻,186,0.0019,83.9207999999992
6030,艺,186,0.0019,83.9226999999992
6031,微小,186,0.0019,83.9245999999992
6032,无限,186,0.0019,83.9264999999992
6033,大片,186,0.0019,83.9302999999992
6034,协调,186,0.0019,83.9055999999991
6035,那时,186,0.0019,83.8903999999991
6036,扁,186,0.0019,83.8922999999991
6037,出血,186,0.0019,83.8941999999991
6038,不可避免,186,0.0019,83.8960999999991
6039,救国,186,0.0019,83.8979999999991
6040,富于,186,0.0019,83.9074999999991
6041,监视,186,0.0019,83.9017999999991
6042,教导,186,0.0019,83.8884999999991
6043,农户,186,0.0019,83.9036999999991
6044,二十二,186,0.0019,83.8998999999991
6045,内涵,186,0.0019,83.9112999999991
6046,相交,185,0.0019,83.9549999999993
6047,瓜,185,0.0019,83.9511999999993
6048,饥饿,185,0.0019,83.9568999999993
6049,遗留,185,0.0019,83.9587999999993
6050,持久,185,0.0019,83.9606999999993
6051,神学,185,0.0019,83.9625999999993
6052,轻易,185,0.0019,83.9644999999993
6053,江西,185,0.0019,83.9663999999993
6054,合金,185,0.0019,83.9473999999993
6055,确保,185,0.0019,83.9682999999993
6056,挥,185,0.0019,83.9530999999993
6057,项,185,0.0019,83.9454999999993
6058,雷达,185,0.0019,83.9340999999992
6059,遭遇,185,0.0019,83.9359999999992
6060,付,185,0.0019,83.9378999999992
6061,听取,185,0.0019,83.9397999999992
6062,水温,185,0.0019,83.9416999999992
6063,落到,185,0.0019,83.9492999999993
6064,下颌,185,0.0019,83.9435999999993
6065,开设,185,0.0019,83.9321999999992
6066,栽,184,0.0019,83.9720999999993
6067,胡,184,0.0019,83.9891999999994
6068,狠狠,184,0.0019,84.0024999999994
6069,采购,184,0.0019,84.0005999999994
6070,协定,184,0.0019,83.9986999999994
6071,西洋,184,0.0019,83.9967999999994
6072,齐,184,0.0019,83.9948999999994
6073,来得,184,0.0019,83.9929999999994
6074,明代,184,0.0019,83.9910999999994
6075,青岛,184,0.0019,84.0043999999994
6076,化工,184,0.0019,83.9701999999993
6077,促,184,0.0019,83.9853999999994
6078,牲口,184,0.0019,83.9834999999994
6079,制品,184,0.0019,83.9815999999994
6080,特别是,184,0.0019,83.9796999999994
6081,越过,184,0.0019,83.9777999999994
6082,残余,184,0.0019,83.9758999999994
6083,化肥,184,0.0019,83.9872999999994
6084,借助,184,0.0019,83.9739999999994
6085,下层,183,0.0019,84.0385999999996
6086,自然资源,183,0.0019,84.0404999999996
6087,上涨,183,0.0019,84.0423999999996
6088,造林,183,0.0019,84.0442999999996
6089,楼上,183,0.0019,84.0461999999996
6090,当成,183,0.0019,84.0480999999996
6091,试制,183,0.0019,84.0613999999996
6092,穷人,183,0.0019,84.0499999999996
6093,转过,183,0.0019,84.0518999999996
6094,北京市,183,0.0019,84.0537999999996
6095,邮票,183,0.0019,84.0556999999996
6096,公平,183,0.0019,84.0100999999995
6097,揭开,183,0.0019,84.0575999999996
6098,小学生,183,0.0019,84.0347999999995
6099,欠,183,0.0019,84.0594999999996
6100,上学,183,0.0019,84.0366999999996
6101,任命,183,0.0019,84.0309999999995
6102,祝贺,183,0.0019,84.0176999999995
6103,超出,183,0.0019,84.0081999999995
6104,纯洁,183,0.0019,84.0062999999995
6105,调和,183,0.0019,84.0119999999995
6106,认定,183,0.0019,84.0195999999995
6107,菊花,183,0.0019,84.0214999999995
6108,一道,183,0.0019,84.0233999999995
6109,集合,183,0.0019,84.0328999999995
6110,年度,183,0.0019,84.0252999999995
6111,标题,183,0.0019,84.0157999999995
6112,回去,183,0.0019,84.0271999999995
6113,湿度,183,0.0019,84.0290999999995
6114,闯,183,0.0019,84.0138999999995
6115,无线电,182,0.0019,84.1240999999998
6116,前景,182,0.0019,84.0974999999998
6117,简化,182,0.0019,84.0936999999997
6118,发作,182,0.0019,84.1012999999998
6119,批,182,0.0019,84.1031999999998
6120,迫害,182,0.0019,84.1050999999998
6121,剑,182,0.0019,84.1069999999998
6122,方,182,0.0019,84.1088999999998
6123,所属,182,0.0019,84.1107999999998
6124,自转,182,0.0019,84.1259999999998
6125,得知,182,0.0019,84.1145999999998
6126,庆祝,182,0.0019,84.1164999999998
6127,池塘,182,0.0019,84.1183999999998
6128,独,182,0.0019,84.1202999999998
6129,大类,182,0.0019,84.1221999999998
6130,不觉,182,0.0019,84.1126999999998
6131,麻醉,182,0.0019,84.0993999999998
6132,纳入,182,0.0019,84.0898999999997
6133,突出,182,0.0019,84.0879999999997
6134,古希腊,182,0.0019,84.0955999999997
6135,护士,182,0.0019,84.0651999999996
6136,月光,182,0.0019,84.0670999999997
6137,改编,182,0.0019,84.0689999999997
6138,需求,182,0.0019,84.0708999999997
6139,两岸,182,0.0019,84.0727999999997
6140,平方公里,182,0.0019,84.0746999999997
6141,九十,182,0.0019,84.0765999999997
6142,发音,182,0.0019,84.0784999999997
6143,之际,182,0.0019,84.0803999999997
6144,周转,182,0.0019,84.0917999999997
6145,排长,182,0.0019,84.0841999999997
6146,脾,182,0.0019,84.0632999999996
6147,辨别,182,0.0019,84.0860999999997
6148,晚,182,0.0019,84.0822999999997
6149,拣,181,0.0019,84.1811
6150,颈,181,0.0019,84.164
6151,干,181,0.0019,84.1887000000001
6152,完毕,181,0.0019,84.1678
6153,开关,181,0.0019,84.1602
6154,罗,181,0.0019,84.1697
6155,穗,181,0.0019,84.1716
6156,败,181,0.0019,84.1735
6157,弥补,181,0.0019,84.1868
6158,滴,181,0.0019,84.1754
6159,工地,181,0.0019,84.1544999999999
6160,温带,181,0.0019,84.1773
6161,节省,181,0.0019,84.1621
6162,风气,181,0.0019,84.183
6163,主人公,181,0.0019,84.1849
6164,说服,181,0.0019,84.1792
6165,列入,181,0.0019,84.1659
6166,颤抖,181,0.0019,84.1563999999999
6167,成份,181,0.0019,84.1392999999999
6168,下令,181,0.0019,84.1354999999999
6169,沾,181,0.0019,84.1411999999999
6170,大笑,181,0.0019,84.1316999999999
6171,逐,181,0.0019,84.1297999999999
6172,协商,181,0.0019,84.1278999999999
6173,档案,181,0.0019,84.1335999999999
6174,国际法,181,0.0019,84.1430999999999
6175,分量,181,0.0019,84.1449999999999
6176,干预,181,0.0019,84.1468999999999
6177,晶,181,0.0019,84.1583
6178,初级,181,0.0019,84.1487999999999
6179,稳定,181,0.0019,84.1373999999999
6180,水流,181,0.0019,84.1506999999999
6181,房门,181,0.0019,84.1525999999999
6182,旅馆,180,0.0019,84.2172000000001
6183,生出,180,0.0019,84.2115000000001
6184,生活资料,180,0.0019,84.2191000000002
6185,固,180,0.0019,84.2210000000002
6186,途中,180,0.0019,84.2229000000002
6187,圆心,180,0.0019,84.2248000000002
6188,萌芽,180,0.0019,84.2267000000002
6189,抵制,180,0.0019,84.2286000000002
6190,墓,180,0.0019,84.2305000000002
6191,贵州,180,0.0019,84.2153000000001
6192,叫声,180,0.0019,84.2058000000001
6193,精神文明,180,0.0019,84.1925000000001
6194,念头,180,0.0019,84.2134000000001
6195,改组,180,0.0019,84.1944000000001
6196,性别,180,0.0019,84.1963000000001
6197,远方,180,0.0019,84.1982000000001
6198,火山,180,0.0019,84.2001000000001
6199,处境,180,0.0019,84.2020000000001
6200,支队,180,0.0019,84.2096000000001
6201,文人,180,0.0019,84.2039000000001
6202,刊物,180,0.0019,84.1906000000001
6203,捕捉,180,0.0019,84.2077000000001
6204,农田,179,0.0019,84.2837000000004
6205,地租,179,0.0019,84.2628000000003
6206,本性,179,0.0019,84.2666000000003
6207,代表大会,179,0.0019,84.2685000000003
6208,地中海,179,0.0019,84.2704000000003
6209,柔软,179,0.0019,84.2723000000003
6210,或许,179,0.0019,84.2742000000003
6211,前夕,179,0.0019,84.2761000000003
6212,扩大再生产,179,0.0019,84.2780000000003
6213,柴,179,0.0019,84.2818000000004
6214,潮流,179,0.0019,84.2856000000004
6215,地下水,179,0.0019,84.2875000000004
6216,同类,179,0.0019,84.2894000000004
6217,贫农,179,0.0019,84.2913000000004
6218,广义,179,0.0019,84.2799000000004
6219,起点,179,0.0019,84.2647000000003
6220,愁,179,0.0019,84.2571000000003
6221,警惕,179,0.0019,84.2457000000002
6222,养鱼,179,0.0019,84.2362000000002
6223,好奇,179,0.0019,84.2381000000002
6224,收益,179,0.0019,84.2400000000002
6225,要知道,179,0.0019,84.2419000000002
6226,趋于,179,0.0019,84.2590000000003
6227,男孩,179,0.0019,84.2438000000002
6228,通电,179,0.0019,84.2932000000004
6229,现,179,0.0019,84.2343000000002
6230,顾问,179,0.0019,84.2476000000002
6231,枝条,179,0.0019,84.2495000000003
6232,多数,179,0.0019,84.2514000000003
6233,赞扬,179,0.0019,84.2533000000003
6234,延续,179,0.0019,84.2609000000003
6235,获取,179,0.0019,84.2552000000003
6236,宝,179,0.0019,84.2324000000002
6237,苦难,178,0.0019,84.3312000000005
6238,宽,178,0.0019,84.3388000000005
6239,推出,178,0.0019,84.3331000000005
6240,理性,178,0.0019,84.3350000000005
6241,大树,178,0.0019,84.3578000000006
6242,神色,178,0.0019,84.3369000000005
6243,怀念,178,0.0019,84.3274000000005
6244,满族,178,0.0019,84.3407000000006
6245,中华,178,0.0019,84.3426000000006
6246,少爷,178,0.0019,84.3559000000006
6247,突,178,0.0019,84.3464000000006
6248,唐,178,0.0019,84.3483000000006
6249,对外,178,0.0019,84.3502000000006
6250,野兽,178,0.0019,84.3521000000006
6251,般,178,0.0019,84.3540000000006
6252,派出,178,0.0019,84.3445000000006
6253,免疫,178,0.0019,84.3597000000006
6254,卷,178,0.0019,84.3236000000005
6255,周期性,178,0.0019,84.3217000000005
6256,唔,178,0.0019,84.3293000000005
6257,细细,178,0.0019,84.3046000000004
6258,想像,178,0.0019,84.3084000000004
6259,极,178,0.0019,84.3008000000004
6260,发给,178,0.0019,84.2989000000004
6261,有必要,178,0.0019,84.2970000000004
6262,盆地,178,0.0019,84.2951000000004
6263,伪军,178,0.0019,84.3027000000004
6264,新四军,178,0.0019,84.3103000000005
6265,织,178,0.0019,84.3122000000005
6266,心思,178,0.0019,84.3141000000005
6267,功课,178,0.0019,84.3255000000005
6268,海外,178,0.0019,84.3179000000005
6269,修辞,178,0.0019,84.3065000000004
6270,动能,178,0.0019,84.3198000000005
6271,倘若,178,0.0019,84.3160000000005
6272,浮游,177,0.0019,84.4072000000008
6273,藻,177,0.0019,84.4015000000008
6274,迷,177,0.0019,84.4034000000008
6275,无非,177,0.0019,84.4148000000008
6276,氨基酸,177,0.0019,84.4053000000008
6277,法子,177,0.0019,84.3958000000007
6278,体会,177,0.0019,84.4091000000008
6279,怎么回事,177,0.0019,84.4110000000008
6280,段,177,0.0019,84.4186000000008
6281,振兴,177,0.0019,84.4281000000008
6282,综合,177,0.0019,84.4262000000008
6283,电磁波,177,0.0019,84.4243000000008
6284,捕,177,0.0019,84.4224000000008
6285,羡慕,177,0.0019,84.4205000000008
6286,李宗仁,177,0.0019,84.3901000000007
6287,下雨,177,0.0019,84.4129000000008
6288,求出,177,0.0019,84.3996000000007
6289,马克思主义哲学,177,0.0019,84.4167000000008
6290,畸形,177,0.0019,84.3977000000007
6291,耍,177,0.0019,84.3920000000007
6292,比起,177,0.0019,84.3711000000007
6293,财,177,0.0019,84.3692000000006
6294,普遍性,177,0.0019,84.3673000000006
6295,狭窄,177,0.0019,84.3654000000006
6296,鼓吹,177,0.0019,84.3635000000006
6297,裹,177,0.0019,84.3616000000006
6298,弧,177,0.0019,84.3730000000007
6299,传,177,0.0019,84.3768000000007
6300,拉住,177,0.0019,84.3787000000007
6301,意味,177,0.0019,84.3806000000007
6302,海南,177,0.0019,84.3825000000007
6303,人脑,177,0.0019,84.3844000000007
6304,旗帜,177,0.0019,84.3863000000007
6305,脱落,177,0.0019,84.3939000000007
6306,肿瘤,177,0.0019,84.3882000000007
6307,弱点,177,0.0019,84.3749000000007
6308,有所不同,176,0.0018,84.4641000000009
6309,大豆,176,0.0018,84.4605000000009
6310,展现,176,0.0018,84.4677000000009
6311,游击,176,0.0018,84.4695000000009
6312,不论是,176,0.0018,84.4713000000009
6313,升起,176,0.0018,84.4731000000009
6314,图书馆,176,0.0018,84.4875000000009
6315,下游,176,0.0018,84.4749000000009
6316,和,176,0.0018,84.4767000000009
6317,拼命,176,0.0018,84.4785000000009
6318,一手,176,0.0018,84.4803000000009
6319,娶,176,0.0018,84.4821000000009
6320,或者是,176,0.0018,84.4839000000009
6321,何必,176,0.0018,84.4569000000009
6322,体重,176,0.0018,84.4857000000009
6323,物力,176,0.0018,84.4623000000009
6324,东京,176,0.0018,84.4659000000009
6325,盗窃,176,0.0018,84.4533000000009
6326,确认,176,0.0018,84.4407000000009
6327,二千,176,0.0018,84.4317000000008
6328,关联,176,0.0018,84.4335000000008
6329,纹,176,0.0018,84.4353000000009
6330,无比,176,0.0018,84.4371000000009
6331,课堂,176,0.0018,84.4389000000009
6332,人均,176,0.0018,84.4299000000008
6333,指示,176,0.0018,84.4425000000009
6334,眼看,176,0.0018,84.4443000000009
6335,年初,176,0.0018,84.4461000000009
6336,优质,176,0.0018,84.4479000000009
6337,传出,176,0.0018,84.4497000000009
6338,形象,176,0.0018,84.4515000000009
6339,听众,176,0.0018,84.4587000000009
6340,煤矿,176,0.0018,84.4551000000009
6341,震,175,0.0018,84.523500000001
6342,实质上,175,0.0018,84.534300000001
6343,样品,175,0.0018,84.516300000001
6344,一手,175,0.0018,84.512700000001
6345,短期,175,0.0018,84.518100000001
6346,全球,175,0.0018,84.519900000001
6347,望去,175,0.0018,84.521700000001
6348,并存,175,0.0018,84.532500000001
6349,叹息,175,0.0018,84.525300000001
6350,千万,175,0.0018,84.527100000001
6351,从未,175,0.0018,84.528900000001
6352,西安,175,0.0018,84.530700000001
6353,自治,175,0.0018,84.509100000001
6354,林木,175,0.0018,84.505500000001
6355,职权,175,0.0018,84.514500000001
6356,避,175,0.0018,84.4911000000009
6357,丑,175,0.0018,84.4929000000009
6358,花朵,175,0.0018,84.4947000000009
6359,逆,175,0.0018,84.4965000000009
6360,解剖,175,0.0018,84.498300000001
6361,多半,175,0.0018,84.500100000001
6362,赶来,175,0.0018,84.501900000001
6363,差价,175,0.0018,84.503700000001
6364,浸,175,0.0018,84.510900000001
6365,欲,175,0.0018,84.507300000001
6366,解放前,175,0.0018,84.4893000000009
6367,高声,174,0.0018,84.5703000000011
6368,省,174,0.0018,84.5721000000011
6369,怨,174,0.0018,84.6009000000011
6370,足球,174,0.0018,84.5757000000011
6371,大风,174,0.0018,84.5685000000011
6372,无声,174,0.0018,84.5793000000011
6373,展览,174,0.0018,84.5811000000011
6374,开创,174,0.0018,84.5829000000011
6375,肿,174,0.0018,84.5847000000011
6376,判处,174,0.0018,84.5865000000011
6377,当天,174,0.0018,84.6027000000011
6378,作斗争,174,0.0018,84.5901000000011
6379,关注,174,0.0018,84.5919000000011
6380,工场,174,0.0018,84.5937000000011
6381,春苗,174,0.0018,84.5955000000011
6382,木头,174,0.0018,84.5973000000011
6383,日报,174,0.0018,84.5991000000011
6384,退出,174,0.0018,84.5883000000011
6385,呼唤,174,0.0018,84.5775000000011
6386,堂,174,0.0018,84.5649000000011
6387,粘膜,174,0.0018,84.5613000000011
6388,慌,174,0.0018,84.5739000000011
6389,面部,174,0.0018,84.545100000001
6390,渔,174,0.0018,84.550500000001
6391,节,174,0.0018,84.543300000001
6392,叫作,174,0.0018,84.541500000001
6393,外贸,174,0.0018,84.539700000001
6394,完美,174,0.0018,84.537900000001
6395,答道,174,0.0018,84.536100000001
6396,难受,174,0.0018,84.546900000001
6397,伊斯兰教,174,0.0018,84.552300000001
6398,求得,174,0.0018,84.554100000001
6399,亡,174,0.0018,84.555900000001
6400,苏州,174,0.0018,84.557700000001
6401,两旁,174,0.0018,84.5595000000011
6402,本地,174,0.0018,84.5667000000011
6403,巨,174,0.0018,84.5631000000011
6404,大庆,174,0.0018,84.548700000001
6405,技术员,173,0.0018,84.6495000000012
6406,惹,173,0.0018,84.6387000000012
6407,首先,173,0.0018,84.6351000000012
6408,眉头,173,0.0018,84.6549000000012
6409,误,173,0.0018,84.6369000000012
6410,谈论,173,0.0018,84.6315000000012
6411,就要,173,0.0018,84.6405000000012
6412,沈阳,173,0.0018,84.6423000000012
6413,蜘蛛,173,0.0018,84.6441000000012
6414,赶忙,173,0.0018,84.6261000000012
6415,朝廷,173,0.0018,84.6477000000012
6416,四个现代化,173,0.0018,84.6459000000012
6417,纪录,173,0.0018,84.6513000000012
6418,彩,173,0.0018,84.6531000000012
6419,一连,173,0.0018,84.6333000000012
6420,吃惊,173,0.0018,84.6279000000012
6421,役,173,0.0018,84.6117000000011
6422,趋向,173,0.0018,84.6153000000011
6423,美洲,173,0.0018,84.6081000000011
6424,后面,173,0.0018,84.6063000000011
6425,操,173,0.0018,84.6045000000011
6426,程式,173,0.0018,84.6099000000011
6427,天鹅,173,0.0018,84.6171000000011
6428,温,173,0.0018,84.6189000000011
6429,预定,173,0.0018,84.6207000000012
6430,稻,173,0.0018,84.6297000000012
6431,通,173,0.0018,84.6225000000012
6432,心理学家,173,0.0018,84.6135000000011
6433,战国,173,0.0018,84.6243000000012
6434,蒙,172,0.0018,84.6909000000013
6435,睁,172,0.0018,84.6873000000013
6436,角落,172,0.0018,84.7071000000013
6437,高等,172,0.0018,84.6891000000013
6438,酸性,172,0.0018,84.6819000000012
6439,土匪,172,0.0018,84.6927000000013
6440,各,172,0.0018,84.6945000000013
6441,援助,172,0.0018,84.6963000000013
6442,电器,172,0.0018,84.6981000000013
6443,涨,172,0.0018,84.6999000000013
6444,蒸气,172,0.0018,84.7017000000013
6445,形容,172,0.0018,84.7035000000013
6446,律师,172,0.0018,84.7053000000013
6447,时刻,172,0.0018,84.6765000000012
6448,朦胧,172,0.0018,84.6855000000013
6449,清,172,0.0018,84.6837000000013
6450,蚯蚓,172,0.0018,84.6585000000012
6451,各个,172,0.0018,84.6603000000012
6452,度过,172,0.0018,84.6621000000012
6453,相近,172,0.0018,84.6639000000012
6454,弄清,172,0.0018,84.6657000000012
6455,教育学,172,0.0018,84.6567000000012
6456,极力,172,0.0018,84.6675000000012
6457,加紧,172,0.0018,84.6693000000012
6458,有意识,172,0.0018,84.6711000000012
6459,不是,172,0.0018,84.6729000000012
6460,是,172,0.0018,84.6801000000012
6461,研究生,172,0.0018,84.6747000000012
6462,分割,172,0.0018,84.6783000000012
6463,甚么,171,0.0018,84.7341000000013
6464,听觉,171,0.0018,84.7377000000013
6465,骨头,171,0.0018,84.7395000000013
6466,顾,171,0.0018,84.7413000000013
6467,屋顶,171,0.0018,84.7431000000013
6468,债,171,0.0018,84.7449000000014
6469,学堂,171,0.0018,84.7467000000014
6470,所致,171,0.0018,84.7611000000014
6471,淘汰,171,0.0018,84.7503000000014
6472,法定,171,0.0018,84.7521000000014
6473,赛,171,0.0018,84.7539000000014
6474,中断,171,0.0018,84.7557000000014
6475,妙,171,0.0018,84.7593000000014
6476,招,171,0.0018,84.7485000000014
6477,澳大利亚,171,0.0018,84.7359000000013
6478,现存,171,0.0018,84.7143000000013
6479,雪白,171,0.0018,84.7107000000013
6480,过大,171,0.0018,84.7305000000013
6481,牲畜,171,0.0018,84.7125000000013
6482,盼望,171,0.0018,84.7575000000014
6483,大军,171,0.0018,84.7161000000013
6484,急剧,171,0.0018,84.7179000000013
6485,助,171,0.0018,84.7089000000013
6486,将要,171,0.0018,84.7197000000013
6487,植株,171,0.0018,84.7215000000013
6488,亲眼,171,0.0018,84.7233000000013
6489,讽刺,171,0.0018,84.7251000000013
6490,温柔,171,0.0018,84.7269000000013
6491,钟头,171,0.0018,84.7287000000013
6492,处罚,171,0.0018,84.7323000000013
6493,育种,170,0.0018,84.7971000000014
6494,蟹,170,0.0018,84.8043000000014
6495,思想政治教育,170,0.0018,84.7989000000014
6496,沈,170,0.0018,84.8007000000014
6497,关,170,0.0018,84.8223000000015
6498,生产,170,0.0018,84.8025000000014
6499,鸦片,170,0.0018,84.7935000000014
6500,视野,170,0.0018,84.8061000000015
6501,另有,170,0.0018,84.8079000000015
6502,中国队,170,0.0018,84.8205000000015
6503,时刻,170,0.0018,84.8115000000015
6504,粗糙,170,0.0018,84.8133000000015
6505,袁,170,0.0018,84.8151000000015
6506,测验,170,0.0018,84.8169000000015
6507,广场,170,0.0018,84.8187000000015
6508,套,170,0.0018,84.8097000000015
6509,华北,170,0.0018,84.8241000000015
6510,不干,170,0.0018,84.7899000000014
6511,停顿,170,0.0018,84.7881000000014
6512,刻苦,170,0.0018,84.7953000000014
6513,家畜,170,0.0018,84.7719000000014
6514,野外,170,0.0018,84.7755000000014
6515,样本,170,0.0018,84.7683000000014
6516,居于,170,0.0018,84.7665000000014
6517,鼓,170,0.0018,84.7647000000014
6518,太阳系,170,0.0018,84.7629000000014
6519,声明,170,0.0018,84.7701000000014
6520,教育事业,170,0.0018,84.7773000000014
6521,缓,170,0.0018,84.7791000000014
6522,岛上,170,0.0018,84.7809000000014
6523,表述,170,0.0018,84.7917000000014
6524,书本,170,0.0018,84.7845000000014
6525,星星,170,0.0018,84.7737000000014
6526,话剧,170,0.0018,84.7863000000014
6527,等,170,0.0018,84.7827000000014
6528,入,169,0.0018,84.8691000000016
6529,预算,169,0.0018,84.8637000000015
6530,气息,169,0.0018,84.8655000000015
6531,贫下中农,169,0.0018,84.8871000000016
6532,猜,169,0.0018,84.8673000000015
6533,眼下,169,0.0018,84.8583000000015
6534,歌舞,169,0.0018,84.8709000000016
6535,各地,169,0.0018,84.8727000000016
6536,担,169,0.0018,84.8745000000016
6537,沿,169,0.0018,84.8763000000016
6538,边区,169,0.0018,84.8781000000016
6539,基督,169,0.0018,84.8799000000016
6540,吩咐,169,0.0018,84.8817000000016
6541,门口,169,0.0018,84.8835000000016
6542,展示,169,0.0018,84.8529000000015
6543,急需,169,0.0018,84.8853000000016
6544,两极,169,0.0018,84.8601000000015
6545,边疆,169,0.0018,84.8619000000015
6546,开采,169,0.0018,84.8547000000015
6547,一旁,169,0.0018,84.8349000000015
6548,边境,169,0.0018,84.8331000000015
6549,老乡,169,0.0018,84.8313000000015
6550,好坏,169,0.0018,84.8295000000015
6551,进门,169,0.0018,84.8277000000015
6552,疲倦,169,0.0018,84.8259000000015
6553,当然,169,0.0018,84.8367000000015
6554,腺,169,0.0018,84.8403000000015
6555,轻视,169,0.0018,84.8421000000015
6556,掌,169,0.0018,84.8439000000015
6557,经济规律,169,0.0018,84.8457000000015
6558,教,169,0.0018,84.8475000000015
6559,喝酒,169,0.0018,84.8493000000015
6560,香烟,169,0.0018,84.8565000000015
6561,精子,169,0.0018,84.8511000000015
6562,卵巢,169,0.0018,84.8385000000015
6563,宋代,168,0.0018,84.9213000000016
6564,恶劣,168,0.0018,84.9303000000017
6565,难于,168,0.0018,84.9231000000016
6566,受过,168,0.0018,84.9159000000016
6567,别,168,0.0018,84.9249000000016
6568,细胞质,168,0.0018,84.9267000000016
6569,滞,168,0.0018,84.9339000000017
6570,尤,168,0.0018,84.9411000000017
6571,宋,168,0.0018,84.9393000000017
6572,向往,168,0.0018,84.9375000000017
6573,照着,168,0.0018,84.9357000000017
6574,口语,168,0.0018,84.9285000000016
6575,病情,168,0.0018,84.9321000000017
6576,肥,168,0.0018,84.9123000000016
6577,摩,168,0.0018,84.9195000000016
6578,绝,168,0.0018,84.9177000000016
6579,缝,168,0.0018,84.8907000000016
6580,断定,168,0.0018,84.8925000000016
6581,分散,168,0.0018,84.8943000000016
6582,朝着,168,0.0018,84.8961000000016
6583,耳边,168,0.0018,84.8979000000016
6584,肉体,168,0.0018,84.8889000000016
6585,笑话,168,0.0018,84.8997000000016
6586,确是,168,0.0018,84.9015000000016
6587,种种,168,0.0018,84.9033000000016
6588,社会性,168,0.0018,84.9051000000016
6589,源泉,168,0.0018,84.9069000000016
6590,热情,168,0.0018,84.9087000000016
6591,带上,168,0.0018,84.9141000000016
6592,包装,168,0.0018,84.9105000000016
6593,贮存,167,0.0017,84.9938000000017
6594,前人,167,0.0017,84.9717000000017
6595,悬,167,0.0017,84.9700000000017
6596,自有,167,0.0017,84.9734000000017
6597,宣告,167,0.0017,84.9751000000017
6598,几分,167,0.0017,84.9768000000017
6599,处长,167,0.0017,84.9785000000017
6600,侵蚀,167,0.0017,84.9802000000017
6601,赢得,167,0.0017,84.9819000000017
6602,加重,167,0.0017,84.9972000000017
6603,积压,167,0.0017,84.9853000000017
6604,架,167,0.0017,84.9870000000017
6605,春季,167,0.0017,84.9887000000017
6606,生育,167,0.0017,84.9904000000017
6607,响应,167,0.0017,84.9921000000017
6608,篇,167,0.0017,84.9836000000017
6609,神奇,167,0.0017,84.9445000000017
6610,再说,167,0.0017,84.9666000000017
6611,遥感,167,0.0017,84.9955000000017
6612,钥匙,167,0.0017,84.9547000000017
6613,征收,167,0.0017,84.9462000000017
6614,不料,167,0.0017,84.9479000000017
6615,莫斯科,167,0.0017,84.9496000000017
6616,国内,167,0.0017,84.9513000000017
6617,山水,167,0.0017,84.9530000000017
6618,坑,167,0.0017,84.9428000000017
6619,唯,167,0.0017,84.9564000000017
6620,充,167,0.0017,84.9581000000017
6621,辛勤,167,0.0017,84.9598000000017
6622,带头,167,0.0017,84.9615000000017
6623,否,167,0.0017,84.9632000000017
6624,邓,167,0.0017,84.9649000000017
6625,港口,167,0.0017,84.9683000000017
6626,淡淡,166,0.0017,85.0516000000016
6627,麦,166,0.0017,85.0295000000016
6628,中旬,166,0.0017,85.0261000000016
6629,尝试,166,0.0017,85.0329000000016
6630,毁灭,166,0.0017,85.0346000000016
6631,盼,166,0.0017,85.0363000000016
6632,钾,166,0.0017,85.0380000000016
6633,作用力,166,0.0017,85.0397000000016
6634,户口,166,0.0017,85.0533000000016
6635,爱国主义,166,0.0017,85.0414000000016
6636,工商业,166,0.0017,85.0431000000016
6637,悠久,166,0.0017,85.0448000000016
6638,眉毛,166,0.0017,85.0465000000016
6639,本事,166,0.0017,85.0482000000016
6640,辞,166,0.0017,85.0499000000016
6641,人民币,166,0.0017,85.0227000000016
6642,咨询,166,0.0017,85.0312000000016
6643,盛,166,0.0017,85.0278000000016
6644,一刻,166,0.0017,85.0210000000016
6645,梅,166,0.0017,85.0074000000017
6646,公公,166,0.0017,85.0108000000017
6647,深沉,166,0.0017,85.0040000000017
6648,生产工具,166,0.0017,85.0023000000017
6649,许许多多,166,0.0017,85.0006000000017
6650,以,166,0.0017,84.9989000000017
6651,失误,166,0.0017,85.0057000000017
6652,刑事,166,0.0017,85.0125000000017
6653,戴上,166,0.0017,85.0142000000017
6654,贮藏,166,0.0017,85.0159000000017
6655,趣味,166,0.0017,85.0244000000016
6656,法学,166,0.0017,85.0176000000017
6657,觉,166,0.0017,85.0091000000017
6658,配置,166,0.0017,85.0193000000016
6659,稿,165,0.0017,85.1060000000016
6660,现金,165,0.0017,85.0856000000016
6661,统统,165,0.0017,85.0873000000016
6662,剧,165,0.0017,85.0890000000016
6663,折磨,165,0.0017,85.1094000000016
6664,涌现,165,0.0017,85.0907000000016
6665,饱,165,0.0017,85.0822000000016
6666,表扬,165,0.0017,85.0924000000016
6667,亏,165,0.0017,85.0941000000016
6668,汗水,165,0.0017,85.0958000000016
6669,奉,165,0.0017,85.1077000000016
6670,平民,165,0.0017,85.0992000000016
6671,幼苗,165,0.0017,85.1009000000016
6672,深远,165,0.0017,85.1043000000016
6673,港,165,0.0017,85.0975000000016
6674,液态,165,0.0017,85.1111000000016
6675,迈,165,0.0017,85.1026000000016
6676,调拨,165,0.0017,85.0771000000016
6677,搞活,165,0.0017,85.0550000000016
6678,平日,165,0.0017,85.0788000000016
6679,中,165,0.0017,85.0635000000016
6680,咋,165,0.0017,85.0839000000016
6681,径,165,0.0017,85.0669000000016
6682,相对论,165,0.0017,85.0601000000016
6683,营长,165,0.0017,85.0584000000016
6684,缠,165,0.0017,85.0567000000016
6685,术语,165,0.0017,85.0618000000016
6686,邻,165,0.0017,85.0686000000016
6687,片刻,165,0.0017,85.0703000000016
6688,行驶,165,0.0017,85.0805000000016
6689,负担,165,0.0017,85.0720000000016
6690,昨晚,165,0.0017,85.0652000000016
6691,整,165,0.0017,85.0737000000016
6692,公,165,0.0017,85.0754000000016
6693,本身,164,0.0017,85.1502000000016
6694,据,164,0.0017,85.1468000000016
6695,队里,164,0.0017,85.1536000000016
6696,沸腾,164,0.0017,85.1553000000016
6697,齿,164,0.0017,85.1570000000016
6698,伴,164,0.0017,85.1587000000016
6699,玉,164,0.0017,85.1604000000016
6700,街头,164,0.0017,85.1621000000016
6701,耗,164,0.0017,85.1655000000016
6702,致病,164,0.0017,85.1791000000016
6703,骆驼,164,0.0017,85.1774000000016
6704,速率,164,0.0017,85.1757000000016
6705,吃完,164,0.0017,85.1740000000016
6706,次要,164,0.0017,85.1723000000016
6707,板块,164,0.0017,85.1706000000016
6708,同事,164,0.0017,85.1689000000016
6709,加拿大,164,0.0017,85.1638000000016
6710,重,164,0.0017,85.1672000000016
6711,天然气,164,0.0017,85.1417000000016
6712,蛋白,164,0.0017,85.1519000000016
6713,一片,164,0.0017,85.1485000000016
6714,眨,164,0.0017,85.1213000000016
6715,清洁,164,0.0017,85.1264000000016
6716,食堂,164,0.0017,85.1196000000016
6717,珠,164,0.0017,85.1179000000016
6718,代表性,164,0.0017,85.1162000000016
6719,信用,164,0.0017,85.1145000000016
6720,尽力,164,0.0017,85.1128000000016
6721,长达,164,0.0017,85.1230000000016
6722,灰尘,164,0.0017,85.1281000000016
6723,遂,164,0.0017,85.1298000000016
6724,农副产品,164,0.0017,85.1315000000016
6725,反馈,164,0.0017,85.1332000000016
6726,副业,164,0.0017,85.1349000000016
6727,捞,164,0.0017,85.1366000000016
6728,鄂温克,164,0.0017,85.1383000000016
6729,征,164,0.0017,85.1451000000016
6730,上游,164,0.0017,85.1400000000016
6731,安定,164,0.0017,85.1247000000016
6732,情趣,164,0.0017,85.1434000000016
6733,逝世,163,0.0017,85.2165000000016
6734,凶,163,0.0017,85.2148000000016
6735,灶,163,0.0017,85.2114000000016
6736,智,163,0.0017,85.2318000000016
6737,针灸,163,0.0017,85.2046000000016
6738,降落,163,0.0017,85.2080000000016
6739,证明,163,0.0017,85.2131000000016
6740,使用价值,163,0.0017,85.2182000000016
6741,秧,163,0.0017,85.2199000000016
6742,响声,163,0.0017,85.2216000000016
6743,事变,163,0.0017,85.2233000000016
6744,训,163,0.0017,85.2250000000016
6745,司令部,163,0.0017,85.2267000000016
6746,拳,163,0.0017,85.2284000000016
6747,寡妇,163,0.0017,85.2301000000016
6748,招待,163,0.0017,85.2097000000016
6749,历代,163,0.0017,85.1995000000016
6750,太空,163,0.0017,85.1927000000016
6751,区长,163,0.0017,85.1842000000016
6752,好转,163,0.0017,85.1859000000016
6753,病理,163,0.0017,85.1876000000016
6754,运转,163,0.0017,85.1893000000016
6755,传染病,163,0.0017,85.1910000000016
6756,闲,163,0.0017,85.1825000000016
6757,地域,163,0.0017,85.1944000000016
6758,出发点,163,0.0017,85.1961000000016
6759,骗,163,0.0017,85.1978000000016
6760,借款,163,0.0017,85.2063000000016
6761,汪精卫,163,0.0017,85.2012000000016
6762,鲜花,163,0.0017,85.1808000000016
6763,行列,163,0.0017,85.2029000000016
6764,团员,162,0.0017,85.2624000000016
6765,没收,162,0.0017,85.2590000000016
6766,语气,162,0.0017,85.2658000000016
6767,农村经济,162,0.0017,85.2675000000016
6768,树种,162,0.0017,85.2692000000016
6769,成都,162,0.0017,85.2709000000016
6770,差,162,0.0017,85.2828000000016
6771,生态系统,162,0.0017,85.2726000000016
6772,惟,162,0.0017,85.2743000000016
6773,奶,162,0.0017,85.2760000000016
6774,生,162,0.0017,85.2777000000016
6775,病变,162,0.0017,85.2794000000016
6776,腹部,162,0.0017,85.2811000000016
6777,胎,162,0.0017,85.2556000000016
6778,座,162,0.0017,85.2641000000016
6779,阻,162,0.0017,85.2607000000016
6780,同胞,162,0.0017,85.2352000000016
6781,桶,162,0.0017,85.2369000000016
6782,阴,162,0.0017,85.2386000000016
6783,风雨,162,0.0017,85.2403000000016
6784,治安,162,0.0017,85.2420000000016
6785,苦,162,0.0017,85.2437000000016
6786,架子,162,0.0017,85.2335000000016
6787,言论,162,0.0017,85.2454000000016
6788,猛地,162,0.0017,85.2471000000016
6789,河边,162,0.0017,85.2488000000016
6790,撤销,162,0.0017,85.2505000000016
6791,再生,162,0.0017,85.2522000000016
6792,江,162,0.0017,85.2573000000016
6793,介质,162,0.0017,85.2539000000016
6794,掌声,161,0.0017,85.3134000000016
6795,空军,161,0.0017,85.3321000000016
6796,零件,161,0.0017,85.3151000000016
6797,客观世界,161,0.0017,85.3083000000016
6798,规矩,161,0.0017,85.3168000000016
6799,探,161,0.0017,85.3185000000016
6800,推销,161,0.0017,85.3202000000016
6801,大小,161,0.0017,85.3219000000016
6802,师生,161,0.0017,85.3236000000016
6803,盈利,161,0.0017,85.3253000000016
6804,坚硬,161,0.0017,85.3270000000016
6805,热心,161,0.0017,85.3287000000016
6806,谈话,161,0.0017,85.3304000000016
6807,一共,161,0.0017,85.3049000000016
6808,行李,161,0.0017,85.3100000000016
6809,南极,161,0.0017,85.3117000000016
6810,满,161,0.0017,85.2879000000016
6811,做为,161,0.0017,85.2896000000016
6812,评为,161,0.0017,85.2913000000016
6813,回过头,161,0.0017,85.2930000000016
6814,深厚,161,0.0017,85.2947000000016
6815,现代化,161,0.0017,85.2964000000016
6816,侧面,161,0.0017,85.2981000000016
6817,鲜血,161,0.0017,85.3066000000016
6818,汪,161,0.0017,85.3015000000016
6819,优先,161,0.0017,85.2845000000016
6820,献身,161,0.0017,85.3032000000016
6821,由得,161,0.0017,85.2998000000016
6822,脊,161,0.0017,85.2862000000016
6823,大厅,160,0.0017,85.3678000000016
6824,电池,160,0.0017,85.3644000000016
6825,多种,160,0.0017,85.3848000000016
6826,西瓜,160,0.0017,85.3661000000016
6827,毛巾,160,0.0017,85.3593000000016
6828,作用于,160,0.0017,85.3695000000016
6829,证,160,0.0017,85.3712000000016
6830,借助于,160,0.0017,85.3729000000016
6831,伤员,160,0.0017,85.3746000000016
6832,唇,160,0.0017,85.3763000000016
6833,好久,160,0.0017,85.3780000000016
6834,何,160,0.0017,85.3797000000016
6835,安徽,160,0.0017,85.3814000000016
6836,鸽子,160,0.0017,85.3831000000016
6837,淀粉,160,0.0017,85.3559000000016
6838,腐蚀,160,0.0017,85.3627000000016
6839,党性,160,0.0017,85.3610000000016
6840,充当,160,0.0017,85.3372000000016
6841,温和,160,0.0017,85.3389000000016
6842,凝聚,160,0.0017,85.3406000000016
6843,停住,160,0.0017,85.3423000000016
6844,贝,160,0.0017,85.3440000000016
6845,时空,160,0.0017,85.3355000000016
6846,专业化,160,0.0017,85.3457000000016
6847,俗,160,0.0017,85.3474000000016
6848,氯气,160,0.0017,85.3491000000016
6849,流入,160,0.0017,85.3508000000016
6850,喇叭,160,0.0017,85.3525000000016
6851,指令,160,0.0017,85.3576000000016
6852,先是,160,0.0017,85.3542000000016
6853,一说,160,0.0017,85.3338000000016
6854,永恒,159,0.0017,85.4120000000016
6855,俄,159,0.0017,85.4103000000016
6856,溶剂,159,0.0017,85.4137000000016
6857,密集,159,0.0017,85.4154000000016
6858,客厅,159,0.0017,85.4171000000016
6859,复,159,0.0017,85.4188000000016
6860,担子,159,0.0017,85.4290000000016
6861,炮弹,159,0.0017,85.4205000000016
6862,指责,159,0.0017,85.4222000000016
6863,榜样,159,0.0017,85.4239000000016
6864,橡胶,159,0.0017,85.4069000000016
6865,往后,159,0.0017,85.4273000000016
6866,购买力,159,0.0017,85.4307000000016
6867,抖,159,0.0017,85.4256000000016
6868,线条,159,0.0017,85.3882000000016
6869,眉,159,0.0017,85.3899000000016
6870,机场,159,0.0017,85.3916000000016
6871,后方,159,0.0017,85.3933000000016
6872,强弱,159,0.0017,85.3950000000016
6873,赚,159,0.0017,85.3865000000016
6874,体会,159,0.0017,85.3967000000016
6875,脚步声,159,0.0017,85.3984000000016
6876,幻觉,159,0.0017,85.4001000000016
6877,公,159,0.0017,85.4018000000016
6878,往前,159,0.0017,85.4035000000016
6879,两千,159,0.0017,85.4052000000016
6880,留给,159,0.0017,85.4086000000016
6881,树干,158,0.0017,85.4596000000015
6882,沉着,158,0.0017,85.4562000000015
6883,有事,158,0.0017,85.4732000000015
6884,国营企业,158,0.0017,85.4579000000015
6885,产地,158,0.0017,85.4528000000015
6886,顶,158,0.0017,85.4613000000015
6887,挣,158,0.0017,85.4630000000015
6888,水量,158,0.0017,85.4647000000015
6889,桥梁,158,0.0017,85.4664000000015
6890,女孩,158,0.0017,85.4681000000015
6891,参谋长,158,0.0017,85.4698000000015
6892,寄托,158,0.0017,85.4715000000015
6893,动量,158,0.0017,85.4494000000015
6894,艰巨,158,0.0017,85.4477000000015
6895,玩具,158,0.0017,85.4545000000015
6896,开水,158,0.0017,85.4341000000015
6897,容纳,158,0.0017,85.4358000000015
6898,可谓,158,0.0017,85.4375000000015
6899,弃,158,0.0017,85.4392000000015
6900,压,158,0.0017,85.4409000000015
6901,儒家,158,0.0017,85.4426000000015
6902,限,158,0.0017,85.4443000000015
6903,隐,158,0.0017,85.4511000000015
6904,吾,158,0.0017,85.4460000000015
6905,温度计,158,0.0017,85.4324000000016
6906,跳下,157,0.0016,85.5196000000014
6907,墨,157,0.0016,85.5036000000015
6908,有毒,157,0.0016,85.4988000000015
6909,进屋,157,0.0016,85.5052000000015
6910,决,157,0.0016,85.5068000000015
6911,霜,157,0.0016,85.5084000000015
6912,拾,157,0.0016,85.5100000000015
6913,钩,157,0.0016,85.5116000000015
6914,现行,157,0.0016,85.5244000000014
6915,气团,157,0.0016,85.5132000000014
6916,闭合,157,0.0016,85.5148000000014
6917,因为,157,0.0016,85.5180000000014
6918,有钱,157,0.0016,85.5212000000014
6919,下达,157,0.0016,85.5228000000014
6920,相连,157,0.0016,85.5164000000014
6921,瞒,157,0.0016,85.5020000000015
6922,埋怨,157,0.0016,85.4956000000015
6923,安置,157,0.0016,85.4764000000015
6924,艰苦奋斗,157,0.0016,85.4780000000015
6925,录,157,0.0016,85.4940000000015
6926,子宫,157,0.0016,85.4796000000015
6927,放开,157,0.0016,85.5004000000015
6928,惯,157,0.0016,85.4812000000015
6929,部署,157,0.0016,85.4828000000015
6930,起身,157,0.0016,85.4844000000015
6931,鼓,157,0.0016,85.4748000000015
6932,匀速,157,0.0016,85.4860000000015
6933,汉子,157,0.0016,85.4876000000015
6934,要不是,157,0.0016,85.4892000000015
6935,辉煌,157,0.0016,85.4908000000015
6936,码,157,0.0016,85.4972000000015
6937,串联,157,0.0016,85.4924000000015
6938,称作,156,0.0016,85.5548000000014
6939,依附,156,0.0016,85.5644000000013
6940,监狱,156,0.0016,85.5564000000013
6941,一下,156,0.0016,85.5500000000014
6942,势必,156,0.0016,85.5580000000013
6943,活性,156,0.0016,85.5596000000013
6944,灿烂,156,0.0016,85.5612000000013
6945,掏,156,0.0016,85.5676000000013
6946,尽,156,0.0016,85.5740000000013
6947,漏,156,0.0016,85.5724000000013
6948,期限,156,0.0016,85.5708000000013
6949,普通话,156,0.0016,85.5692000000013
6950,急性,156,0.0016,85.5628000000013
6951,破裂,156,0.0016,85.5660000000013
6952,新娘,156,0.0016,85.5452000000014
6953,老头子,156,0.0016,85.5532000000014
6954,上方,156,0.0016,85.5516000000014
6955,壮大,156,0.0016,85.5276000000014
6956,心事,156,0.0016,85.5292000000014
6957,相邻,156,0.0016,85.5308000000014
6958,报复,156,0.0016,85.5324000000014
6959,贺龙,156,0.0016,85.5340000000014
6960,负,156,0.0016,85.5356000000014
6961,跌,156,0.0016,85.5372000000014
6962,相通,156,0.0016,85.5388000000014
6963,承,156,0.0016,85.5484000000014
6964,搬到,156,0.0016,85.5420000000014
6965,外资,156,0.0016,85.5260000000014
6966,行走,156,0.0016,85.5436000000014
6967,低级,156,0.0016,85.5404000000014
6968,自然环境,156,0.0016,85.5468000000014
6969,贷款,155,0.0016,85.6044000000012
6970,秦始皇,155,0.0016,85.6012000000012
6971,流氓,155,0.0016,85.6060000000012
6972,技艺,155,0.0016,85.6076000000012
6973,叫道,155,0.0016,85.6092000000012
6974,以来,155,0.0016,85.6108000000012
6975,新陈代谢,155,0.0016,85.6124000000012
6976,桩,155,0.0016,85.6140000000012
6977,册,155,0.0016,85.6188000000012
6978,太阳光,155,0.0016,85.6284000000012
6979,演讲,155,0.0016,85.6268000000012
6980,议员,155,0.0016,85.6252000000012
6981,流露,155,0.0016,85.6236000000012
6982,醒来,155,0.0016,85.6220000000012
6983,正要,155,0.0016,85.6156000000012
6984,地板,155,0.0016,85.6204000000012
6985,奇特,155,0.0016,85.6172000000012
6986,当着,155,0.0016,85.5772000000013
6987,标,155,0.0016,85.5868000000013
6988,党组织,155,0.0016,85.5788000000013
6989,飞船,155,0.0016,85.5804000000013
6990,保守,155,0.0016,85.5820000000013
6991,水滴,155,0.0016,85.5836000000013
6992,试图,155,0.0016,85.5852000000013
6993,魂,155,0.0016,85.5900000000013
6994,日前,155,0.0016,85.5884000000013
6995,联营,155,0.0016,85.6028000000012
6996,苦恼,155,0.0016,85.5916000000013
6997,敬,155,0.0016,85.5932000000013
6998,购,155,0.0016,85.5948000000013
6999,千方百计,155,0.0016,85.5964000000013
7000,雕刻,155,0.0016,85.5996000000012
7001,舒适,155,0.0016,85.5980000000012
7002,石灰,155,0.0016,85.5756000000013
7003,推测,154,0.0016,85.6588000000011
7004,保证,154,0.0016,85.6620000000011
7005,难怪,154,0.0016,85.6572000000011
7006,开,154,0.0016,85.6732000000011
7007,概率,154,0.0016,85.6604000000011
7008,始,154,0.0016,85.6524000000011
7009,印刷,154,0.0016,85.6636000000011
7010,验证,154,0.0016,85.6652000000011
7011,语文,154,0.0016,85.6668000000011
7012,移植,154,0.0016,85.6684000000011
7013,中世纪,154,0.0016,85.6700000000011
7014,判定,154,0.0016,85.6492000000011
7015,孤独,154,0.0016,85.6716000000011
7016,不妨,154,0.0016,85.6540000000011
7017,追逐,154,0.0016,85.6556000000011
7018,大队长,154,0.0016,85.6476000000011
7019,炕,154,0.0016,85.6300000000012
7020,推荐,154,0.0016,85.6396000000012
7021,摹仿,154,0.0016,85.6348000000012
7022,示威,154,0.0016,85.6364000000012
7023,他家,154,0.0016,85.6380000000012
7024,田地,154,0.0016,85.6332000000012
7025,归结,154,0.0016,85.6412000000011
7026,拿到,154,0.0016,85.6428000000011
7027,个体经济,154,0.0016,85.6444000000011
7028,海域,154,0.0016,85.6508000000011
7029,欧美,154,0.0016,85.6460000000011
7030,大炮,154,0.0016,85.6316000000012
7031,多边形,153,0.0016,85.703600000001
7032,帝,153,0.0016,85.713200000001
7033,换上,153,0.0016,85.705200000001
7034,锦标赛,153,0.0016,85.698800000001
7035,颌,153,0.0016,85.706800000001
7036,秘书长,153,0.0016,85.708400000001
7037,砂,153,0.0016,85.710000000001
7038,散射,153,0.0016,85.716400000001
7039,箭,153,0.0016,85.722800000001
7040,不致,153,0.0016,85.721200000001
7041,头,153,0.0016,85.719600000001
7042,贼,153,0.0016,85.718000000001
7043,语句,153,0.0016,85.711600000001
7044,照相机,153,0.0016,85.714800000001
7045,南斯拉夫,153,0.0016,85.702000000001
7046,次,153,0.0016,85.695600000001
7047,出身,153,0.0016,85.6780000000011
7048,姓名,153,0.0016,85.6748000000011
7049,倾,153,0.0016,85.6764000000011
7050,心目中,153,0.0016,85.6796000000011
7051,主观,153,0.0016,85.6812000000011
7052,激励,153,0.0016,85.694000000001
7053,洒,153,0.0016,85.684400000001
7054,贸易,153,0.0016,85.700400000001
7055,真诚,153,0.0016,85.686000000001
7056,前边,153,0.0016,85.687600000001
7057,苍白,153,0.0016,85.689200000001
7058,紧接着,153,0.0016,85.690800000001
7059,辨,153,0.0016,85.697200000001
7060,不小,153,0.0016,85.692400000001
7061,价钱,153,0.0016,85.6828000000011
7062,互助组,152,0.0016,85.7580000000009
7063,中医,152,0.0016,85.7596000000009
7064,纵,152,0.0016,85.7708000000008
7065,侵占,152,0.0016,85.7612000000009
7066,石块,152,0.0016,85.7532000000009
7067,首要,152,0.0016,85.7628000000009
7068,自称,152,0.0016,85.7644000000009
7069,户,152,0.0016,85.7660000000009
7070,职,152,0.0016,85.7676000000009
7071,赞美,152,0.0016,85.7740000000008
7072,回顾,152,0.0016,85.7836000000008
7073,并用,152,0.0016,85.7820000000008
7074,囊,152,0.0016,85.7804000000008
7075,好比,152,0.0016,85.7788000000008
7076,座位,152,0.0016,85.7772000000008
7077,大楼,152,0.0016,85.7756000000008
7078,凭借,152,0.0016,85.7692000000009
7079,联络,152,0.0016,85.7724000000008
7080,多,152,0.0016,85.7564000000009
7081,撤,152,0.0016,85.7452000000009
7082,话题,152,0.0016,85.7484000000009
7083,小事,152,0.0016,85.7356000000009
7084,人民民主专政,152,0.0016,85.7548000000009
7085,倾斜,152,0.0016,85.7276000000009
7086,给以,152,0.0016,85.7292000000009
7087,不尽,152,0.0016,85.7308000000009
7088,易于,152,0.0016,85.7324000000009
7089,休眠,152,0.0016,85.7340000000009
7090,微米,152,0.0016,85.724400000001
7091,出国,152,0.0016,85.7372000000009
7092,摇摇头,152,0.0016,85.7388000000009
7093,温,152,0.0016,85.7404000000009
7094,展出,152,0.0016,85.7420000000009
7095,可笑,152,0.0016,85.7436000000009
7096,军舰,152,0.0016,85.7516000000009
7097,后悔,152,0.0016,85.7468000000009
7098,礼貌,152,0.0016,85.726000000001
7099,悲惨,152,0.0016,85.7500000000009
7100,酋长,151,0.0016,85.8364000000007
7101,脓,151,0.0016,85.8236000000007
7102,兔子,151,0.0016,85.8188000000007
7103,头顶,151,0.0016,85.8252000000007
7104,偏,151,0.0016,85.8268000000007
7105,逃避,151,0.0016,85.8284000000007
7106,羊毛,151,0.0016,85.8300000000007
7107,备,151,0.0016,85.8316000000007
7108,素材,151,0.0016,85.8332000000007
7109,立方米,151,0.0016,85.8380000000007
7110,市区,151,0.0016,85.8492000000007
7111,阔,151,0.0016,85.8476000000007
7112,幽默,151,0.0016,85.8460000000007
7113,技术革命,151,0.0016,85.7868000000008
7114,茧,151,0.0016,85.8444000000007
7115,体质,151,0.0016,85.8220000000007
7116,常规,151,0.0016,85.8428000000007
7117,计划经济,151,0.0016,85.8348000000007
7118,山下,151,0.0016,85.8412000000007
7119,访,151,0.0016,85.8396000000007
7120,胎儿,151,0.0016,85.8204000000007
7121,地步,151,0.0016,85.7964000000008
7122,赔偿,151,0.0016,85.7996000000008
7123,喜剧,151,0.0016,85.7884000000008
7124,紫色,151,0.0016,85.7900000000008
7125,支,151,0.0016,85.7916000000008
7126,野蛮,151,0.0016,85.7948000000008
7127,泉,151,0.0016,85.7980000000008
7128,正面,151,0.0016,85.7852000000008
7129,舍不得,151,0.0016,85.8012000000008
7130,出,151,0.0016,85.8028000000008
7131,云,151,0.0016,85.8044000000008
7132,诚恳,151,0.0016,85.8060000000008
7133,伤口,151,0.0016,85.8076000000008
7134,债务,151,0.0016,85.8092000000008
7135,称号,151,0.0016,85.8108000000008
7136,杏仙,151,0.0016,85.8124000000007
7137,动力学,151,0.0016,85.8140000000007
7138,激,151,0.0016,85.8172000000007
7139,打下,151,0.0016,85.8156000000007
7140,勾结,151,0.0016,85.7932000000008
7141,原始社会,150,0.0016,85.8780000000006
7142,花色,150,0.0016,85.8796000000006
7143,洞里,150,0.0016,85.8972000000006
7144,隐藏,150,0.0016,85.8812000000006
7145,外表,150,0.0016,85.8748000000006
7146,摸索,150,0.0016,85.8828000000006
7147,反过来,150,0.0016,85.8844000000006
7148,手势,150,0.0016,85.8860000000006
7149,散发,150,0.0016,85.8956000000006
7150,大寨,150,0.0016,85.8892000000006
7151,照样,150,0.0016,85.8908000000006
7152,耕作,150,0.0016,85.8924000000006
7153,发动机,150,0.0016,85.8940000000006
7154,王朝,150,0.0016,85.8876000000006
7155,田里,150,0.0016,85.8716000000006
7156,百分,150,0.0016,85.8700000000006
7157,正规,150,0.0016,85.8764000000006
7158,重重,150,0.0016,85.8508000000007
7159,撑,150,0.0016,85.8604000000006
7160,发电机,150,0.0016,85.8556000000006
7161,觉悟,150,0.0016,85.8572000000006
7162,毁,150,0.0016,85.8588000000006
7163,闪光,150,0.0016,85.8540000000007
7164,尤为,150,0.0016,85.8620000000006
7165,散步,150,0.0016,85.8636000000006
7166,澳门,150,0.0016,85.8652000000006
7167,身心,150,0.0016,85.8668000000006
7168,空虚,150,0.0016,85.8732000000006
7169,湖泊,150,0.0016,85.8684000000006
7170,卧,150,0.0016,85.8524000000007
7171,嫩,149,0.0016,85.9564000000004
7172,瞬间,149,0.0016,85.9340000000005
7173,平凡,149,0.0016,85.9356000000005
7174,摧毁,149,0.0016,85.9596000000004
7175,劳动日,149,0.0016,85.9388000000005
7176,粘,149,0.0016,85.9308000000005
7177,主,149,0.0016,85.9404000000005
7178,经济危机,149,0.0016,85.9420000000004
7179,人影,149,0.0016,85.9436000000004
7180,粉末,149,0.0016,85.9452000000004
7181,消毒,149,0.0016,85.9580000000004
7182,好吃,149,0.0016,85.9468000000004
7183,首领,149,0.0016,85.9484000000004
7184,熬,149,0.0016,85.9500000000004
7185,月初,149,0.0016,85.9532000000004
7186,屠杀,149,0.0016,85.9260000000005
7187,反帝,149,0.0016,85.9548000000004
7188,老伴,149,0.0016,85.9324000000005
7189,瑞士,149,0.0016,85.9516000000004
7190,下旬,149,0.0016,85.9372000000005
7191,五千,149,0.0016,85.9276000000005
7192,男性,149,0.0016,85.9068000000005
7193,改正,149,0.0016,85.9084000000005
7194,行动,149,0.0016,85.9132000000005
7195,丁,149,0.0016,85.9052000000005
7196,嘿嘿,149,0.0016,85.9036000000005
7197,叠,149,0.0016,85.9020000000005
7198,司法,149,0.0016,85.9004000000005
7199,一路上,149,0.0016,85.8988000000005
7200,元,149,0.0016,85.9100000000005
7201,畜牧业,149,0.0016,85.9148000000005
7202,闭上,149,0.0016,85.9164000000005
7203,其一,149,0.0016,85.9180000000005
7204,速,149,0.0016,85.9196000000005
7205,童年,149,0.0016,85.9212000000005
7206,图上,149,0.0016,85.9228000000005
7207,体裁,149,0.0016,85.9292000000005
7208,管理,149,0.0016,85.9244000000005
7209,级,149,0.0016,85.9116000000005
7210,新时期,148,0.0015,85.9836000000003
7211,黄土,148,0.0015,85.9791000000003
7212,物化,148,0.0015,85.9851000000003
7213,不及,148,0.0015,85.9866000000003
7214,增进,148,0.0015,85.9881000000003
7215,楼房,148,0.0015,85.9896000000003
7216,高速,148,0.0015,85.9911000000003
7217,籍,148,0.0015,85.9926000000003
7218,思路,148,0.0015,85.9941000000002
7219,乐队,148,0.0015,85.9956000000002
7220,莫名其妙,148,0.0015,85.9971000000002
7221,筑,148,0.0015,85.9761000000003
7222,金刚石,148,0.0015,85.9821000000003
7223,列为,148,0.0015,85.9806000000003
7224,当做,148,0.0015,85.9626000000004
7225,锌,148,0.0015,85.9641000000004
7226,萨满,148,0.0015,85.9656000000004
7227,交织,148,0.0015,85.9671000000004
7228,烦恼,148,0.0015,85.9686000000004
7229,车辆,148,0.0015,85.9701000000004
7230,储备,148,0.0015,85.9716000000004
7231,就算,148,0.0015,85.9776000000003
7232,受精,148,0.0015,85.9731000000003
7233,家人,148,0.0015,85.9611000000004
7234,裤子,148,0.0015,85.9746000000003
7235,期,147,0.0015,86.0391
7236,始,147,0.0015,86.0271000000001
7237,好象是,147,0.0015,86.0256000000001
7238,童话,147,0.0015,86.0286000000001
7239,复辟,147,0.0015,86.0301000000001
7240,纸上,147,0.0015,86.0316000000001
7241,质变,147,0.0015,86.0331000000001
7242,峰,147,0.0015,86.0346000000001
7243,选出,147,0.0015,86.0361
7244,向来,147,0.0015,86.0376
7245,四项基本原则,147,0.0015,86.0526
7246,最新,147,0.0015,86.0406
7247,参谋,147,0.0015,86.0421
7248,达尔文,147,0.0015,86.0436
7249,卡,147,0.0015,86.0451
7250,牢固,147,0.0015,86.0466
7251,搁,147,0.0015,86.0496
7252,上诉,147,0.0015,86.0511
7253,恶化,147,0.0015,86.0211000000001
7254,期待,147,0.0015,86.0226000000001
7255,手表,147,0.0015,86.0106000000002
7256,小球,147,0.0015,86.0481
7257,亲,147,0.0015,86.0016000000002
7258,嵌,147,0.0015,86.0031000000002
7259,中原,147,0.0015,86.0046000000002
7260,样式,147,0.0015,86.0061000000002
7261,决心,147,0.0015,86.0076000000002
7262,柔和,147,0.0015,86.0091000000002
7263,浪花,147,0.0015,86.0001000000002
7264,单调,147,0.0015,86.0121000000002
7265,绘,147,0.0015,86.0136000000002
7266,不等,147,0.0015,86.0151000000001
7267,化为,147,0.0015,86.0166000000001
7268,不惜,147,0.0015,86.0181000000001
7269,电离,147,0.0015,86.0241000000001
7270,纵队,147,0.0015,86.0196000000001
7271,阴影,147,0.0015,85.9986000000002
7272,跃,146,0.0015,86.0810999999998
7273,歼灭,146,0.0015,86.1035999999997
7274,吾人,146,0.0015,86.0855999999998
7275,统一性,146,0.0015,86.0795999999998
7276,大幅度,146,0.0015,86.0870999999998
7277,大雨,146,0.0015,86.0885999999998
7278,二十七,146,0.0015,86.0900999999998
7279,洪,146,0.0015,86.0915999999998
7280,新颖,146,0.0015,86.0930999999998
7281,客气,146,0.0015,86.1005999999997
7282,严峻,146,0.0015,86.0945999999998
7283,子孙,146,0.0015,86.0975999999998
7284,报告文学,146,0.0015,86.0990999999998
7285,古代,146,0.0015,86.1050999999997
7286,追究,146,0.0015,86.1020999999997
7287,装有,146,0.0015,86.0960999999998
7288,抄,146,0.0015,86.0840999999998
7289,自主权,146,0.0015,86.0750999999999
7290,欲,146,0.0015,86.0615999999999
7291,松树,146,0.0015,86.0645999999999
7292,扫荡,146,0.0015,86.0585999999999
7293,辣椒,146,0.0015,86.0570999999999
7294,景物,146,0.0015,86.0765999999999
7295,私有,146,0.0015,86.0556
7296,还给,146,0.0015,86.0825999999998
7297,子弟,146,0.0015,86.0541
7298,武力,146,0.0015,86.0600999999999
7299,领导班子,146,0.0015,86.0660999999999
7300,爸,146,0.0015,86.0675999999999
7301,流出,146,0.0015,86.0690999999999
7302,慎重,146,0.0015,86.0705999999999
7303,拦住,146,0.0015,86.0780999999998
7304,向,146,0.0015,86.0720999999999
7305,导管,146,0.0015,86.0630999999999
7306,一般来说,146,0.0015,86.0735999999999
7307,忠实,145,0.0015,86.1740999999994
7308,隔离,145,0.0015,86.1545999999995
7309,感性,145,0.0015,86.1515999999995
7310,政治学,145,0.0015,86.1575999999995
7311,串,145,0.0015,86.1590999999995
7312,遮,145,0.0015,86.1605999999995
7313,没什么,145,0.0015,86.1620999999995
7314,前线,145,0.0015,86.1635999999994
7315,南下,145,0.0015,86.1650999999994
7316,辩护,145,0.0015,86.1665999999994
7317,用作,145,0.0015,86.1680999999994
7318,差点,145,0.0015,86.1695999999994
7319,秋季,145,0.0015,86.1710999999994
7320,僧侣,145,0.0015,86.1485999999995
7321,精密,145,0.0015,86.1755999999994
7322,火光,145,0.0015,86.1530999999995
7323,陷,145,0.0015,86.1935999999993
7324,遇见,145,0.0015,86.1845999999993
7325,达成,145,0.0015,86.1905999999993
7326,二十六,145,0.0015,86.1890999999993
7327,结局,145,0.0015,86.1875999999993
7328,答复,145,0.0015,86.1860999999993
7329,入党,145,0.0015,86.1920999999993
7330,星期天,145,0.0015,86.1830999999994
7331,钻研,145,0.0015,86.1815999999994
7332,原先,145,0.0015,86.1800999999994
7333,陆,145,0.0015,86.1785999999994
7334,人民公社,145,0.0015,86.1725999999994
7335,窗子,145,0.0015,86.1770999999994
7336,快要,145,0.0015,86.1560999999995
7337,伞,145,0.0015,86.1470999999995
7338,政,145,0.0015,86.1245999999996
7339,捕捞,145,0.0015,86.1260999999996
7340,湍流,145,0.0015,86.1200999999997
7341,适合于,145,0.0015,86.1185999999997
7342,光芒,145,0.0015,86.1065999999997
7343,常识,145,0.0015,86.1170999999997
7344,搏斗,145,0.0015,86.1275999999996
7345,礼物,145,0.0015,86.1155999999997
7346,真空,145,0.0015,86.1140999999997
7347,山顶,145,0.0015,86.1125999999997
7348,短暂,145,0.0015,86.1110999999997
7349,调解,145,0.0015,86.1095999999997
7350,路程,145,0.0015,86.1080999999997
7351,来临,145,0.0015,86.1290999999996
7352,移到,145,0.0015,86.1305999999996
7353,呐,145,0.0015,86.1320999999996
7354,小儿,145,0.0015,86.1335999999996
7355,珍珠,145,0.0015,86.1350999999996
7356,奥运会,145,0.0015,86.1365999999996
7357,锤,145,0.0015,86.1500999999995
7358,扰动,145,0.0015,86.1380999999996
7359,分明,145,0.0015,86.1230999999996
7360,定向,145,0.0015,86.1395999999996
7361,每逢,145,0.0015,86.1410999999996
7362,长久,145,0.0015,86.1425999999995
7363,握手,145,0.0015,86.1440999999995
7364,课本,145,0.0015,86.1455999999995
7365,局限性,145,0.0015,86.1215999999996
7366,水文,144,0.0015,86.259599999999
7367,筷子,144,0.0015,86.2475999999991
7368,干吗,144,0.0015,86.2325999999991
7369,再见,144,0.0015,86.2295999999991
7370,都市,144,0.0015,86.2340999999991
7371,准备,144,0.0015,86.2355999999991
7372,网络,144,0.0015,86.2370999999991
7373,责任感,144,0.0015,86.2385999999991
7374,小朋友,144,0.0015,86.2400999999991
7375,预期,144,0.0015,86.2415999999991
7376,司法,144,0.0015,86.2430999999991
7377,罪行,144,0.0015,86.2445999999991
7378,怎么说,144,0.0015,86.2250999999992
7379,肝脏,144,0.0015,86.261099999999
7380,中枢,144,0.0015,86.249099999999
7381,局势,144,0.0015,86.258099999999
7382,稍稍,144,0.0015,86.256599999999
7383,纬,144,0.0015,86.255099999999
7384,表层,144,0.0015,86.253599999999
7385,充实,144,0.0015,86.252099999999
7386,同等,144,0.0015,86.2460999999991
7387,蚊子,144,0.0015,86.250599999999
7388,形象思维,144,0.0015,86.2310999999991
7389,活儿,144,0.0015,86.2265999999992
7390,调,144,0.0015,86.2025999999993
7391,库,144,0.0015,86.2055999999993
7392,高等学校,144,0.0015,86.2040999999993
7393,乒乓球,144,0.0015,86.2100999999992
7394,快活,144,0.0015,86.2010999999993
7395,亲热,144,0.0015,86.1995999999993
7396,除了,144,0.0015,86.1980999999993
7397,弥漫,144,0.0015,86.1965999999993
7398,化学性质,144,0.0015,86.1950999999993
7399,院里,144,0.0015,86.2070999999992
7400,一行,144,0.0015,86.2115999999992
7401,退化,144,0.0015,86.2130999999992
7402,前去,144,0.0015,86.2145999999992
7403,宗旨,144,0.0015,86.2160999999992
7404,雪花,144,0.0015,86.2175999999992
7405,手掌,144,0.0015,86.2190999999992
7406,无机,144,0.0015,86.2280999999991
7407,同年,144,0.0015,86.2205999999992
7408,抱住,144,0.0015,86.2085999999992
7409,处分,144,0.0015,86.2220999999992
7410,冒险,144,0.0015,86.2235999999992
7411,琢磨,143,0.0015,86.2925999999988
7412,支撑,143,0.0015,86.2940999999988
7413,自信,143,0.0015,86.2955999999988
7414,鲜,143,0.0015,86.3150999999987
7415,电能,143,0.0015,86.2970999999988
7416,四处,143,0.0015,86.2895999999989
7417,牌子,143,0.0015,86.2985999999988
7418,卖给,143,0.0015,86.3000999999988
7419,检,143,0.0015,86.3015999999988
7420,诱导,143,0.0015,86.3030999999988
7421,少,143,0.0015,86.3135999999987
7422,喉咙,143,0.0015,86.3045999999988
7423,侵,143,0.0015,86.3060999999988
7424,刻划,143,0.0015,86.3075999999988
7425,农具,143,0.0015,86.3090999999988
7426,别说,143,0.0015,86.3105999999988
7427,民国,143,0.0015,86.3120999999988
7428,罚,143,0.0015,86.3165999999987
7429,拿去,143,0.0015,86.2865999999989
7430,岛屿,143,0.0015,86.2850999999989
7431,父子,143,0.0015,86.2910999999988
7432,各处,143,0.0015,86.262599999999
7433,思想家,143,0.0015,86.2745999999989
7434,业,143,0.0015,86.267099999999
7435,忍,143,0.0015,86.268599999999
7436,语境,143,0.0015,86.2700999999989
7437,水手,143,0.0015,86.2715999999989
7438,测出,143,0.0015,86.2730999999989
7439,别,143,0.0015,86.265599999999
7440,不得,143,0.0015,86.2760999999989
7441,驱逐,143,0.0015,86.2775999999989
7442,嘱咐,143,0.0015,86.2790999999989
7443,加大,143,0.0015,86.2805999999989
7444,大衣,143,0.0015,86.2880999999989
7445,解脱,143,0.0015,86.2820999999989
7446,光源,143,0.0015,86.264099999999
7447,声响,143,0.0015,86.2835999999989
7448,敌对,142,0.0015,86.3540999999986
7449,日趋,142,0.0015,86.3570999999985
7450,图纸,142,0.0015,86.3525999999986
7451,进城,142,0.0015,86.3480999999986
7452,有如,142,0.0015,86.3600999999985
7453,侮辱,142,0.0015,86.3555999999985
7454,顶点,142,0.0015,86.3615999999985
7455,纳,142,0.0015,86.3630999999985
7456,杀害,142,0.0015,86.3645999999985
7457,自在,142,0.0015,86.3660999999985
7458,社长,142,0.0015,86.3675999999985
7459,章程,142,0.0015,86.3690999999985
7460,细小,142,0.0015,86.3720999999985
7461,咦,142,0.0015,86.3840999999984
7462,会儿,142,0.0015,86.3780999999984
7463,反,142,0.0015,86.3810999999984
7464,责任制,142,0.0015,86.3795999999984
7465,比,142,0.0015,86.3825999999984
7466,福,142,0.0015,86.3765999999984
7467,制取,142,0.0015,86.3705999999985
7468,无可奈何,142,0.0015,86.3750999999985
7469,陆,142,0.0015,86.3855999999984
7470,有价值,142,0.0015,86.3735999999985
7471,力图,142,0.0015,86.3585999999985
7472,涌,142,0.0015,86.3495999999986
7473,修正,142,0.0015,86.3180999999987
7474,鸣,142,0.0015,86.3285999999987
7475,有意思,142,0.0015,86.3330999999987
7476,匈牙利,142,0.0015,86.3270999999987
7477,鲜艳,142,0.0015,86.3255999999987
7478,锡伯,142,0.0015,86.3240999999987
7479,封锁,142,0.0015,86.3225999999987
7480,对外,142,0.0015,86.3210999999987
7481,假使,142,0.0015,86.3195999999987
7482,组,142,0.0015,86.3300999999987
7483,砌,142,0.0015,86.3345999999986
7484,线路,142,0.0015,86.3360999999986
7485,杜,142,0.0015,86.3375999999986
7486,服务员,142,0.0015,86.3390999999986
7487,先天,142,0.0015,86.3405999999986
7488,应该说,142,0.0015,86.3420999999986
7489,专业户,142,0.0015,86.3435999999986
7490,风速,142,0.0015,86.3450999999986
7491,置于,142,0.0015,86.3510999999986
7492,蓬勃,142,0.0015,86.3465999999986
7493,稍微,142,0.0015,86.3315999999987
7494,伸长,141,0.0015,86.4230999999982
7495,雄伟,141,0.0015,86.4200999999982
7496,承受,141,0.0015,86.4245999999982
7497,了不起,141,0.0015,86.4260999999982
7498,专用,141,0.0015,86.4275999999982
7499,刘少奇,141,0.0015,86.4290999999982
7500,蹦,141,0.0015,86.4305999999982
7501,同,141,0.0015,86.4320999999982
7502,连,141,0.0015,86.4335999999982
7503,剧场,141,0.0015,86.4350999999982
7504,评选,141,0.0015,86.4395999999982
7505,坚实,141,0.0015,86.4515999999981
7506,便利,141,0.0015,86.4500999999981
7507,来源于,141,0.0015,86.4485999999981
7508,去世,141,0.0015,86.4470999999981
7509,据统计,141,0.0015,86.4455999999981
7510,崩溃,141,0.0015,86.4440999999981
7511,风光,141,0.0015,86.4425999999981
7512,想象力,141,0.0015,86.4155999999983
7513,妇,141,0.0015,86.4365999999982
7514,分歧,141,0.0015,86.4380999999982
7515,心血,141,0.0015,86.4410999999981
7516,天下,141,0.0015,86.4215999999982
7517,解散,141,0.0015,86.4170999999983
7518,老年,141,0.0015,86.3975999999983
7519,宫廷,141,0.0015,86.3930999999984
7520,版,141,0.0015,86.4005999999983
7521,坏人,141,0.0015,86.3915999999984
7522,淡水,141,0.0015,86.3900999999984
7523,金牌,141,0.0015,86.3885999999984
7524,二十八,141,0.0015,86.3870999999984
7525,连结,141,0.0015,86.3945999999984
7526,学徒,141,0.0015,86.4020999999983
7527,劳,141,0.0015,86.4035999999983
7528,所有者,141,0.0015,86.4050999999983
7529,扭转,141,0.0015,86.4065999999983
7530,那天,141,0.0015,86.4185999999982
7531,挫折,141,0.0015,86.4095999999983
7532,行军,141,0.0015,86.3960999999984
7533,醉,141,0.0015,86.4110999999983
7534,舱,141,0.0015,86.4125999999983
7535,外力,141,0.0015,86.4140999999983
7536,复杂性,141,0.0015,86.4080999999983
7537,种族,141,0.0015,86.3990999999983
7538,波浪,140,0.0015,86.4875999999979
7539,化学家,140,0.0015,86.4830999999979
7540,下班,140,0.0015,86.4845999999979
7541,杜威,140,0.0015,86.5040999999978
7542,窜,140,0.0015,86.4860999999979
7543,衰变,140,0.0015,86.480099999998
7544,这边,140,0.0015,86.4890999999979
7545,潘,140,0.0015,86.4905999999979
7546,插入,140,0.0015,86.4920999999979
7547,当即,140,0.0015,86.5025999999979
7548,重,140,0.0015,86.4935999999979
7549,外在,140,0.0015,86.4950999999979
7550,少伟,140,0.0015,86.4965999999979
7551,奴隶社会,140,0.0015,86.4980999999979
7552,镇上,140,0.0015,86.4995999999979
7553,京,140,0.0015,86.5010999999979
7554,简称,140,0.0015,86.477099999998
7555,跳动,140,0.0015,86.5055999999978
7556,视线,140,0.0015,86.481599999998
7557,冲破,140,0.0015,86.475599999998
7558,主管,140,0.0015,86.4530999999981
7559,蜡烛,140,0.0015,86.465099999998
7560,民主主义,140,0.0015,86.4575999999981
7561,弟,140,0.0015,86.4590999999981
7562,衰老,140,0.0015,86.4605999999981
7563,关闭,140,0.0015,86.462099999998
7564,账,140,0.0015,86.463599999998
7565,公主,140,0.0015,86.4560999999981
7566,全村,140,0.0015,86.466599999998
7567,奇异,140,0.0015,86.468099999998
7568,神经系统,140,0.0015,86.469599999998
7569,亲爱的,140,0.0015,86.471099999998
7570,路子,140,0.0015,86.478599999998
7571,毒素,140,0.0015,86.472599999998
7572,被动,140,0.0015,86.4545999999981
7573,愣,140,0.0015,86.474099999998
7574,左边,139,0.0015,86.5430999999977
7575,大量,139,0.0015,86.5445999999977
7576,书写,139,0.0015,86.5355999999977
7577,良心,139,0.0015,86.5550999999976
7578,时节,139,0.0015,86.5400999999977
7579,陷于,139,0.0015,86.5460999999977
7580,葫芦,139,0.0015,86.5385999999977
7581,栏,139,0.0015,86.5475999999976
7582,中叶,139,0.0015,86.5490999999976
7583,上边,139,0.0015,86.5505999999976
7584,便,139,0.0015,86.5520999999976
7585,资产,139,0.0015,86.5580999999976
7586,人身,139,0.0015,86.5670999999976
7587,探测器,139,0.0015,86.5655999999976
7588,作业,139,0.0015,86.5640999999976
7589,论点,139,0.0015,86.5625999999976
7590,本章,139,0.0015,86.5685999999975
7591,睁开,139,0.0015,86.5610999999976
7592,屈服,139,0.0015,86.5595999999976
7593,阴阳,139,0.0015,86.5535999999976
7594,基建,139,0.0015,86.5565999999976
7595,太阳能,139,0.0015,86.5415999999977
7596,威信,139,0.0015,86.5340999999977
7597,停下来,139,0.0015,86.5070999999978
7598,滴,139,0.0015,86.5175999999978
7599,啃,139,0.0015,86.5205999999978
7600,饼,139,0.0015,86.5160999999978
7601,曹,139,0.0015,86.5145999999978
7602,兴建,139,0.0015,86.5130999999978
7603,感性,139,0.0015,86.5115999999978
7604,引用,139,0.0015,86.5100999999978
7605,五四,139,0.0015,86.5085999999978
7606,烟囱,139,0.0015,86.5190999999978
7607,放进,139,0.0015,86.5220999999978
7608,凝,139,0.0015,86.5235999999978
7609,净化,139,0.0015,86.5250999999977
7610,精度,139,0.0015,86.5265999999977
7611,熔,139,0.0015,86.5280999999977
7612,星云,139,0.0015,86.5310999999977
7613,友,139,0.0015,86.5370999999977
7614,可得,139,0.0015,86.5325999999977
7615,终身,139,0.0015,86.5295999999977
7616,冰雪,138,0.0014,86.6035999999976
7617,万一,138,0.0014,86.6049999999976
7618,橡皮,138,0.0014,86.6175999999977
7619,成年,138,0.0014,86.6063999999976
7620,站住,138,0.0014,86.6007999999976
7621,副,138,0.0014,86.6091999999977
7622,看去,138,0.0014,86.6105999999977
7623,主要矛盾,138,0.0014,86.5811999999976
7624,期望,138,0.0014,86.6119999999977
7625,滤,138,0.0014,86.6021999999976
7626,开幕,138,0.0014,86.6133999999977
7627,同行,138,0.0014,86.6147999999977
7628,不注意,138,0.0014,86.6189999999977
7629,刑罚,138,0.0014,86.6301999999977
7630,道教,138,0.0014,86.6287999999977
7631,一丝,138,0.0014,86.6273999999977
7632,走廊,138,0.0014,86.6259999999977
7633,写字,138,0.0014,86.6245999999977
7634,乡下,138,0.0014,86.6231999999977
7635,落叶,138,0.0014,86.6161999999977
7636,自力更生,138,0.0014,86.6203999999977
7637,瘤,138,0.0014,86.6217999999977
7638,以来,138,0.0014,86.6077999999977
7639,翼,138,0.0014,86.5895999999976
7640,图中,138,0.0014,86.5783999999976
7641,流血,138,0.0014,86.5699999999975
7642,专题,138,0.0014,86.5797999999976
7643,证书,138,0.0014,86.5839999999976
7644,一口,138,0.0014,86.5769999999976
7645,弟子,138,0.0014,86.5755999999976
7646,一派,138,0.0014,86.5741999999976
7647,汉代,138,0.0014,86.5727999999976
7648,美妙,138,0.0014,86.5713999999976
7649,比喻,138,0.0014,86.5825999999976
7650,花费,138,0.0014,86.5853999999976
7651,出身,138,0.0014,86.5881999999976
7652,一贯,138,0.0014,86.5909999999976
7653,星球,138,0.0014,86.5923999999976
7654,排水,138,0.0014,86.5937999999976
7655,鲫鱼,138,0.0014,86.5951999999976
7656,加剧,138,0.0014,86.5965999999976
7657,汉奸,138,0.0014,86.5993999999976
7658,政治委员,138,0.0014,86.5979999999976
7659,勤,138,0.0014,86.5867999999976
7660,逛,137,0.0014,86.6791999999978
7661,毒性,137,0.0014,86.6707999999978
7662,不当,137,0.0014,86.6721999999978
7663,职员,137,0.0014,86.6735999999978
7664,细心,137,0.0014,86.6749999999978
7665,味儿,137,0.0014,86.6763999999978
7666,同伴,137,0.0014,86.6889999999979
7667,图书,137,0.0014,86.6777999999978
7668,继承人,137,0.0014,86.6665999999978
7669,面目,137,0.0014,86.6805999999979
7670,婚姻法,137,0.0014,86.6819999999979
7671,欧姆,137,0.0014,86.6833999999979
7672,此地,137,0.0014,86.6847999999979
7673,动脉,137,0.0014,86.6917999999979
7674,不知不觉,137,0.0014,86.7029999999979
7675,照明,137,0.0014,86.7015999999979
7676,兄,137,0.0014,86.7001999999979
7677,身影,137,0.0014,86.6987999999979
7678,其间,137,0.0014,86.6973999999979
7679,蜡,137,0.0014,86.6959999999979
7680,中小学,137,0.0014,86.6945999999979
7681,旋,137,0.0014,86.6931999999979
7682,远离,137,0.0014,86.6861999999979
7683,情操,137,0.0014,86.6903999999979
7684,洁白,137,0.0014,86.6875999999979
7685,声调,137,0.0014,86.6693999999978
7686,臣,137,0.0014,86.6609999999978
7687,老先生,137,0.0014,86.6441999999978
7688,长处,137,0.0014,86.6469999999978
7689,花,137,0.0014,86.6637999999978
7690,稻谷,137,0.0014,86.6427999999977
7691,下级,137,0.0014,86.6679999999978
7692,只有,137,0.0014,86.6413999999977
7693,讨厌,137,0.0014,86.6399999999977
7694,华,137,0.0014,86.6385999999977
7695,花生,137,0.0014,86.6315999999977
7696,报名,137,0.0014,86.6357999999977
7697,公安机关,137,0.0014,86.6343999999977
7698,甲烷,137,0.0014,86.6329999999977
7699,熊,137,0.0014,86.6371999999977
7700,演唱,137,0.0014,86.6455999999978
7701,中性,137,0.0014,86.6483999999978
7702,显现,137,0.0014,86.6497999999978
7703,呼,137,0.0014,86.6511999999978
7704,嗨,137,0.0014,86.6525999999978
7705,必有,137,0.0014,86.6539999999978
7706,白云,137,0.0014,86.6553999999978
7707,燃,137,0.0014,86.6567999999978
7708,入手,137,0.0014,86.6581999999978
7709,衍射,137,0.0014,86.6595999999978
7710,捕鱼,137,0.0014,86.6651999999978
7711,不问,137,0.0014,86.6623999999978
7712,拧,136,0.0014,86.7589999999981
7713,胚胎,136,0.0014,86.749199999998
7714,一经,136,0.0014,86.750599999998
7715,书包,136,0.0014,86.751999999998
7716,第六,136,0.0014,86.7687999999981
7717,参数,136,0.0014,86.7533999999981
7718,选拔,136,0.0014,86.746399999998
7719,肚皮,136,0.0014,86.7547999999981
7720,未曾,136,0.0014,86.7575999999981
7721,看清,136,0.0014,86.7603999999981
7722,国土,136,0.0014,86.7617999999981
7723,电台,136,0.0014,86.7631999999981
7724,氢原子,136,0.0014,86.7645999999981
7725,苯,136,0.0014,86.7659999999981
7726,失掉,136,0.0014,86.7701999999981
7727,孵化,136,0.0014,86.7799999999981
7728,经营者,136,0.0014,86.7813999999981
7729,寄生虫,136,0.0014,86.7785999999981
7730,高产,136,0.0014,86.7841999999981
7731,挡住,136,0.0014,86.7855999999981
7732,一体,136,0.0014,86.7869999999981
7733,遗嘱,136,0.0014,86.7883999999981
7734,通红,136,0.0014,86.7827999999981
7735,赞叹,136,0.0014,86.7771999999981
7736,切断,136,0.0014,86.7757999999981
7737,束,136,0.0014,86.7673999999981
7738,电线,136,0.0014,86.7743999999981
7739,公开,136,0.0014,86.7729999999981
7740,畲族,136,0.0014,86.7715999999981
7741,宗,136,0.0014,86.747799999998
7742,狭,136,0.0014,86.726799999998
7743,家具,136,0.0014,86.719799999998
7744,规划,136,0.0014,86.721199999998
7745,汁,136,0.0014,86.7155999999979
7746,成正比,136,0.0014,86.7043999999979
7747,派遣,136,0.0014,86.716999999998
7748,音乐家,136,0.0014,86.722599999998
7749,焦点,136,0.0014,86.7141999999979
7750,络,136,0.0014,86.7127999999979
7751,信徒,136,0.0014,86.7113999999979
7752,教义,136,0.0014,86.7099999999979
7753,胸脯,136,0.0014,86.7085999999979
7754,疑问,136,0.0014,86.7071999999979
7755,警告,136,0.0014,86.7057999999979
7756,扰乱,136,0.0014,86.718399999998
7757,拚命,136,0.0014,86.735199999998
7758,条款,136,0.0014,86.743599999998
7759,点着,136,0.0014,86.742199999998
7760,利润率,136,0.0014,86.740799999998
7761,波斯,136,0.0014,86.739399999998
7762,开垦,136,0.0014,86.737999999998
7763,刻度,136,0.0014,86.725399999998
7764,吐出,136,0.0014,86.736599999998
7765,健全,136,0.0014,86.7561999999981
7766,医药,136,0.0014,86.723999999998
7767,唤起,136,0.0014,86.733799999998
7768,事后,136,0.0014,86.744999999998
7769,小路,136,0.0014,86.730999999998
7770,朴素,136,0.0014,86.729599999998
7771,高涨,136,0.0014,86.732399999998
7772,同化,136,0.0014,86.728199999998
7773,雷,135,0.0014,86.8219999999982
7774,不容,135,0.0014,86.8191999999982
7775,大国,135,0.0014,86.8247999999982
7776,葡萄糖,135,0.0014,86.8261999999983
7777,生有,135,0.0014,86.8275999999983
7778,决,135,0.0014,86.8289999999983
7779,类似,135,0.0014,86.8303999999983
7780,累,135,0.0014,86.8317999999983
7781,救济,135,0.0014,86.8331999999983
7782,爬到,135,0.0014,86.8345999999983
7783,替代,135,0.0014,86.8373999999983
7784,临时,135,0.0014,86.8471999999983
7785,船头,135,0.0014,86.8457999999983
7786,侧重,135,0.0014,86.8443999999983
7787,当兵,135,0.0014,86.8429999999983
7788,幼年,135,0.0014,86.8163999999982
7789,返,135,0.0014,86.8415999999983
7790,铅笔,135,0.0014,86.8205999999982
7791,南海,135,0.0014,86.8401999999983
7792,冲出,135,0.0014,86.8359999999983
7793,猛,135,0.0014,86.8387999999983
7794,哄,135,0.0014,86.8233999999982
7795,相反,135,0.0014,86.8149999999982
7796,据点,135,0.0014,86.7925999999982
7797,垫,135,0.0014,86.7939999999982
7798,新式,135,0.0014,86.8023999999982
7799,怎,135,0.0014,86.7953999999982
7800,副主席,135,0.0014,86.7967999999982
7801,不平,135,0.0014,86.7981999999982
7802,流体,135,0.0014,86.7995999999982
7803,文革,135,0.0014,86.8009999999982
7804,寨,135,0.0014,86.7897999999982
7805,韵,135,0.0014,86.8037999999982
7806,寺院,135,0.0014,86.8051999999982
7807,传导,135,0.0014,86.8065999999982
7808,投产,135,0.0014,86.8079999999982
7809,罢,135,0.0014,86.8093999999982
7810,下面,135,0.0014,86.8107999999982
7811,桂林,135,0.0014,86.8121999999982
7812,妇人,135,0.0014,86.8177999999982
7813,勿,135,0.0014,86.8135999999982
7814,光亮,135,0.0014,86.7911999999982
7815,花钱,134,0.0014,86.8765999999984
7816,数学家,134,0.0014,86.9059999999985
7817,张学良,134,0.0014,86.8807999999984
7818,不就,134,0.0014,86.8835999999984
7819,个体户,134,0.0014,86.8793999999984
7820,对外开放,134,0.0014,86.8849999999984
7821,勘探,134,0.0014,86.8863999999984
7822,布,134,0.0014,86.8877999999984
7823,市政府,134,0.0014,86.8891999999984
7824,界,134,0.0014,86.8905999999984
7825,商标,134,0.0014,86.8919999999984
7826,谜,134,0.0014,86.9073999999985
7827,科学院,134,0.0014,86.8947999999984
7828,油田,134,0.0014,86.8961999999984
7829,偏见,134,0.0014,86.8975999999984
7830,解开,134,0.0014,86.8989999999985
7831,指挥,134,0.0014,86.9003999999985
7832,好听,134,0.0014,86.9017999999985
7833,祖宗,134,0.0014,86.8933999999984
7834,穿着,134,0.0014,86.9031999999985
7835,蔡,134,0.0014,86.9045999999985
7836,电视剧,134,0.0014,86.8821999999984
7837,次序,134,0.0014,86.8751999999984
7838,孙悟空,134,0.0014,86.8485999999983
7839,宴会,134,0.0014,86.8499999999983
7840,西风,134,0.0014,86.8625999999984
7841,磁铁,134,0.0014,86.8541999999983
7842,光子,134,0.0014,86.8555999999983
7843,群落,134,0.0014,86.8569999999983
7844,厂房,134,0.0014,86.8583999999983
7845,销售额,134,0.0014,86.8597999999983
7846,变法,134,0.0014,86.8611999999983
7847,轻声,134,0.0014,86.8527999999983
7848,客观上,134,0.0014,86.8639999999984
7849,包袱,134,0.0014,86.8653999999984
7850,捆,134,0.0014,86.8667999999984
7851,众,134,0.0014,86.8779999999984
7852,口头,134,0.0014,86.8695999999984
7853,性情,134,0.0014,86.8513999999983
7854,蒸,134,0.0014,86.8709999999984
7855,泛,134,0.0014,86.8723999999984
7856,母体,134,0.0014,86.8681999999984
7857,新旧,134,0.0014,86.8737999999984
7858,华侨,133,0.0014,86.9717999999987
7859,宁静,133,0.0014,86.9703999999986
7860,配子,133,0.0014,86.9689999999986
7861,当时,133,0.0014,86.9787999999987
7862,党政,133,0.0014,86.9675999999986
7863,潜在,133,0.0014,86.9661999999986
7864,尊,133,0.0014,86.9549999999986
7865,绝望,133,0.0014,86.9647999999986
7866,高等教育,133,0.0014,86.9759999999987
7867,举动,133,0.0014,86.9619999999986
7868,储量,133,0.0014,86.9605999999986
7869,钱,133,0.0014,86.9591999999986
7870,妹,133,0.0014,86.9577999999986
7871,入侵,133,0.0014,86.9563999999986
7872,陆军,133,0.0014,86.9633999999986
7873,吸引力,133,0.0014,86.9801999999987
7874,双,133,0.0014,86.9913999999987
7875,其中,133,0.0014,86.9927999999987
7876,生前,133,0.0014,86.9899999999987
7877,绣,133,0.0014,86.9955999999987
7878,联结,133,0.0014,86.9969999999987
7879,怒,133,0.0014,86.9983999999987
7880,客观性,133,0.0014,86.9997999999987
7881,压制,133,0.0014,86.9941999999987
7882,权益,133,0.0014,86.9087999999985
7883,无效,133,0.0014,86.9885999999987
7884,犹豫,133,0.0014,86.9731999999987
7885,分辨,133,0.0014,86.9871999999987
7886,柳,133,0.0014,86.9773999999987
7887,旱,133,0.0014,86.9857999999987
7888,大纲,133,0.0014,86.9843999999987
7889,招生,133,0.0014,86.9829999999987
7890,美化,133,0.0014,86.9815999999987
7891,经济制度,133,0.0014,86.9745999999987
7892,逃走,133,0.0014,86.9325999999985
7893,复,133,0.0014,86.9255999999985
7894,豆,133,0.0014,86.9241999999985
7895,学会,133,0.0014,86.9157999999985
7896,链,133,0.0014,86.9227999999985
7897,塘,133,0.0014,86.9297999999985
7898,发展史,133,0.0014,86.9199999999985
7899,借口,133,0.0014,86.9101999999985
7900,四化建设,133,0.0014,86.9115999999985
7901,弯,133,0.0014,86.9129999999985
7902,物种,133,0.0014,86.9185999999985
7903,虽说,133,0.0014,86.9143999999985
7904,遗传学,133,0.0014,86.9171999999985
7905,一九七九,133,0.0014,86.9269999999985
7906,附加,133,0.0014,86.9437999999986
7907,鹅,133,0.0014,86.9521999999986
7908,越冬,133,0.0014,86.9507999999986
7909,惊醒,133,0.0014,86.9493999999986
7910,成语,133,0.0014,86.9479999999986
7911,沙滩,133,0.0014,86.9465999999986
7912,共鸣,133,0.0014,86.9451999999986
7913,漆,133,0.0014,86.9311999999985
7914,面包,133,0.0014,86.9423999999986
7915,棚,133,0.0014,86.9409999999986
7916,委屈,133,0.0014,86.9535999999986
7917,竟是,133,0.0014,86.9283999999985
7918,掩护,133,0.0014,86.9395999999986
7919,赐,133,0.0014,86.9381999999986
7920,经济核算,133,0.0014,86.9367999999986
7921,忧郁,133,0.0014,86.9353999999986
7922,指明,133,0.0014,86.9339999999985
7923,疏,133,0.0014,86.9213999999985
7924,笼罩,132,0.0014,87.0389999999988
7925,集会,132,0.0014,87.0473999999989
7926,沪,132,0.0014,87.0347999999988
7927,二十九,132,0.0014,87.0305999999988
7928,航海,132,0.0014,87.0361999999988
7929,乐观,132,0.0014,87.0375999999988
7930,黑夜,132,0.0014,87.0403999999988
7931,巴西,132,0.0014,87.0417999999988
7932,菩萨,132,0.0014,87.0431999999988
7933,馒头,132,0.0014,87.0445999999989
7934,贯穿,132,0.0014,87.0487999999989
7935,脱下,132,0.0014,87.0613999999989
7936,宏伟,132,0.0014,87.0599999999989
7937,螺旋,132,0.0014,87.0585999999989
7938,驾驶,132,0.0014,87.0571999999989
7939,拉到,132,0.0014,87.0557999999989
7940,保管,132,0.0014,87.0543999999989
7941,以色列,132,0.0014,87.0515999999989
7942,前期,132,0.0014,87.0459999999989
7943,智能,132,0.0014,87.0501999999989
7944,精细,132,0.0014,87.0529999999989
7945,永,132,0.0014,87.0319999999988
7946,来回,132,0.0014,87.0263999999988
7947,恐怖,132,0.0014,87.0053999999987
7948,战时,132,0.0014,87.0039999999987
7949,优,132,0.0014,87.0137999999988
7950,浇,132,0.0014,87.0067999999987
7951,未知,132,0.0014,87.0081999999988
7952,词组,132,0.0014,87.0095999999988
7953,祖父,132,0.0014,87.0109999999988
7954,写下,132,0.0014,87.0123999999988
7955,资,132,0.0014,87.0011999999987
7956,健壮,132,0.0014,87.0151999999988
7957,长官,132,0.0014,87.0165999999988
7958,姊妹,132,0.0014,87.0179999999988
7959,单,132,0.0014,87.0193999999988
7960,定量,132,0.0014,87.0207999999988
7961,包干,132,0.0014,87.0277999999988
7962,选定,132,0.0014,87.0221999999988
7963,预计,132,0.0014,87.0333999999988
7964,咧,132,0.0014,87.0235999999988
7965,高地,132,0.0014,87.0291999999988
7966,编写,132,0.0014,87.0249999999988
7967,租界,132,0.0014,87.0025999999987
7968,照例,131,0.0014,87.093599999999
7969,支,131,0.0014,87.114599999999
7970,不堪,131,0.0014,87.094999999999
7971,期货,131,0.0014,87.089399999999
7972,早日,131,0.0014,87.096399999999
7973,上衣,131,0.0014,87.097799999999
7974,刷,131,0.0014,87.099199999999
7975,婶,131,0.0014,87.100599999999
7976,核心,131,0.0014,87.101999999999
7977,隐蔽,131,0.0014,87.115999999999
7978,夏克明,131,0.0014,87.104799999999
7979,进一步,131,0.0014,87.106199999999
7980,科学性,131,0.0014,87.107599999999
7981,成虫,131,0.0014,87.108999999999
7982,委员长,131,0.0014,87.111799999999
7983,光电,131,0.0014,87.103399999999
7984,高级,131,0.0014,87.113199999999
7985,蹬,131,0.0014,87.110399999999
7986,献,131,0.0014,87.092199999999
7987,旅长,131,0.0014,87.083799999999
7988,作过,131,0.0014,87.085199999999
7989,不全,131,0.0014,87.0725999999989
7990,灵敏,131,0.0014,87.090799999999
7991,忠诚,131,0.0014,87.0655999999989
7992,看望,131,0.0014,87.0669999999989
7993,唯物论,131,0.0014,87.0683999999989
7994,资产阶级革命,131,0.0014,87.0697999999989
7995,凝视,131,0.0014,87.0711999999989
7996,随便,131,0.0014,87.0641999999989
7997,抚摸,131,0.0014,87.0739999999989
7998,骨骼,131,0.0014,87.0753999999989
7999,小船,131,0.0014,87.0767999999989
8000,庄,131,0.0014,87.0781999999989
8001,身躯,131,0.0014,87.087999999999
8002,俱,131,0.0014,87.0795999999989
8003,库存,131,0.0014,87.0627999999989
8004,光景,131,0.0014,87.080999999999
8005,敏锐,131,0.0014,87.082399999999
8006,就,131,0.0014,87.086599999999
8007,入学,130,0.0014,87.1593999999992
8008,枕头,130,0.0014,87.1495999999991
8009,自卫,130,0.0014,87.1551999999992
8010,感受到,130,0.0014,87.1565999999992
8011,氢氧化钠,130,0.0014,87.1607999999992
8012,长出,130,0.0014,87.1621999999992
8013,因,130,0.0014,87.1635999999992
8014,排放,130,0.0014,87.1649999999992
8015,必要,130,0.0014,87.1663999999992
8016,鼻孔,130,0.0014,87.1677999999992
8017,宝贝,130,0.0014,87.1691999999992
8018,重,130,0.0014,87.1705999999992
8019,唤,130,0.0014,87.1719999999992
8020,主教,130,0.0014,87.1733999999992
8021,开阔,130,0.0014,87.1761999999992
8022,小声,130,0.0014,87.1915999999993
8023,飞来,130,0.0014,87.1887999999992
8024,多层次,130,0.0014,87.1873999999992
8025,扒,130,0.0014,87.1859999999992
8026,顺,130,0.0014,87.1845999999992
8027,法庭,130,0.0014,87.1901999999993
8028,掠过,130,0.0014,87.1831999999992
8029,流向,130,0.0014,87.1817999999992
8030,私,130,0.0014,87.1803999999992
8031,忍耐,130,0.0014,87.1789999999992
8032,有影响,130,0.0014,87.1775999999992
8033,墨西哥,130,0.0014,87.1747999999992
8034,照相,130,0.0014,87.1579999999992
8035,瞎,130,0.0014,87.1523999999991
8036,复制,130,0.0014,87.1299999999991
8037,人造卫星,130,0.0014,87.1285999999991
8038,调到,130,0.0014,87.1341999999991
8039,染色,130,0.0014,87.1271999999991
8040,偶然性,130,0.0014,87.1257999999991
8041,径流,130,0.0014,87.1201999999991
8042,一块儿,130,0.0014,87.1173999999991
8043,飞翔,130,0.0014,87.1187999999991
8044,拥,130,0.0014,87.1243999999991
8045,损耗,130,0.0014,87.1215999999991
8046,翅,130,0.0014,87.1229999999991
8047,偶尔,130,0.0014,87.1313999999991
8048,大叫,130,0.0014,87.1355999999991
8049,右边,130,0.0014,87.1369999999991
8050,喷出,130,0.0014,87.1383999999991
8051,致富,130,0.0014,87.1397999999991
8052,势能,130,0.0014,87.1411999999991
8053,专利,130,0.0014,87.1425999999991
8054,华北,130,0.0014,87.1439999999991
8055,当场,130,0.0014,87.1453999999991
8056,瓦,130,0.0014,87.1467999999991
8057,行,130,0.0014,87.1537999999992
8058,通用,130,0.0014,87.1327999999991
8059,席,130,0.0014,87.1509999999991
8060,呼吁,130,0.0014,87.1481999999991
8061,果断,129,0.0013,87.2318999999993
8062,胡适,129,0.0013,87.2266999999993
8063,惊异,129,0.0013,87.2279999999993
8064,闺女,129,0.0013,87.2292999999993
8065,罕见,129,0.0013,87.2383999999993
8066,想,129,0.0013,87.2305999999993
8067,冶炼,129,0.0013,87.2227999999993
8068,准,129,0.0013,87.2331999999993
8069,季风,129,0.0013,87.2344999999993
8070,进军,129,0.0013,87.2357999999993
8071,西德,129,0.0013,87.2409999999993
8072,咸,129,0.0013,87.2513999999993
8073,仇恨,129,0.0013,87.2500999999993
8074,轻微,129,0.0013,87.2487999999993
8075,大多数,129,0.0013,87.2474999999993
8076,枪声,129,0.0013,87.2461999999993
8077,长城,129,0.0013,87.2448999999993
8078,押,129,0.0013,87.2435999999993
8079,那年,129,0.0013,87.2422999999993
8080,经过,129,0.0013,87.2201999999993
8081,锡,129,0.0013,87.2370999999993
8082,造就,129,0.0013,87.2240999999993
8083,旺,129,0.0013,87.2396999999993
8084,半夜,129,0.0013,87.2253999999993
8085,胸部,129,0.0013,87.2188999999993
8086,炉子,129,0.0013,87.1993999999993
8087,友人,129,0.0013,87.1928999999993
8088,担,129,0.0013,87.2006999999993
8089,对准,129,0.0013,87.2045999999993
8090,八百,129,0.0013,87.1980999999993
8091,命,129,0.0013,87.1967999999993
8092,相对,129,0.0013,87.1954999999993
8093,做饭,129,0.0013,87.1941999999993
8094,话筒,129,0.0013,87.2019999999993
8095,日期,129,0.0013,87.2058999999993
8096,下乡,129,0.0013,87.2071999999993
8097,尖,129,0.0013,87.2084999999993
8098,想出,129,0.0013,87.2097999999993
8099,解答,129,0.0013,87.2214999999993
8100,洗澡,129,0.0013,87.2123999999993
8101,辨认,129,0.0013,87.2032999999993
8102,光滑,129,0.0013,87.2136999999993
8103,列,129,0.0013,87.2149999999993
8104,均衡,129,0.0013,87.2162999999993
8105,妥协,129,0.0013,87.2175999999993
8106,贫,129,0.0013,87.2110999999993
8107,发电,128,0.0013,87.2786999999993
8108,缝,128,0.0013,87.2760999999993
8109,逻辑思维,128,0.0013,87.2747999999993
8110,四海,128,0.0013,87.2734999999993
8111,蕴藏,128,0.0013,87.2721999999993
8112,佩服,128,0.0013,87.2708999999993
8113,满,128,0.0013,87.2695999999993
8114,范,128,0.0013,87.2682999999993
8115,以南,128,0.0013,87.2669999999993
8116,平,128,0.0013,87.2656999999993
8117,尊敬,128,0.0013,87.2526999999993
8118,女真,128,0.0013,87.2630999999993
8119,现阶段,128,0.0013,87.2617999999993
8120,分钟,128,0.0013,87.2604999999993
8121,方才,128,0.0013,87.2591999999993
8122,以北,128,0.0013,87.2578999999993
8123,维修,128,0.0013,87.2565999999993
8124,趋,128,0.0013,87.2552999999993
8125,法官,128,0.0013,87.2539999999993
8126,民歌,128,0.0013,87.2812999999993
8127,深,128,0.0013,87.2773999999993
8128,归来,128,0.0013,87.2643999999993
8129,匪,128,0.0013,87.3007999999993
8130,集资,128,0.0013,87.3046999999993
8131,欣赏者,128,0.0013,87.3163999999993
8132,中农,128,0.0013,87.3033999999993
8133,等候,128,0.0013,87.2981999999993
8134,回,128,0.0013,87.3059999999993
8135,自豪,128,0.0013,87.3072999999993
8136,德育,128,0.0013,87.3085999999993
8137,下属,128,0.0013,87.3098999999993
8138,美国人,128,0.0013,87.3111999999993
8139,值班,128,0.0013,87.3124999999993
8140,悬挂,128,0.0013,87.3137999999993
8141,车厢,128,0.0013,87.3150999999993
8142,茶叶,128,0.0013,87.3020999999993
8143,一线,128,0.0013,87.2968999999993
8144,水珠,128,0.0013,87.2955999999993
8145,一家人,128,0.0013,87.2942999999993
8146,机车,128,0.0013,87.2929999999993
8147,转为,128,0.0013,87.2916999999993
8148,程,128,0.0013,87.2903999999993
8149,水蒸气,128,0.0013,87.2890999999993
8150,迫,128,0.0013,87.2877999999993
8151,领事,128,0.0013,87.2864999999993
8152,特殊性,128,0.0013,87.2851999999993
8153,老大,128,0.0013,87.2838999999993
8154,马车,128,0.0013,87.2799999999993
8155,侦查,128,0.0013,87.2825999999993
8156,进化论,128,0.0013,87.2994999999993
8157,日记,127,0.0013,87.3527999999993
8158,内脏,127,0.0013,87.3501999999993
8159,倾听,127,0.0013,87.3553999999993
8160,荧光屏,127,0.0013,87.3566999999993
8161,党委书记,127,0.0013,87.3579999999993
8162,快去,127,0.0013,87.3592999999993
8163,喊声,127,0.0013,87.3605999999993
8164,敌军,127,0.0013,87.3618999999993
8165,误解,127,0.0013,87.3631999999993
8166,笔记,127,0.0013,87.3644999999993
8167,不只是,127,0.0013,87.3657999999993
8168,沉积物,127,0.0013,87.3670999999993
8169,双眼,127,0.0013,87.3696999999993
8170,灵活性,127,0.0013,87.3800999999993
8171,人民日报,127,0.0013,87.3787999999993
8172,关上,127,0.0013,87.3774999999993
8173,挺,127,0.0013,87.3761999999993
8174,指,127,0.0013,87.3748999999993
8175,量子力学,127,0.0013,87.3735999999993
8176,烈士,127,0.0013,87.3683999999993
8177,换句话说,127,0.0013,87.3709999999993
8178,判,127,0.0013,87.3813999999993
8179,鳃,127,0.0013,87.3475999999993
8180,康有为,127,0.0013,87.3722999999993
8181,冷冷,127,0.0013,87.3514999999993
8182,心上,127,0.0013,87.3540999999993
8183,音调,127,0.0013,87.3462999999993
8184,电容器,127,0.0013,87.3293999999993
8185,鲤鱼,127,0.0013,87.3319999999993
8186,事例,127,0.0013,87.3267999999993
8187,摇晃,127,0.0013,87.3254999999993
8188,空白,127,0.0013,87.3241999999993
8189,锁,127,0.0013,87.3228999999993
8190,问世,127,0.0013,87.3215999999993
8191,嫁接,127,0.0013,87.3202999999993
8192,特意,127,0.0013,87.3189999999993
8193,特地,127,0.0013,87.3176999999993
8194,握住,127,0.0013,87.3280999999993
8195,郊区,127,0.0013,87.3332999999993
8196,留学,127,0.0013,87.3345999999993
8197,山路,127,0.0013,87.3358999999993
8198,独立,127,0.0013,87.3371999999993
8199,水下,127,0.0013,87.3384999999993
8200,热水,127,0.0013,87.3397999999993
8201,战,127,0.0013,87.3488999999993
8202,固执,127,0.0013,87.3410999999993
8203,金明,127,0.0013,87.3306999999993
8204,气愤,127,0.0013,87.3423999999993
8205,何等,127,0.0013,87.3436999999993
8206,猎,127,0.0013,87.3449999999993
8207,主语,126,0.0013,87.4385999999994
8208,万分,126,0.0013,87.4255999999993
8209,预言,126,0.0013,87.4177999999993
8210,熔点,126,0.0013,87.4190999999993
8211,低下,126,0.0013,87.4203999999993
8212,民事,126,0.0013,87.4216999999993
8213,彼,126,0.0013,87.4229999999993
8214,代理人,126,0.0013,87.4333999999994
8215,交错,126,0.0013,87.4242999999993
8216,摆,126,0.0013,87.4151999999993
8217,封建制度,126,0.0013,87.4268999999993
8218,发芽,126,0.0013,87.4281999999994
8219,汽油,126,0.0013,87.4294999999994
8220,踏上,126,0.0013,87.4307999999994
8221,互补,126,0.0013,87.4359999999994
8222,十一月,126,0.0013,87.4489999999994
8223,粘液,126,0.0013,87.4476999999994
8224,咽,126,0.0013,87.4463999999994
8225,山峰,126,0.0013,87.4450999999994
8226,实验,126,0.0013,87.4437999999994
8227,海带,126,0.0013,87.4424999999994
8228,总,126,0.0013,87.4398999999994
8229,颇为,126,0.0013,87.4372999999994
8230,大王,126,0.0013,87.4320999999994
8231,辞职,126,0.0013,87.4346999999994
8232,准,126,0.0013,87.4411999999994
8233,不正之风,126,0.0013,87.4112999999993
8234,抗议,126,0.0013,87.3943999999993
8235,射出,126,0.0013,87.3969999999993
8236,嚼,126,0.0013,87.4125999999993
8237,所,126,0.0013,87.3917999999993
8238,逆,126,0.0013,87.4164999999993
8239,内蒙古,126,0.0013,87.3904999999993
8240,一伙,126,0.0013,87.3891999999993
8241,攀,126,0.0013,87.3826999999993
8242,协同,126,0.0013,87.3878999999993
8243,离去,126,0.0013,87.3865999999993
8244,不理,126,0.0013,87.3852999999993
8245,剖面,126,0.0013,87.3839999999993
8246,疙瘩,126,0.0013,87.3930999999993
8247,散布,126,0.0013,87.3982999999993
8248,真实性,126,0.0013,87.3995999999993
8249,诗意,126,0.0013,87.4008999999993
8250,在场,126,0.0013,87.4021999999993
8251,啄木鸟,126,0.0013,87.4138999999993
8252,吸烟,126,0.0013,87.4047999999993
8253,稀少,126,0.0013,87.3956999999993
8254,堵,126,0.0013,87.4060999999993
8255,下部,126,0.0013,87.4073999999993
8256,永久,126,0.0013,87.4086999999993
8257,不耐烦,126,0.0013,87.4099999999993
8258,接连,126,0.0013,87.4034999999993
8259,梳,125,0.0013,87.4905999999994
8260,胡耀邦,125,0.0013,87.4918999999994
8261,于,125,0.0013,87.4931999999994
8262,根系,125,0.0013,87.4944999999994
8263,邻近,125,0.0013,87.5061999999994
8264,尊严,125,0.0013,87.4957999999994
8265,压抑,125,0.0013,87.4866999999994
8266,东欧,125,0.0013,87.4970999999994
8267,新人,125,0.0013,87.4983999999994
8268,暂,125,0.0013,87.4996999999994
8269,结算,125,0.0013,87.5009999999994
8270,各界,125,0.0013,87.5022999999994
8271,芭蕾,125,0.0013,87.5035999999994
8272,各方,125,0.0013,87.5087999999994
8273,标语,125,0.0013,87.5217999999994
8274,右派,125,0.0013,87.5204999999994
8275,纳税,125,0.0013,87.5191999999994
8276,高校,125,0.0013,87.5178999999994
8277,未经,125,0.0013,87.5165999999994
8278,女婿,125,0.0013,87.5152999999994
8279,里头,125,0.0013,87.5230999999994
8280,遗憾,125,0.0013,87.5139999999994
8281,半封建,125,0.0013,87.5126999999994
8282,瑞典,125,0.0013,87.5113999999994
8283,闪闪,125,0.0013,87.5100999999994
8284,中美,125,0.0013,87.5048999999994
8285,稻田,125,0.0013,87.5074999999994
8286,全心全意,125,0.0013,87.4892999999994
8287,会员,125,0.0013,87.4710999999994
8288,宽阔,125,0.0013,87.4684999999994
8289,开除,125,0.0013,87.4593999999994
8290,管道,125,0.0013,87.4879999999994
8291,牛奶,125,0.0013,87.4632999999994
8292,修复,125,0.0013,87.4502999999994
8293,不得,125,0.0013,87.4606999999994
8294,现出,125,0.0013,87.4645999999994
8295,计划生育,125,0.0013,87.4580999999994
8296,口里,125,0.0013,87.4567999999994
8297,捡,125,0.0013,87.4554999999994
8298,多样化,125,0.0013,87.4541999999994
8299,生理学,125,0.0013,87.4528999999994
8300,手脚,125,0.0013,87.4515999999994
8301,做梦,125,0.0013,87.4619999999994
8302,况且,125,0.0013,87.4762999999994
8303,消亡,125,0.0013,87.4840999999994
8304,民主政治,125,0.0013,87.4827999999994
8305,透,125,0.0013,87.4814999999994
8306,曹操,125,0.0013,87.4801999999994
8307,陕西,125,0.0013,87.4788999999994
8308,渡,125,0.0013,87.4775999999994
8309,良种,125,0.0013,87.4658999999994
8310,征求,125,0.0013,87.4749999999994
8311,强盗,125,0.0013,87.4853999999994
8312,泥沙,125,0.0013,87.4723999999994
8313,外科,125,0.0013,87.4736999999994
8314,矛盾,125,0.0013,87.4697999999994
8315,不定,125,0.0013,87.4671999999994
8316,政治部,124,0.0013,87.5698999999994
8317,十二月,124,0.0013,87.5659999999994
8318,向,124,0.0013,87.5672999999994
8319,生物体,124,0.0013,87.5841999999994
8320,除非,124,0.0013,87.5633999999994
8321,新,124,0.0013,87.5711999999994
8322,指数,124,0.0013,87.5724999999994
8323,师范,124,0.0013,87.5737999999994
8324,余地,124,0.0013,87.5750999999994
8325,绝,124,0.0013,87.5763999999994
8326,不快,124,0.0013,87.5776999999994
8327,卧室,124,0.0013,87.5789999999994
8328,担,124,0.0013,87.5802999999994
8329,实例,124,0.0013,87.5815999999994
8330,显露,124,0.0013,87.5854999999994
8331,避开,124,0.0013,87.5945999999994
8332,外商,124,0.0013,87.5958999999994
8333,公私合营,124,0.0013,87.5932999999994
8334,枝叶,124,0.0013,87.5984999999994
8335,新奇,124,0.0013,87.5997999999994
8336,土耳其,124,0.0013,87.6010999999994
8337,水子,124,0.0013,87.6023999999994
8338,谨慎,124,0.0013,87.5971999999994
8339,个儿,124,0.0013,87.5919999999994
8340,村长,124,0.0013,87.5906999999994
8341,说,124,0.0013,87.5828999999994
8342,激动,124,0.0013,87.5893999999994
8343,边上,124,0.0013,87.5880999999994
8344,奴役,124,0.0013,87.5867999999994
8345,髓,124,0.0013,87.5646999999994
8346,柑桔,124,0.0013,87.5399999999994
8347,直立,124,0.0013,87.5360999999994
8348,眼神,124,0.0013,87.5386999999994
8349,集合,124,0.0013,87.5243999999994
8350,觉察,124,0.0013,87.5373999999994
8351,威力,124,0.0013,87.5425999999994
8352,年头,124,0.0013,87.5347999999994
8353,陈述,124,0.0013,87.5334999999994
8354,附近,124,0.0013,87.5321999999994
8355,宽大,124,0.0013,87.5308999999994
8356,纱,124,0.0013,87.5295999999994
8357,刊登,124,0.0013,87.5282999999994
8358,一动,124,0.0013,87.5269999999994
8359,滑动,124,0.0013,87.5256999999994
8360,婚礼,124,0.0013,87.5412999999994
8361,光,124,0.0013,87.5438999999994
8362,谈不上,124,0.0013,87.5451999999994
8363,哪,124,0.0013,87.5464999999994
8364,深受,124,0.0013,87.5477999999994
8365,山林,124,0.0013,87.5490999999994
8366,司,124,0.0013,87.5503999999994
8367,落地,124,0.0013,87.5516999999994
8368,寄主,124,0.0013,87.5529999999994
8369,天主教,124,0.0013,87.5542999999994
8370,笨,124,0.0013,87.5555999999994
8371,贡献,124,0.0013,87.5568999999994
8372,民俗,124,0.0013,87.5607999999994
8373,回避,124,0.0013,87.5581999999994
8374,板凳,124,0.0013,87.5685999999994
8375,陈旧,124,0.0013,87.5594999999994
8376,为啥,124,0.0013,87.5620999999994
8377,买来,123,0.0013,87.6361999999994
8378,潜,123,0.0013,87.6374999999994
8379,震惊,123,0.0013,87.6387999999994
8380,呆呆,123,0.0013,87.6400999999994
8381,无色,123,0.0013,87.6569999999994
8382,荒,123,0.0013,87.6413999999994
8383,再三,123,0.0013,87.6322999999994
8384,贫穷,123,0.0013,87.6426999999994
8385,被捕,123,0.0013,87.6439999999994
8386,浮动,123,0.0013,87.6452999999994
8387,透露,123,0.0013,87.6556999999994
8388,徘徊,123,0.0013,87.6478999999994
8389,坚固,123,0.0013,87.6491999999994
8390,适应性,123,0.0013,87.6504999999994
8391,大跃进,123,0.0013,87.6517999999994
8392,搬家,123,0.0013,87.6530999999994
8393,终年,123,0.0013,87.6543999999994
8394,不解,123,0.0013,87.6296999999994
8395,鞭子,123,0.0013,87.6465999999994
8396,猪肉,123,0.0013,87.6335999999994
8397,严寒,123,0.0013,87.6582999999994
8398,平坦,123,0.0013,87.6348999999994
8399,钉,123,0.0013,87.6283999999994
8400,风力,123,0.0013,87.6062999999994
8401,立体,123,0.0013,87.6075999999994
8402,厌恶,123,0.0013,87.6166999999994
8403,遗,123,0.0013,87.6088999999994
8404,从,123,0.0013,87.6101999999994
8405,贝多芬,123,0.0013,87.6114999999994
8406,抓起,123,0.0013,87.6127999999994
8407,横,123,0.0013,87.6140999999994
8408,手榴弹,123,0.0013,87.6153999999994
8409,传教士,123,0.0013,87.6036999999994
8410,剧种,123,0.0013,87.6179999999994
8411,支出,123,0.0013,87.6192999999994
8412,这样一来,123,0.0013,87.6205999999994
8413,暴雨,123,0.0013,87.6218999999994
8414,蜜,123,0.0013,87.6231999999994
8415,抗病,123,0.0013,87.6244999999994
8416,甲板,123,0.0013,87.6309999999994
8417,属,123,0.0013,87.6257999999994
8418,抗日,123,0.0013,87.6049999999994
8419,船只,123,0.0013,87.6270999999994
8420,支书,122,0.0013,87.6933999999995
8421,厌,122,0.0013,87.6972999999995
8422,电量,122,0.0013,87.6881999999995
8423,白,122,0.0013,87.6985999999995
8424,大厦,122,0.0013,87.6946999999995
8425,哺乳动物,122,0.0013,87.6998999999995
8426,文化教育,122,0.0013,87.6920999999995
8427,壁上,122,0.0013,87.7011999999995
8428,上年,122,0.0013,87.7024999999995
8429,敏捷,122,0.0013,87.7037999999995
8430,清水,122,0.0013,87.7050999999995
8431,创伤,122,0.0013,87.7063999999995
8432,时髦,122,0.0013,87.7102999999995
8433,寺,122,0.0013,87.7219999999995
8434,奉献,122,0.0013,87.7206999999995
8435,红,122,0.0013,87.7193999999995
8436,筐,122,0.0013,87.7180999999995
8437,四面,122,0.0013,87.7167999999995
8438,白细胞,122,0.0013,87.7154999999995
8439,轮流,122,0.0013,87.7128999999995
8440,久久,122,0.0013,87.7115999999995
8441,咖啡,122,0.0013,87.7141999999995
8442,奔跑,122,0.0013,87.7089999999995
8443,可就,122,0.0013,87.7076999999995
8444,倚,122,0.0013,87.6959999999995
8445,静脉,122,0.0013,87.6894999999995
8446,混淆,122,0.0013,87.6686999999994
8447,经受,122,0.0013,87.6699999999994
8448,后天,122,0.0013,87.6738999999994
8449,犹,122,0.0013,87.6673999999994
8450,侵权,122,0.0013,87.6660999999994
8451,辽阔,122,0.0013,87.6647999999994
8452,困境,122,0.0013,87.6634999999994
8453,茶馆,122,0.0013,87.6621999999994
8454,诚实,122,0.0013,87.6608999999994
8455,光泽,122,0.0013,87.6595999999994
8456,胀,122,0.0013,87.6712999999994
8457,鞭,122,0.0013,87.6751999999994
8458,成功,122,0.0013,87.6764999999995
8459,有机体,122,0.0013,87.6777999999995
8460,不服,122,0.0013,87.6790999999995
8461,淋,122,0.0013,87.6803999999995
8462,上市,122,0.0013,87.6816999999995
8463,同时,122,0.0013,87.6829999999995
8464,器材,122,0.0013,87.6842999999995
8465,只用,122,0.0013,87.6855999999995
8466,拐,122,0.0013,87.6907999999995
8467,陶冶,122,0.0013,87.6868999999995
8468,前头,122,0.0013,87.6725999999994
8469,一大批,121,0.0013,87.7752999999995
8470,售价,121,0.0013,87.7674999999995
8471,多样性,121,0.0013,87.7687999999995
8472,舍,121,0.0013,87.7700999999995
8473,死刑,121,0.0013,87.7713999999995
8474,耽误,121,0.0013,87.7726999999995
8475,摧残,121,0.0013,87.7843999999995
8476,发抖,121,0.0013,87.7739999999995
8477,议,121,0.0013,87.7635999999995
8478,洞口,121,0.0013,87.7765999999995
8479,国民政府,121,0.0013,87.7778999999995
8480,异常,121,0.0013,87.7791999999995
8481,糟,121,0.0013,87.7453999999995
8482,主导,121,0.0013,87.7804999999995
8483,增殖,121,0.0013,87.7661999999995
8484,别看,121,0.0013,87.7817999999995
8485,几个,121,0.0013,87.7869999999995
8486,重心,121,0.0013,87.7999999999995
8487,借用,121,0.0013,87.7986999999995
8488,呼喊,121,0.0013,87.7973999999995
8489,剧团,121,0.0013,87.7960999999995
8490,角,121,0.0013,87.7947999999995
8491,打败,121,0.0013,87.7934999999995
8492,苍蝇,121,0.0013,87.8012999999995
8493,亚里士多德,121,0.0013,87.7921999999995
8494,生,121,0.0013,87.7908999999995
8495,表彰,121,0.0013,87.7895999999995
8496,步子,121,0.0013,87.7882999999995
8497,书房,121,0.0013,87.7830999999995
8498,赚钱,121,0.0013,87.7856999999995
8499,一氧化碳,121,0.0013,87.7648999999995
8500,丙,121,0.0013,87.7440999999995
8501,算出,121,0.0013,87.7349999999995
8502,定为,121,0.0013,87.7375999999995
8503,刻画,121,0.0013,87.7362999999995
8504,请示,121,0.0013,87.7414999999995
8505,咀嚼,121,0.0013,87.7336999999995
8506,一回事,121,0.0013,87.7323999999995
8507,棺材,121,0.0013,87.7310999999995
8508,勤劳,121,0.0013,87.7245999999995
8509,奥地利,121,0.0013,87.7284999999995
8510,县里,121,0.0013,87.7271999999995
8511,大体上,121,0.0013,87.7258999999995
8512,赏,121,0.0013,87.7297999999995
8513,搅,121,0.0013,87.7232999999995
8514,量子,121,0.0013,87.7388999999995
8515,泡,121,0.0013,87.7531999999995
8516,大大小小,121,0.0013,87.7596999999995
8517,参照,121,0.0013,87.7583999999995
8518,水位,121,0.0013,87.7570999999995
8519,坚决,121,0.0013,87.7557999999995
8520,跳到,121,0.0013,87.7544999999995
8521,形变,121,0.0013,87.7427999999995
8522,突击,121,0.0013,87.7518999999995
8523,国际上,121,0.0013,87.7622999999995
8524,领会,121,0.0013,87.7505999999995
8525,示范,121,0.0013,87.7492999999995
8526,花纹,121,0.0013,87.7401999999995
8527,红楼梦,121,0.0013,87.7479999999995
8528,搂,121,0.0013,87.7466999999995
8529,繁重,121,0.0013,87.7609999999995
8530,感慨,120,0.0013,87.8441999999995
8531,间隔,120,0.0013,87.8454999999995
8532,南朝鲜,120,0.0013,87.8467999999995
8533,伊朗,120,0.0013,87.8480999999995
8534,连同,120,0.0013,87.8493999999995
8535,迹,120,0.0013,87.8610999999995
8536,卤,120,0.0013,87.8506999999995
8537,因地制宜,120,0.0013,87.8402999999995
8538,我军,120,0.0013,87.8519999999995
8539,冷水,120,0.0013,87.8532999999995
8540,场地,120,0.0013,87.8545999999995
8541,眼晴,120,0.0013,87.8558999999995
8542,一瞬间,120,0.0013,87.8571999999995
8543,凄凉,120,0.0013,87.8584999999995
8544,为难,120,0.0013,87.8636999999995
8545,捕食,120,0.0013,87.8779999999995
8546,没事,120,0.0013,87.8766999999995
8547,对称性,120,0.0013,87.8753999999995
8548,跟随,120,0.0013,87.8740999999995
8549,电动机,120,0.0013,87.8727999999995
8550,奥秘,120,0.0013,87.8714999999995
8551,繁多,120,0.0013,87.8701999999995
8552,挡,120,0.0013,87.8688999999995
8553,降到,120,0.0013,87.8675999999995
8554,艺术品,120,0.0013,87.8662999999995
8555,照耀,120,0.0013,87.8649999999995
8556,爱上,120,0.0013,87.8597999999995
8557,流泪,120,0.0013,87.8623999999995
8558,隔壁,120,0.0013,87.8207999999995
8559,歪,120,0.0013,87.8428999999995
8560,授,120,0.0013,87.8415999999995
8561,逗,120,0.0013,87.8129999999995
8562,记号,120,0.0013,87.8155999999995
8563,乘客,120,0.0013,87.8025999999995
8564,打架,120,0.0013,87.8142999999995
8565,熄灭,120,0.0013,87.8181999999995
8566,祖母,120,0.0013,87.8116999999995
8567,渠,120,0.0013,87.8103999999995
8568,秘密,120,0.0013,87.8090999999995
8569,大好,120,0.0013,87.8077999999995
8570,官僚主义,120,0.0013,87.8064999999995
8571,记忆,120,0.0013,87.8051999999995
8572,吃力,120,0.0013,87.8038999999995
8573,田间,120,0.0013,87.8168999999995
8574,硬,120,0.0013,87.8298999999995
8575,一心,120,0.0013,87.8376999999995
8576,上部,120,0.0013,87.8363999999995
8577,半球,120,0.0013,87.8350999999995
8578,一块,120,0.0013,87.8337999999995
8579,安,120,0.0013,87.8324999999995
8580,代理,120,0.0013,87.8311999999995
8581,容许,120,0.0013,87.8194999999995
8582,寂静,120,0.0013,87.8285999999995
8583,怪物,120,0.0013,87.8389999999995
8584,比价,120,0.0013,87.8259999999995
8585,运到,120,0.0013,87.8246999999995
8586,身分,120,0.0013,87.8233999999995
8587,炸弹,120,0.0013,87.8272999999995
8588,罗马尼亚,120,0.0013,87.8220999999995
8589,卓越,119,0.0012,87.9307999999994
8590,女排,119,0.0012,87.9247999999994
8591,促成,119,0.0012,87.9295999999994
8592,名单,119,0.0012,87.9283999999994
8593,被动,119,0.0012,87.9271999999994
8594,抽烟,119,0.0012,87.9259999999994
8595,施用,119,0.0012,87.9151999999994
8596,契约,119,0.0012,87.9235999999994
8597,遗址,119,0.0012,87.9331999999994
8598,末期,119,0.0012,87.9211999999994
8599,身穿,119,0.0012,87.9199999999994
8600,曹志道,119,0.0012,87.9187999999994
8601,忙碌,119,0.0012,87.9175999999994
8602,浆,119,0.0012,87.9163999999994
8603,体外,119,0.0012,87.9223999999994
8604,疗法,119,0.0012,87.9379999999994
8605,远远,119,0.0012,87.9511999999994
8606,丘陵,119,0.0012,87.9499999999994
8607,调剂,119,0.0012,87.9487999999994
8608,大战,119,0.0012,87.9475999999994
8609,看书,119,0.0012,87.9463999999994
8610,跟踪,119,0.0012,87.9451999999994
8611,开来,119,0.0012,87.9439999999994
8612,金额,119,0.0012,87.9427999999994
8613,甘心,119,0.0012,87.9415999999994
8614,边,119,0.0012,87.9343999999994
8615,碰撞,119,0.0012,87.9391999999994
8616,相对于,119,0.0012,87.9523999999994
8617,必不可少,119,0.0012,87.9367999999994
8618,生病,119,0.0012,87.9403999999994
8619,公尺,119,0.0012,87.9319999999994
8620,上海市,119,0.0012,87.8947999999995
8621,清,119,0.0012,87.8899999999995
8622,振奋,119,0.0012,87.8935999999995
8623,盒子,119,0.0012,87.8791999999995
8624,乘机,119,0.0012,87.8911999999995
8625,海关,119,0.0012,87.8959999999995
8626,升华,119,0.0012,87.8887999999995
8627,通道,119,0.0012,87.8875999999995
8628,基于,119,0.0012,87.8863999999995
8629,有序,119,0.0012,87.8851999999995
8630,演绎,119,0.0012,87.8839999999995
8631,搬运,119,0.0012,87.8827999999995
8632,初,119,0.0012,87.8815999999995
8633,说起来,119,0.0012,87.8803999999995
8634,倾向性,119,0.0012,87.8923999999995
8635,重叠,119,0.0012,87.8971999999995
8636,重合,119,0.0012,87.8983999999995
8637,列举,119,0.0012,87.8995999999995
8638,相距,119,0.0012,87.9007999999995
8639,过年,119,0.0012,87.9019999999995
8640,大字,119,0.0012,87.9031999999995
8641,域,119,0.0012,87.9043999999995
8642,新生,119,0.0012,87.9055999999995
8643,风雪,119,0.0012,87.9067999999995
8644,以便,119,0.0012,87.9079999999995
8645,呗,119,0.0012,87.9091999999995
8646,葬,119,0.0012,87.9103999999995
8647,找来,119,0.0012,87.9115999999995
8648,朱德,119,0.0012,87.9127999999995
8649,确有,119,0.0012,87.9139999999994
8650,农奴,119,0.0012,87.9355999999994
8651,刑,118,0.0012,88.0051999999992
8652,削,118,0.0012,88.0039999999992
8653,可惜,118,0.0012,88.0027999999992
8654,汉口,118,0.0012,88.0015999999992
8655,比利时,118,0.0012,87.9895999999993
8656,清脆,118,0.0012,87.9991999999992
8657,石子,118,0.0012,88.0123999999992
8658,分子式,118,0.0012,88.0087999999992
8659,美育,118,0.0012,88.0003999999992
8660,派出所,118,0.0012,87.9967999999993
8661,狂,118,0.0012,87.9955999999993
8662,订货,118,0.0012,87.9943999999993
8663,鲨鱼,118,0.0012,87.9931999999993
8664,嘴角,118,0.0012,87.9919999999993
8665,停下,118,0.0012,87.9907999999993
8666,冷笑,118,0.0012,87.9979999999993
8667,原子能,118,0.0012,88.0135999999992
8668,舞蹈家,118,0.0012,88.0255999999992
8669,恐慌,118,0.0012,88.0243999999992
8670,群众性,118,0.0012,88.0231999999992
8671,梨,118,0.0012,88.0219999999992
8672,公元,118,0.0012,88.0207999999992
8673,泻,118,0.0012,88.0195999999992
8674,定型,118,0.0012,88.0183999999992
8675,用处,118,0.0012,88.0099999999992
8676,猛然,118,0.0012,88.0159999999992
8677,脊髓,118,0.0012,88.0267999999992
8678,会谈,118,0.0012,88.0147999999992
8679,上场,118,0.0012,88.0171999999992
8680,东海,118,0.0012,88.0111999999992
8681,墓地,118,0.0012,88.0063999999992
8682,瀑布,118,0.0012,87.9859999999993
8683,鹰,118,0.0012,87.9871999999993
8684,无从,118,0.0012,87.9679999999993
8685,出动,118,0.0012,88.0075999999992
8686,嗅,118,0.0012,87.9703999999993
8687,恒,118,0.0012,87.9655999999993
8688,公安局,118,0.0012,87.9643999999993
8689,界线,118,0.0012,87.9631999999993
8690,当选,118,0.0012,87.9619999999993
8691,婆,118,0.0012,87.9607999999993
8692,狭义,118,0.0012,87.9595999999993
8693,至此,118,0.0012,87.9583999999993
8694,自主,118,0.0012,87.9571999999993
8695,成千上万,118,0.0012,87.9559999999993
8696,脚印,118,0.0012,87.9547999999994
8697,双重,118,0.0012,87.9535999999994
8698,真菌,118,0.0012,87.9667999999993
8699,巢,118,0.0012,87.9715999999993
8700,男孩子,118,0.0012,87.9727999999993
8701,政治制度,118,0.0012,87.9739999999993
8702,泄,118,0.0012,87.9751999999993
8703,足,118,0.0012,87.9763999999993
8704,皱纹,118,0.0012,87.9775999999993
8705,敞开,118,0.0012,87.9883999999993
8706,复合,118,0.0012,87.9787999999993
8707,叫喊,118,0.0012,87.9691999999993
8708,尺寸,118,0.0012,87.9799999999993
8709,预料,118,0.0012,87.9811999999993
8710,去过,118,0.0012,87.9823999999993
8711,桃,118,0.0012,87.9835999999993
8712,春风,118,0.0012,87.9847999999993
8713,布满,117,0.0012,88.101199999999
8714,直辖市,117,0.0012,88.095199999999
8715,一生,117,0.0012,88.090399999999
8716,伤,117,0.0012,88.0831999999991
8717,星际,117,0.0012,88.089199999999
8718,精华,117,0.0012,88.087999999999
8719,无机盐,117,0.0012,88.086799999999
8720,进取,117,0.0012,88.085599999999
8721,艺人,117,0.0012,88.0843999999991
8722,样儿,117,0.0012,88.0723999999991
8723,献给,117,0.0012,88.0819999999991
8724,住所,117,0.0012,88.092799999999
8725,篇章,117,0.0012,88.0795999999991
8726,点,117,0.0012,88.0783999999991
8727,交通,117,0.0012,88.0771999999991
8728,可贵,117,0.0012,88.0759999999991
8729,从此,117,0.0012,88.0747999999991
8730,揭发,117,0.0012,88.0735999999991
8731,何以,117,0.0012,88.0807999999991
8732,细胞核,117,0.0012,88.098799999999
8733,实用主义,117,0.0012,88.113199999999
8734,夺得,117,0.0012,88.111999999999
8735,唯物辩证法,117,0.0012,88.110799999999
8736,挽,117,0.0012,88.109599999999
8737,乌龟,117,0.0012,88.108399999999
8738,说罢,117,0.0012,88.107199999999
8739,谁知道,117,0.0012,88.105999999999
8740,雄,117,0.0012,88.104799999999
8741,成因,117,0.0012,88.103599999999
8742,酝酿,117,0.0012,88.102399999999
8743,林子,117,0.0012,88.093999999999
8744,雇,117,0.0012,88.099999999999
8745,狭隘,117,0.0012,88.114399999999
8746,冰晶,117,0.0012,88.097599999999
8747,犹太人,117,0.0012,88.0507999999991
8748,视图,117,0.0012,88.096399999999
8749,数额,117,0.0012,88.091599999999
8750,路过,117,0.0012,88.0519999999991
8751,背影,117,0.0012,88.0435999999991
8752,动静,117,0.0012,88.0447999999991
8753,逃跑,117,0.0012,88.0483999999991
8754,外出,117,0.0012,88.0423999999991
8755,偏离,117,0.0012,88.0411999999992
8756,何种,117,0.0012,88.0399999999992
8757,晚期,117,0.0012,88.0387999999992
8758,发,117,0.0012,88.0375999999992
8759,束,117,0.0012,88.0303999999992
8760,宝石,117,0.0012,88.0363999999992
8761,境地,117,0.0012,88.0351999999992
8762,植,117,0.0012,88.0339999999992
8763,学好,117,0.0012,88.0327999999992
8764,褐色,117,0.0012,88.0315999999992
8765,岭,117,0.0012,88.0291999999992
8766,国会,117,0.0012,88.0279999999992
8767,炕上,117,0.0012,88.0459999999991
8768,昆明,117,0.0012,88.0615999999991
8769,繁,117,0.0012,88.0699999999991
8770,掉下,117,0.0012,88.0687999999991
8771,未免,117,0.0012,88.0675999999991
8772,稳固,117,0.0012,88.0663999999991
8773,叉,117,0.0012,88.0651999999991
8774,推算,117,0.0012,88.0639999999991
8775,选取,117,0.0012,88.0627999999991
8776,脑海,117,0.0012,88.0495999999991
8777,后世,117,0.0012,88.0603999999991
8778,炎热,117,0.0012,88.0711999999991
8779,现今,117,0.0012,88.0579999999991
8780,他妈的,117,0.0012,88.0567999999991
8781,老朋友,117,0.0012,88.0555999999991
8782,拥挤,117,0.0012,88.0543999999991
8783,全厂,117,0.0012,88.0591999999991
8784,新加坡,117,0.0012,88.0531999999991
8785,松鼠,117,0.0012,88.0471999999991
8786,有些,116,0.0012,88.1707999999988
8787,烈火,116,0.0012,88.1743999999988
8788,电视台,116,0.0012,88.1683999999989
8789,抗体,116,0.0012,88.1635999999989
8790,丑恶,116,0.0012,88.1659999999989
8791,女神,116,0.0012,88.1647999999989
8792,讲解,116,0.0012,88.1539999999989
8793,显然,116,0.0012,88.1623999999989
8794,明朝,116,0.0012,88.1719999999988
8795,将近,116,0.0012,88.1599999999989
8796,间隙,116,0.0012,88.1587999999989
8797,社会形态,116,0.0012,88.1575999999989
8798,导演,116,0.0012,88.1563999999989
8799,厂家,116,0.0012,88.1551999999989
8800,陕北,116,0.0012,88.1611999999989
8801,叶倩倩,116,0.0012,88.1755999999988
8802,响亮,116,0.0012,88.1911999999988
8803,仲裁,116,0.0012,88.1899999999988
8804,亲密,116,0.0012,88.1863999999988
8805,困,116,0.0012,88.1851999999988
8806,老爹,116,0.0012,88.1839999999988
8807,勇于,116,0.0012,88.1827999999988
8808,测试,116,0.0012,88.1875999999988
8809,芦苇,116,0.0012,88.1815999999988
8810,单个,116,0.0012,88.1803999999988
8811,甘肃,116,0.0012,88.1791999999988
8812,习,116,0.0012,88.1347999999989
8813,心室,116,0.0012,88.1779999999988
8814,极少数,116,0.0012,88.1695999999989
8815,疑,116,0.0012,88.1731999999988
8816,购销,116,0.0012,88.1767999999988
8817,北半球,116,0.0012,88.1887999999988
8818,标,116,0.0012,88.1671999999989
8819,江,116,0.0012,88.1359999999989
8820,自言自语,116,0.0012,88.1299999999989
8821,胆,116,0.0012,88.1323999999989
8822,某种,116,0.0012,88.1275999999989
8823,应力,116,0.0012,88.126399999999
8824,瓦解,116,0.0012,88.125199999999
8825,做事,116,0.0012,88.123999999999
8826,全军,116,0.0012,88.122799999999
8827,参,116,0.0012,88.121599999999
8828,呆,116,0.0012,88.120399999999
8829,唐朝,116,0.0012,88.119199999999
8830,报纸上,116,0.0012,88.117999999999
8831,食,116,0.0012,88.116799999999
8832,本体,116,0.0012,88.115599999999
8833,碘,116,0.0012,88.1287999999989
8834,玩笑,116,0.0012,88.1443999999989
8835,后人,116,0.0012,88.1515999999989
8836,撕,116,0.0012,88.1503999999989
8837,服饰,116,0.0012,88.1491999999989
8838,利率,116,0.0012,88.1479999999989
8839,那是,116,0.0012,88.1467999999989
8840,确,116,0.0012,88.1455999999989
8841,肩头,116,0.0012,88.1419999999989
8842,总会,116,0.0012,88.1335999999989
8843,屏,116,0.0012,88.1311999999989
8844,花卉,116,0.0012,88.1431999999989
8845,给出,116,0.0012,88.1527999999989
8846,植物体,116,0.0012,88.1407999999989
8847,深切,116,0.0012,88.1395999999989
8848,认知,116,0.0012,88.1383999999989
8849,自学,116,0.0012,88.1371999999989
8850,张作霖,115,0.0012,88.2283999999987
8851,月底,115,0.0012,88.2295999999987
8852,肥皂,115,0.0012,88.2307999999987
8853,有道理,115,0.0012,88.2427999999987
8854,禁不住,115,0.0012,88.2319999999987
8855,十月革命,115,0.0012,88.2247999999987
8856,废物,115,0.0012,88.2331999999987
8857,并没,115,0.0012,88.2343999999987
8858,表,115,0.0012,88.2355999999987
8859,现在,115,0.0012,88.2367999999987
8860,修饰,115,0.0012,88.2379999999987
8861,淋巴,115,0.0012,88.2391999999987
8862,复活,115,0.0012,88.2403999999987
8863,氮气,115,0.0012,88.2439999999987
8864,无所,115,0.0012,88.2583999999986
8865,构图,115,0.0012,88.2571999999986
8866,同步,115,0.0012,88.2559999999987
8867,长征,115,0.0012,88.2547999999987
8868,部件,115,0.0012,88.2535999999987
8869,指挥部,115,0.0012,88.2523999999987
8870,大方,115,0.0012,88.2511999999987
8871,树皮,115,0.0012,88.2499999999987
8872,咳,115,0.0012,88.2415999999987
8873,总经理,115,0.0012,88.2475999999987
8874,憋,115,0.0012,88.2463999999987
8875,过后,115,0.0012,88.2451999999987
8876,垃圾,115,0.0012,88.2487999999987
8877,小河,115,0.0012,88.2259999999987
8878,坐到,115,0.0012,88.2223999999987
8879,陈二虎,115,0.0012,88.2055999999988
8880,岸上,115,0.0012,88.2019999999988
8881,帘,115,0.0012,88.1923999999988
8882,识记,115,0.0012,88.2007999999988
8883,伪造,115,0.0012,88.2067999999988
8884,冶金,115,0.0012,88.1995999999988
8885,赌博,115,0.0012,88.1983999999988
8886,刺,115,0.0012,88.1971999999988
8887,创造力,115,0.0012,88.1959999999988
8888,仰,115,0.0012,88.1947999999988
8889,彭,115,0.0012,88.1935999999988
8890,中下游,115,0.0012,88.2031999999988
8891,书店,115,0.0012,88.2079999999988
8892,图,115,0.0012,88.2091999999988
8893,驱,115,0.0012,88.2127999999988
8894,统,115,0.0012,88.2115999999988
8895,越发,115,0.0012,88.2271999999987
8896,轨迹,115,0.0012,88.2139999999987
8897,享,115,0.0012,88.2151999999987
8898,荧光,115,0.0012,88.2235999999987
8899,演说,115,0.0012,88.2163999999987
8900,茫然,115,0.0012,88.2043999999988
8901,做工,115,0.0012,88.2175999999987
8902,怪,115,0.0012,88.2187999999987
8903,餐厅,115,0.0012,88.2199999999987
8904,公安,115,0.0012,88.2211999999987
8905,汞,115,0.0012,88.2103999999988
8906,简称,114,0.0012,88.3075999999985
8907,台下,114,0.0012,88.3171999999985
8908,嫁给,114,0.0012,88.3159999999985
8909,打起,114,0.0012,88.3147999999985
8910,索,114,0.0012,88.3135999999985
8911,许,114,0.0012,88.3219999999985
8912,幼儿园,114,0.0012,88.3003999999985
8913,尘,114,0.0012,88.3111999999985
8914,蔓延,114,0.0012,88.3099999999985
8915,底层,114,0.0012,88.3195999999985
8916,勤奋,114,0.0012,88.3063999999985
8917,乡亲们,114,0.0012,88.3051999999985
8918,笔者,114,0.0012,88.3039999999985
8919,赔,114,0.0012,88.3027999999985
8920,暗中,114,0.0012,88.3015999999985
8921,抢劫,114,0.0012,88.3087999999985
8922,辫子,114,0.0012,88.3231999999985
8923,雄,114,0.0012,88.3411999999985
8924,才,114,0.0012,88.3315999999985
8925,格式,114,0.0012,88.3387999999985
8926,坏事,114,0.0012,88.3375999999985
8927,本来,114,0.0012,88.3363999999985
8928,迎面,114,0.0012,88.3351999999985
8929,龄,114,0.0012,88.3339999999985
8930,诸葛亮,114,0.0012,88.3327999999985
8931,魔鬼,114,0.0012,88.3303999999985
8932,正方形,114,0.0012,88.3279999999985
8933,探测,114,0.0012,88.3207999999985
8934,世上,114,0.0012,88.3267999999985
8935,小资产阶级,114,0.0012,88.3399999999985
8936,哭声,114,0.0012,88.3255999999985
8937,国外,114,0.0012,88.3243999999985
8938,每种,114,0.0012,88.3291999999985
8939,发放,114,0.0012,88.3183999999985
8940,虚伪,114,0.0012,88.2835999999986
8941,能为,114,0.0012,88.2751999999986
8942,受热,114,0.0012,88.2787999999986
8943,作好,114,0.0012,88.2739999999986
8944,终究,114,0.0012,88.2727999999986
8945,柜台,114,0.0012,88.2715999999986
8946,化妆品,114,0.0012,88.2703999999986
8947,人民检察院,114,0.0012,88.2691999999986
8948,缓和,114,0.0012,88.2607999999986
8949,争吵,114,0.0012,88.2667999999986
8950,蒸汽机,114,0.0012,88.2655999999986
8951,低压,114,0.0012,88.2643999999986
8952,硬度,114,0.0012,88.2631999999986
8953,拴,114,0.0012,88.2619999999986
8954,失踪,114,0.0012,88.2679999999986
8955,制裁,114,0.0012,88.2595999999986
8956,直升飞机,114,0.0012,88.2763999999986
8957,原则上,114,0.0012,88.2907999999986
8958,神气,114,0.0012,88.2979999999986
8959,原,114,0.0012,88.2967999999986
8960,鲸,114,0.0012,88.2955999999986
8961,世俗,114,0.0012,88.2943999999986
8962,可,114,0.0012,88.2931999999986
8963,上台,114,0.0012,88.2919999999986
8964,以求,114,0.0012,88.2811999999986
8965,葡萄牙,114,0.0012,88.2799999999986
8966,举例,114,0.0012,88.3123999999985
8967,惨,114,0.0012,88.2895999999986
8968,扩建,114,0.0012,88.2991999999985
8969,望见,114,0.0012,88.2871999999986
8970,指头,114,0.0012,88.2859999999986
8971,发情,114,0.0012,88.2847999999986
8972,高出,114,0.0012,88.2883999999986
8973,映,114,0.0012,88.2823999999986
8974,增长率,114,0.0012,88.2775999999986
8975,凭着,113,0.0012,88.3759999999984
8976,小屋,113,0.0012,88.3987999999983
8977,接种,113,0.0012,88.3771999999984
8978,险,113,0.0012,88.3711999999984
8979,扇,113,0.0012,88.3783999999984
8980,疑惑,113,0.0012,88.3795999999984
8981,变质,113,0.0012,88.3807999999984
8982,复习,113,0.0012,88.3819999999984
8983,工业生产,113,0.0012,88.3831999999984
8984,太子,113,0.0012,88.3843999999984
8985,罚款,113,0.0012,88.3975999999983
8986,一些,113,0.0012,88.3867999999983
8987,水肿,113,0.0012,88.3879999999983
8988,细长,113,0.0012,88.3891999999983
8989,老太婆,113,0.0012,88.3903999999983
8990,共产党人,113,0.0012,88.3915999999983
8991,衔,113,0.0012,88.3927999999983
8992,樱桃,113,0.0012,88.3855999999983
8993,革命家,113,0.0012,88.3963999999983
8994,美人,113,0.0012,88.3939999999983
8995,灾害,113,0.0012,88.3951999999983
8996,脆,113,0.0012,88.3675999999984
8997,冻结,113,0.0012,88.3735999999984
8998,空隙,113,0.0012,88.3723999999984
8999,赢,113,0.0012,88.3507999999984
9000,班级,113,0.0012,88.3495999999984
9001,带回,113,0.0012,88.3543999999984
9002,乌云,113,0.0012,88.3483999999984
9003,圈子,113,0.0012,88.3471999999984
9004,等同,113,0.0012,88.3459999999984
9005,必要条件,113,0.0012,88.3447999999984
9006,跳出,113,0.0012,88.3435999999984
9007,肢,113,0.0012,88.3423999999984
9008,出产,113,0.0012,88.3519999999984
9009,殖民,113,0.0012,88.3555999999984
9010,下山,113,0.0012,88.3567999999984
9011,夸大,113,0.0012,88.3579999999984
9012,配制,113,0.0012,88.3591999999984
9013,记忆力,113,0.0012,88.3603999999984
9014,不可分割,113,0.0012,88.3615999999984
9015,第七,113,0.0012,88.3627999999984
9016,料到,113,0.0012,88.3699999999984
9017,神仙,113,0.0012,88.3639999999984
9018,重建,113,0.0012,88.3531999999984
9019,饿死,113,0.0012,88.3651999999984
9020,瓶子,113,0.0012,88.3663999999984
9021,选择性,113,0.0012,88.3687999999984
9022,去掉,113,0.0012,88.3747999999984
9023,指针,112,0.0012,88.4563999999982
9024,鉴于,112,0.0012,88.4383999999982
9025,感官,112,0.0012,88.4407999999982
9026,云雾,112,0.0012,88.4371999999982
9027,依旧,112,0.0012,88.4419999999982
9028,世代,112,0.0012,88.4431999999982
9029,疗效,112,0.0012,88.4443999999982
9030,抚,112,0.0012,88.4455999999982
9031,考古,112,0.0012,88.4467999999982
9032,详,112,0.0012,88.4479999999982
9033,起码,112,0.0012,88.4491999999982
9034,水力,112,0.0012,88.4503999999982
9035,赞同,112,0.0012,88.4515999999982
9036,创建,112,0.0012,88.4527999999982
9037,夸,112,0.0012,88.4539999999982
9038,更换,112,0.0012,88.4575999999982
9039,仙,112,0.0012,88.4731999999981
9040,笑脸,112,0.0012,88.4647999999982
9041,标准,112,0.0012,88.4695999999982
9042,观赏,112,0.0012,88.4683999999982
9043,组织上,112,0.0012,88.4671999999982
9044,纯净,112,0.0012,88.4659999999982
9045,毅然,112,0.0012,88.4707999999981
9046,大米,112,0.0012,88.4635999999982
9047,不甚,112,0.0012,88.4623999999982
9048,移民,112,0.0012,88.4611999999982
9049,点心,112,0.0012,88.4599999999982
9050,后代,112,0.0012,88.4551999999982
9051,开动,112,0.0012,88.4587999999982
9052,歌剧,112,0.0012,88.4719999999981
9053,盛有,112,0.0012,88.4395999999982
9054,文明,112,0.0012,88.4191999999983
9055,达斡尔,112,0.0012,88.4131999999983
9056,飞去,112,0.0012,88.4119999999983
9057,称呼,112,0.0012,88.4167999999983
9058,近年,112,0.0012,88.4107999999983
9059,游离,112,0.0012,88.4095999999983
9060,及其,112,0.0012,88.4083999999983
9061,一则,112,0.0012,88.4035999999983
9062,停滞,112,0.0012,88.3999999999983
9063,昏迷,112,0.0012,88.4011999999983
9064,阻挡,112,0.0012,88.4023999999983
9065,黑板,112,0.0012,88.4071999999983
9066,好朋友,112,0.0012,88.4047999999983
9067,三十五,112,0.0012,88.4059999999983
9068,武装,112,0.0012,88.4143999999983
9069,认可,112,0.0012,88.4275999999983
9070,另,112,0.0012,88.4347999999982
9071,之于,112,0.0012,88.4335999999982
9072,统称,112,0.0012,88.4323999999982
9073,走开,112,0.0012,88.4311999999982
9074,猫头鹰,112,0.0012,88.4299999999982
9075,一家,112,0.0012,88.4287999999982
9076,衰落,112,0.0012,88.4179999999983
9077,掩,112,0.0012,88.4263999999983
9078,肥沃,112,0.0012,88.4359999999982
9079,惊动,112,0.0012,88.4239999999983
9080,围剿,112,0.0012,88.4251999999983
9081,树下,112,0.0012,88.4227999999983
9082,乾隆,112,0.0012,88.4155999999983
9083,冒出,112,0.0012,88.4203999999983
9084,精彩,112,0.0012,88.4215999999983
9085,下车,111,0.0012,88.5079999999981
9086,水质,111,0.0012,88.5091999999981
9087,摩擦力,111,0.0012,88.5103999999981
9088,交涉,111,0.0012,88.522399999998
9089,欢呼,111,0.0012,88.5115999999981
9090,一早,111,0.0012,88.5043999999981
9091,这下,111,0.0012,88.5127999999981
9092,伙计,111,0.0012,88.513999999998
9093,美观,111,0.0012,88.515199999998
9094,育苗,111,0.0012,88.516399999998
9095,拒,111,0.0012,88.517599999998
9096,园林,111,0.0012,88.518799999998
9097,梁,111,0.0012,88.523599999998
9098,责备,111,0.0012,88.535599999998
9099,胖子,111,0.0012,88.534399999998
9100,历程,111,0.0012,88.533199999998
9101,德意志,111,0.0012,88.531999999998
9102,维也纳,111,0.0012,88.530799999998
9103,究,111,0.0012,88.529599999998
9104,债券,111,0.0012,88.528399999998
9105,相识,111,0.0012,88.519999999998
9106,晚会,111,0.0012,88.525999999998
9107,推断,111,0.0012,88.524799999998
9108,时光,111,0.0012,88.527199999998
9109,凳子,111,0.0012,88.521199999998
9110,生死,111,0.0012,88.5067999999981
9111,非金属,111,0.0012,88.5019999999981
9112,本草,111,0.0012,88.4863999999981
9113,签字,111,0.0012,88.5055999999981
9114,无聊,111,0.0012,88.4827999999981
9115,躯体,111,0.0012,88.4815999999981
9116,全班,111,0.0012,88.4875999999981
9117,固,111,0.0012,88.4803999999981
9118,最先,111,0.0012,88.4791999999981
9119,乙醇,111,0.0012,88.4779999999981
9120,排泄,111,0.0012,88.4767999999981
9121,地狱,111,0.0012,88.4755999999981
9122,转过身,111,0.0012,88.4743999999981
9123,不已,111,0.0012,88.4839999999981
9124,并联,111,0.0012,88.4887999999981
9125,病害,111,0.0012,88.4899999999981
9126,玩意,111,0.0012,88.4911999999981
9127,气旋,111,0.0012,88.4923999999981
9128,埋头,111,0.0012,88.4935999999981
9129,买办,111,0.0012,88.4947999999981
9130,音阶,111,0.0012,88.5031999999981
9131,色素,111,0.0012,88.4959999999981
9132,谓语,111,0.0012,88.4851999999981
9133,幸福,111,0.0012,88.4971999999981
9134,和平,111,0.0012,88.4983999999981
9135,没办法,111,0.0012,88.4995999999981
9136,飞舞,111,0.0012,88.5007999999981
9137,急于,110,0.0012,88.5763999999979
9138,请教,110,0.0012,88.5931999999979
9139,请来,110,0.0012,88.5859999999979
9140,中文,110,0.0012,88.5919999999979
9141,微波,110,0.0012,88.5907999999979
9142,贝壳,110,0.0012,88.5895999999979
9143,少年儿童,110,0.0012,88.5583999999979
9144,田文中,110,0.0012,88.5871999999979
9145,车轮,110,0.0012,88.5967999999979
9146,变态,110,0.0012,88.5847999999979
9147,拢,110,0.0012,88.5943999999979
9148,鸭子,110,0.0012,88.5823999999979
9149,牧场,110,0.0012,88.5811999999979
9150,个子,110,0.0012,88.5799999999979
9151,境,110,0.0012,88.5787999999979
9152,审理,110,0.0012,88.5775999999979
9153,悲痛,110,0.0012,88.5835999999979
9154,场长,110,0.0012,88.5991999999979
9155,君主,110,0.0012,88.6123999999978
9156,轻重,110,0.0012,88.6111999999978
9157,提示,110,0.0012,88.6099999999978
9158,天生,110,0.0012,88.6087999999978
9159,不合,110,0.0012,88.6075999999978
9160,效,110,0.0012,88.6063999999978
9161,对外贸易,110,0.0012,88.6051999999978
9162,从实际出发,110,0.0012,88.6039999999978
9163,汉人,110,0.0012,88.6027999999978
9164,碰见,110,0.0012,88.5955999999979
9165,全国人民代表大会,110,0.0012,88.6003999999978
9166,服,110,0.0012,88.6135999999978
9167,辩论,110,0.0012,88.5979999999979
9168,三角洲,110,0.0012,88.6015999999978
9169,树冠,110,0.0012,88.5883999999979
9170,肃清,110,0.0012,88.5571999999979
9171,胸膛,110,0.0012,88.551199999998
9172,民主党派,110,0.0012,88.549999999998
9173,框架,110,0.0012,88.554799999998
9174,老干部,110,0.0012,88.548799999998
9175,成群,110,0.0012,88.547599999998
9176,昔日,110,0.0012,88.546399999998
9177,往事,110,0.0012,88.545199999998
9178,要点,110,0.0012,88.537999999998
9179,苦笑,110,0.0012,88.542799999998
9180,先前,110,0.0012,88.541599999998
9181,运河,110,0.0012,88.540399999998
9182,魔,110,0.0012,88.539199999998
9183,晚年,110,0.0012,88.543999999998
9184,自动化,110,0.0012,88.536799999998
9185,大山,110,0.0012,88.552399999998
9186,齐全,110,0.0012,88.5667999999979
9187,誉为,110,0.0012,88.5739999999979
9188,雨点,110,0.0012,88.5727999999979
9189,联邦德国,110,0.0012,88.5715999999979
9190,圣,110,0.0012,88.5703999999979
9191,互为,110,0.0012,88.5691999999979
9192,风向,110,0.0012,88.5679999999979
9193,秦,110,0.0012,88.555999999998
9194,方位,110,0.0012,88.5655999999979
9195,挽救,110,0.0012,88.5751999999979
9196,滩,110,0.0012,88.5631999999979
9197,徒弟,110,0.0012,88.5619999999979
9198,教会,110,0.0012,88.5643999999979
9199,陪着,110,0.0012,88.5607999999979
9200,适,110,0.0012,88.553599999998
9201,指点,110,0.0012,88.5595999999979
9202,隙,109,0.0011,88.6630999999975
9203,山头,109,0.0011,88.6575999999976
9204,快慢,109,0.0011,88.6619999999975
9205,下边,109,0.0011,88.6608999999976
9206,两边,109,0.0011,88.6597999999976
9207,外婆,109,0.0011,88.6586999999976
9208,小人,109,0.0011,88.6487999999976
9209,工序,109,0.0011,88.6564999999976
9210,怀孕,109,0.0011,88.6652999999975
9211,急促,109,0.0011,88.6542999999976
9212,殖,109,0.0011,88.6531999999976
9213,柳青,109,0.0011,88.6520999999976
9214,交响曲,109,0.0011,88.6509999999976
9215,爪,109,0.0011,88.6498999999976
9216,梅兰芳,109,0.0011,88.6553999999976
9217,组分,109,0.0011,88.6696999999975
9218,通讯员,109,0.0011,88.6806999999974
9219,互不,109,0.0011,88.6795999999974
9220,就此,109,0.0011,88.6784999999975
9221,溴,109,0.0011,88.6773999999975
9222,补贴,109,0.0011,88.6762999999975
9223,起诉,109,0.0011,88.6751999999975
9224,颤动,109,0.0011,88.6740999999975
9225,却,109,0.0011,88.6729999999975
9226,大面积,109,0.0011,88.6663999999975
9227,科目,109,0.0011,88.6707999999975
9228,渴,109,0.0011,88.6817999999974
9229,迎着,109,0.0011,88.6685999999975
9230,雇佣,109,0.0011,88.6674999999975
9231,缴纳,109,0.0011,88.6322999999977
9232,绑,109,0.0011,88.6718999999975
9233,所在地,109,0.0011,88.6641999999975
9234,自制,109,0.0011,88.6333999999977
9235,学到,109,0.0011,88.6278999999977
9236,得罪,109,0.0011,88.6300999999977
9237,视察,109,0.0011,88.6256999999977
9238,飞快,109,0.0011,88.6245999999978
9239,编成,109,0.0011,88.6234999999978
9240,渗出,109,0.0011,88.6223999999978
9241,面粉,109,0.0011,88.6212999999978
9242,孔雀,109,0.0011,88.6201999999978
9243,迷人,109,0.0011,88.6190999999978
9244,呼啸,109,0.0011,88.6179999999978
9245,来得及,109,0.0011,88.6168999999978
9246,颁发,109,0.0011,88.6157999999978
9247,冷空气,109,0.0011,88.6146999999978
9248,效用,109,0.0011,88.6267999999977
9249,公约,109,0.0011,88.6399999999977
9250,军警,109,0.0011,88.6465999999976
9251,壮丽,109,0.0011,88.6454999999976
9252,致死,109,0.0011,88.6443999999976
9253,真相,109,0.0011,88.6432999999977
9254,自觉性,109,0.0011,88.6421999999977
9255,拨款,109,0.0011,88.6410999999977
9256,集成电路,109,0.0011,88.6377999999977
9257,不久前,109,0.0011,88.6311999999977
9258,谐,109,0.0011,88.6289999999977
9259,只顾,109,0.0011,88.6388999999977
9260,何处,109,0.0011,88.6476999999976
9261,眼前,109,0.0011,88.6366999999977
9262,袜子,109,0.0011,88.6355999999977
9263,过日子,109,0.0011,88.6344999999977
9264,载体,108,0.0011,88.7488999999971
9265,权限,108,0.0011,88.7312999999972
9266,难看,108,0.0011,88.7301999999972
9267,无意,108,0.0011,88.7290999999972
9268,肾脏,108,0.0011,88.7279999999972
9269,简便,108,0.0011,88.7268999999972
9270,掩饰,108,0.0011,88.7356999999971
9271,茫茫,108,0.0011,88.7169999999972
9272,荒凉,108,0.0011,88.7257999999972
9273,喊叫,108,0.0011,88.7246999999972
9274,修剪,108,0.0011,88.7334999999972
9275,孙,108,0.0011,88.7224999999972
9276,老同志,108,0.0011,88.7213999999972
9277,文盲,108,0.0011,88.7202999999972
9278,站起身,108,0.0011,88.7191999999972
9279,庸俗,108,0.0011,88.7180999999972
9280,顶上,108,0.0011,88.7235999999972
9281,吻,108,0.0011,88.7367999999971
9282,安心,108,0.0011,88.7444999999971
9283,脸上,108,0.0011,88.7466999999971
9284,呕吐,108,0.0011,88.7477999999971
9285,叶绿素,108,0.0011,88.7499999999971
9286,团委,108,0.0011,88.7510999999971
9287,剥,108,0.0011,88.7422999999971
9288,赤,108,0.0011,88.7345999999971
9289,娘家,108,0.0011,88.7400999999971
9290,抱怨,108,0.0011,88.7455999999971
9291,阿富汗,108,0.0011,88.7389999999971
9292,亲友,108,0.0011,88.7378999999971
9293,平均主义,108,0.0011,88.7411999999971
9294,模特,108,0.0011,88.7433999999971
9295,抵抗力,108,0.0011,88.7004999999973
9296,粥,108,0.0011,88.6960999999974
9297,呻吟,108,0.0011,88.6982999999973
9298,陶醉,108,0.0011,88.6938999999974
9299,看完,108,0.0011,88.6927999999974
9300,聚居,108,0.0011,88.6916999999974
9301,小鸟,108,0.0011,88.6905999999974
9302,衔接,108,0.0011,88.6894999999974
9303,丰满,108,0.0011,88.6883999999974
9304,张望,108,0.0011,88.6872999999974
9305,当上,108,0.0011,88.7015999999973
9306,赖以,108,0.0011,88.6861999999974
9307,上车,108,0.0011,88.7323999999972
9308,劲头,108,0.0011,88.6850999999974
9309,俱乐部,108,0.0011,88.6839999999974
9310,低下头,108,0.0011,88.6828999999974
9311,倒退,108,0.0011,88.6949999999974
9312,好似,108,0.0011,88.7081999999973
9313,腰带,108,0.0011,88.7147999999973
9314,气力,108,0.0011,88.7136999999973
9315,推向,108,0.0011,88.7125999999973
9316,水体,108,0.0011,88.7114999999973
9317,流量,108,0.0011,88.7103999999973
9318,反封建,108,0.0011,88.7059999999973
9319,公众,108,0.0011,88.6993999999973
9320,单元,108,0.0011,88.6971999999974
9321,谢,108,0.0011,88.7070999999973
9322,前天,108,0.0011,88.7158999999972
9323,起草,108,0.0011,88.7048999999973
9324,文本,108,0.0011,88.7037999999973
9325,坏蛋,108,0.0011,88.7026999999973
9326,斥,108,0.0011,88.7092999999973
9327,用具,107,0.0011,88.8137999999967
9328,紊乱,107,0.0011,88.8060999999967
9329,蓝天,107,0.0011,88.8115999999967
9330,汽,107,0.0011,88.8104999999967
9331,体力劳动,107,0.0011,88.8093999999967
9332,镶,107,0.0011,88.8082999999967
9333,平地,107,0.0011,88.8071999999967
9334,察,107,0.0011,88.7950999999968
9335,定性,107,0.0011,88.8049999999968
9336,当心,107,0.0011,88.8159999999967
9337,共性,107,0.0011,88.8027999999968
9338,红细胞,107,0.0011,88.8016999999968
9339,远大,107,0.0011,88.8005999999968
9340,赞赏,107,0.0011,88.7994999999968
9341,名人,107,0.0011,88.7983999999968
9342,优化,107,0.0011,88.7972999999968
9343,尽是,107,0.0011,88.7961999999968
9344,地段,107,0.0011,88.8038999999968
9345,陛下,107,0.0011,88.8181999999967
9346,僧,107,0.0011,88.8368999999966
9347,支流,107,0.0011,88.8280999999966
9348,人生观,107,0.0011,88.8357999999966
9349,诉,107,0.0011,88.8346999999966
9350,深山,107,0.0011,88.8335999999966
9351,授予,107,0.0011,88.8324999999966
9352,史学,107,0.0011,88.8313999999966
9353,机智,107,0.0011,88.8302999999966
9354,阶,107,0.0011,88.8291999999966
9355,认清,107,0.0011,88.8379999999966
9356,二氧化硫,107,0.0011,88.8269999999966
9357,个个,107,0.0011,88.8258999999966
9358,香味,107,0.0011,88.8247999999966
9359,例证,107,0.0011,88.8236999999966
9360,水层,107,0.0011,88.8225999999967
9361,深情,107,0.0011,88.8214999999967
9362,江水,107,0.0011,88.8203999999967
9363,柿子,107,0.0011,88.8170999999967
9364,清新,107,0.0011,88.8192999999967
9365,地毯,107,0.0011,88.8126999999967
9366,肉眼,107,0.0011,88.7785999999969
9367,冲进,107,0.0011,88.7763999999969
9368,大步,107,0.0011,88.767599999997
9369,模,107,0.0011,88.8148999999967
9370,精美,107,0.0011,88.7708999999969
9371,炎症,107,0.0011,88.766499999997
9372,太平天国,107,0.0011,88.765399999997
9373,示意,107,0.0011,88.764299999997
9374,反,107,0.0011,88.763199999997
9375,导电,107,0.0011,88.762099999997
9376,经验教训,107,0.0011,88.760999999997
9377,初次,107,0.0011,88.752199999997
9378,到底,107,0.0011,88.758799999997
9379,嘲笑,107,0.0011,88.757699999997
9380,真挚,107,0.0011,88.756599999997
9381,亦可,107,0.0011,88.755499999997
9382,办公,107,0.0011,88.759899999997
9383,名著,107,0.0011,88.754399999997
9384,咳,107,0.0011,88.753299999997
9385,棉衣,107,0.0011,88.768699999997
9386,陪同,107,0.0011,88.7840999999969
9387,匠,107,0.0011,88.7928999999968
9388,淹没,107,0.0011,88.7917999999968
9389,妄图,107,0.0011,88.7906999999968
9390,理性认识,107,0.0011,88.7895999999968
9391,氦,107,0.0011,88.7884999999968
9392,念书,107,0.0011,88.7873999999969
9393,交待,107,0.0011,88.7862999999969
9394,期,107,0.0011,88.7851999999969
9395,此事,107,0.0011,88.7719999999969
9396,开头,107,0.0011,88.7829999999969
9397,许,107,0.0011,88.7939999999968
9398,相遇,107,0.0011,88.7807999999969
9399,藤,107,0.0011,88.7796999999969
9400,拼,107,0.0011,88.7818999999969
9401,相传,107,0.0011,88.7774999999969
9402,覆,107,0.0011,88.7697999999969
9403,工作会议,107,0.0011,88.7752999999969
9404,配备,107,0.0011,88.7741999999969
9405,文中,107,0.0011,88.7730999999969
9406,成年人,106,0.0011,88.8885999999963
9407,荒地,106,0.0011,88.8951999999963
9408,大路,106,0.0011,88.8599999999964
9409,结尾,106,0.0011,88.8940999999963
9410,店里,106,0.0011,88.8995999999962
9411,眼珠,106,0.0011,88.8929999999963
9412,胜利,106,0.0011,88.8918999999963
9413,招收,106,0.0011,88.8907999999963
9414,烤,106,0.0011,88.8896999999963
9415,怀抱,106,0.0011,88.8786999999963
9416,多久,106,0.0011,88.8874999999963
9417,仇,106,0.0011,88.8973999999962
9418,一九七八,106,0.0011,88.8852999999963
9419,那一天,106,0.0011,88.8841999999963
9420,平稳,106,0.0011,88.8830999999963
9421,公有,106,0.0011,88.8819999999963
9422,自家,106,0.0011,88.8808999999963
9423,也可以说,106,0.0011,88.8797999999963
9424,倒霉,106,0.0011,88.8863999999963
9425,鄂伦春,106,0.0011,88.9006999999962
9426,同盟,106,0.0011,88.9116999999962
9427,见于,106,0.0011,88.9094999999962
9428,恐,106,0.0011,88.9127999999962
9429,棍子,106,0.0011,88.9083999999962
9430,算术,106,0.0011,88.9138999999961
9431,等于,106,0.0011,88.9149999999961
9432,坦白,106,0.0011,88.9160999999961
9433,吞,106,0.0011,88.9171999999961
9434,颠倒,106,0.0011,88.9105999999962
9435,商场,106,0.0011,88.9072999999962
9436,大权,106,0.0011,88.9061999999962
9437,赖,106,0.0011,88.9050999999962
9438,歧视,106,0.0011,88.9039999999962
9439,细微,106,0.0011,88.8984999999962
9440,复兴,106,0.0011,88.9028999999962
9441,贫苦,106,0.0011,88.9017999999962
9442,其二,106,0.0011,88.8962999999962
9443,所能,106,0.0011,88.8588999999965
9444,花草,106,0.0011,88.8511999999965
9445,种田,106,0.0011,88.8544999999965
9446,绘制,106,0.0011,88.8533999999965
9447,泉水,106,0.0011,88.8467999999965
9448,病房,106,0.0011,88.8522999999965
9449,庄重,106,0.0011,88.8577999999965
9450,克,106,0.0011,88.8500999999965
9451,额定,106,0.0011,88.8489999999965
9452,对策,106,0.0011,88.8445999999965
9453,荔枝,106,0.0011,88.8390999999966
9454,胡须,106,0.0011,88.8401999999966
9455,追问,106,0.0011,88.8412999999966
9456,记述,106,0.0011,88.8423999999965
9457,者,106,0.0011,88.8434999999965
9458,送去,106,0.0011,88.8478999999965
9459,到处,106,0.0011,88.8456999999965
9460,渡过,106,0.0011,88.8555999999965
9461,点缀,106,0.0011,88.8687999999964
9462,形而上学,106,0.0011,88.8764999999964
9463,毅力,106,0.0011,88.8753999999964
9464,北美,106,0.0011,88.8742999999964
9465,逐年,106,0.0011,88.8731999999964
9466,一头,106,0.0011,88.8720999999964
9467,焊接,106,0.0011,88.8709999999964
9468,常年,106,0.0011,88.8698999999964
9469,免费,106,0.0011,88.8665999999964
9470,融化,106,0.0011,88.8676999999964
9471,支柱,106,0.0011,88.8566999999965
9472,山里,106,0.0011,88.8775999999963
9473,看上去,106,0.0011,88.8654999999964
9474,识,106,0.0011,88.8643999999964
9475,剧目,106,0.0011,88.8632999999964
9476,悲伤,106,0.0011,88.8621999999964
9477,我俩,106,0.0011,88.8610999999964
9478,编码,105,0.0011,88.9589999999959
9479,一连串,105,0.0011,88.9666999999959
9480,山沟,105,0.0011,88.9655999999959
9481,耕种,105,0.0011,88.9644999999959
9482,探求,105,0.0011,88.9633999999959
9483,各位,105,0.0011,88.9523999999959
9484,差错,105,0.0011,88.9611999999959
9485,约定,105,0.0011,88.9721999999958
9486,祖,105,0.0011,88.9699999999958
9487,天堂,105,0.0011,88.9622999999959
9488,受不了,105,0.0011,88.9578999999959
9489,袖,105,0.0011,88.9567999999959
9490,腐败,105,0.0011,88.9556999999959
9491,渣,105,0.0011,88.9545999999959
9492,炮火,105,0.0011,88.9534999999959
9493,平方,105,0.0011,88.9600999999959
9494,依存,105,0.0011,88.9732999999958
9495,科技,105,0.0011,88.9875999999957
9496,这么个,105,0.0011,88.9798999999958
9497,兼顾,105,0.0011,88.9842999999958
9498,窒息,105,0.0011,88.9831999999958
9499,王子,105,0.0011,88.9820999999958
9500,扩充,105,0.0011,88.9809999999958
9501,赵丹,105,0.0011,88.9853999999957
9502,沸点,105,0.0011,88.9787999999958
9503,悲观,105,0.0011,88.9776999999958
9504,辛亥革命,105,0.0011,88.9710999999958
9505,积累,105,0.0011,88.9754999999958
9506,扇,105,0.0011,88.9864999999957
9507,光彩,105,0.0011,88.9743999999958
9508,乳房,105,0.0011,88.9765999999958
9509,老家,105,0.0011,88.9677999999958
9510,气泡,105,0.0011,88.935899999996
9511,院校,105,0.0011,88.936999999996
9512,这些年,105,0.0011,88.9688999999958
9513,质地,105,0.0011,88.932599999996
9514,企业家,105,0.0011,88.9270999999961
9515,民法,105,0.0011,88.9292999999961
9516,讲话,105,0.0011,88.9204999999961
9517,材,105,0.0011,88.9281999999961
9518,郭亮,105,0.0011,88.933699999996
9519,从容,105,0.0011,88.9259999999961
9520,琵琶,105,0.0011,88.9237999999961
9521,车夫,105,0.0011,88.9226999999961
9522,工业区,105,0.0011,88.9215999999961
9523,催化剂,105,0.0011,88.9248999999961
9524,蚁,105,0.0011,88.9193999999961
9525,摩尔,105,0.0011,88.9182999999961
9526,绕过,105,0.0011,88.9303999999961
9527,头痛,105,0.0011,88.943599999996
9528,劳动模范,105,0.0011,88.9501999999959
9529,修筑,105,0.0011,88.949099999996
9530,史料,105,0.0011,88.947999999996
9531,琴,105,0.0011,88.946899999996
9532,隐约,105,0.0011,88.945799999996
9533,大腿,105,0.0011,88.944699999996
9534,名誉,105,0.0011,88.934799999996
9535,办好,105,0.0011,88.941399999996
9536,贪婪,105,0.0011,88.942499999996
9537,顽固,105,0.0011,88.931499999996
9538,联邦,105,0.0011,88.9512999999959
9539,肖邦,105,0.0011,88.940299999996
9540,章太炎,105,0.0011,88.939199999996
9541,顾虑,105,0.0011,88.938099999996
9542,分给,104,0.0011,89.0491999999954
9543,出面,104,0.0011,89.0524999999954
9544,站立,104,0.0011,89.0095999999956
9545,缫丝,104,0.0011,89.0469999999954
9546,利害,104,0.0011,89.0480999999954
9547,白菜,104,0.0011,89.0414999999954
9548,背上,104,0.0011,89.0447999999954
9549,肯定,104,0.0011,89.0436999999954
9550,记起,104,0.0011,89.0425999999954
9551,沙俄,104,0.0011,89.0304999999955
9552,保密,104,0.0011,89.0403999999954
9553,伦理学,104,0.0011,89.0502999999954
9554,放过,104,0.0011,89.0381999999955
9555,粗暴,104,0.0011,89.0370999999955
9556,病因,104,0.0011,89.0359999999955
9557,教徒,104,0.0011,89.0348999999955
9558,索性,104,0.0011,89.0337999999955
9559,敬爱,104,0.0011,89.0326999999955
9560,容忍,104,0.0011,89.0315999999955
9561,太监,104,0.0011,89.0392999999954
9562,软弱,104,0.0011,89.0535999999954
9563,销路,104,0.0011,89.0700999999953
9564,宾,104,0.0011,89.0689999999953
9565,理论家,104,0.0011,89.0623999999953
9566,上半年,104,0.0011,89.0678999999953
9567,烟雾,104,0.0011,89.0667999999953
9568,晶莹,104,0.0011,89.0656999999953
9569,季度,104,0.0011,89.0645999999953
9570,对角线,104,0.0011,89.0634999999953
9571,为何,104,0.0011,89.0711999999953
9572,不规则,104,0.0011,89.0612999999953
9573,现代戏,104,0.0011,89.0601999999953
9574,农业社,104,0.0011,89.0590999999953
9575,党风,104,0.0011,89.0579999999953
9576,特区,104,0.0011,89.0568999999954
9577,测得,104,0.0011,89.0557999999954
9578,残留,104,0.0011,89.0513999999954
9579,隆重,104,0.0011,89.0546999999954
9580,被试,104,0.0011,89.0458999999954
9581,搜查,104,0.0011,89.0106999999956
9582,端详,104,0.0011,89.0029999999957
9583,天线,104,0.0011,89.0051999999956
9584,后退,104,0.0011,89.0040999999956
9585,摊,104,0.0011,89.0073999999956
9586,粪便,104,0.0011,89.0018999999957
9587,温泉,104,0.0011,89.0007999999957
9588,过剩,104,0.0011,88.9996999999957
9589,孟,104,0.0011,88.9985999999957
9590,躲避,104,0.0011,88.9974999999957
9591,打交道,104,0.0011,88.9941999999957
9592,电解质,104,0.0011,88.9886999999957
9593,首位,104,0.0011,88.9897999999957
9594,长成,104,0.0011,88.9908999999957
9595,西湖,104,0.0011,88.9919999999957
9596,在校,104,0.0011,88.9963999999957
9597,出自,104,0.0011,88.9930999999957
9598,好在,104,0.0011,88.9952999999957
9599,归根到底,104,0.0011,89.0062999999956
9600,动植物,104,0.0011,89.0194999999956
9601,幼稚,104,0.0011,89.0282999999955
9602,派别,104,0.0011,89.0271999999955
9603,踱,104,0.0011,89.0260999999955
9604,舞姿,104,0.0011,89.0249999999955
9605,萎缩,104,0.0011,89.0238999999955
9606,对话,104,0.0011,89.0227999999955
9607,绅士,104,0.0011,89.0216999999955
9608,试探,104,0.0011,89.0205999999956
9609,意愿,104,0.0011,89.0084999999956
9610,不愿,104,0.0011,89.0183999999956
9611,异性,104,0.0011,89.0293999999955
9612,风浪,104,0.0011,89.0161999999956
9613,药材,104,0.0011,89.0150999999956
9614,永不,104,0.0011,89.0172999999956
9615,误会,104,0.0011,89.0128999999956
9616,演戏,104,0.0011,89.0117999999956
9617,花瓣,104,0.0011,89.0139999999956
9618,尘埃,103,0.0011,89.115199999995
9619,海南岛,103,0.0011,89.120699999995
9620,大道,103,0.0011,89.119599999995
9621,成熟,103,0.0011,89.118499999995
9622,无所谓,103,0.0011,89.117399999995
9623,格局,103,0.0011,89.116299999995
9624,最快,103,0.0011,89.1063999999951
9625,方针政策,103,0.0011,89.114099999995
9626,地处,103,0.0011,89.122899999995
9627,仪表,103,0.0011,89.111899999995
9628,未来,103,0.0011,89.1107999999951
9629,够,103,0.0011,89.1096999999951
9630,赵紫阳,103,0.0011,89.1085999999951
9631,毛细血管,103,0.0011,89.1074999999951
9632,辽宁,103,0.0011,89.112999999995
9633,养活,103,0.0011,89.127299999995
9634,计量,103,0.0011,89.1415999999949
9635,前几天,103,0.0011,89.1382999999949
9636,墙角,103,0.0011,89.1371999999949
9637,遇上,103,0.0011,89.1360999999949
9638,孔,103,0.0011,89.1349999999949
9639,费尔巴哈,103,0.0011,89.1338999999949
9640,滚滚,103,0.0011,89.1327999999949
9641,笼,103,0.0011,89.1393999999949
9642,矩形,103,0.0011,89.1316999999949
9643,环境保护,103,0.0011,89.1305999999949
9644,蝙蝠,103,0.0011,89.123999999995
9645,喽,103,0.0011,89.128399999995
9646,高低,103,0.0011,89.1404999999949
9647,阻塞,103,0.0011,89.126199999995
9648,赋,103,0.0011,89.1294999999949
9649,顺便,103,0.0011,89.125099999995
9650,心境,103,0.0011,89.1041999999951
9651,红光,103,0.0011,89.0810999999952
9652,躯干,103,0.0011,89.0843999999952
9653,财物,103,0.0011,89.0832999999952
9654,家门,103,0.0011,89.0766999999952
9655,有病,103,0.0011,89.0821999999952
9656,检讨,103,0.0011,89.0876999999952
9657,关切,103,0.0011,89.0799999999952
9658,为害,103,0.0011,89.0722999999953
9659,阳台,103,0.0011,89.0733999999953
9660,岸边,103,0.0011,89.0744999999953
9661,烫,103,0.0011,89.0788999999952
9662,垂直,103,0.0011,89.0755999999952
9663,住在,103,0.0011,89.0777999999952
9664,水晶,103,0.0011,89.0898999999952
9665,病态,103,0.0011,89.0975999999951
9666,弊端,103,0.0011,89.121799999995
9667,自然辩证法,103,0.0011,89.1030999999951
9668,不计,103,0.0011,89.1019999999951
9669,裤,103,0.0011,89.1008999999951
9670,松,103,0.0011,89.0997999999951
9671,路旁,103,0.0011,89.0986999999951
9672,嗓门,103,0.0011,89.0887999999952
9673,诸侯,103,0.0011,89.0953999999951
9674,宿主,103,0.0011,89.0964999999951
9675,劣,103,0.0011,89.0865999999952
9676,金鱼,103,0.0011,89.1052999999951
9677,薄膜,103,0.0011,89.0942999999951
9678,多于,103,0.0011,89.0931999999952
9679,随手,103,0.0011,89.0920999999952
9680,果园,103,0.0011,89.0909999999952
9681,南美洲,103,0.0011,89.0854999999952
9682,乌黑,102,0.0011,89.1976999999946
9683,妹子,102,0.0011,89.1932999999946
9684,外人,102,0.0011,89.1877999999946
9685,尴尬,102,0.0011,89.1910999999946
9686,查明,102,0.0011,89.1899999999946
9687,推论,102,0.0011,89.1888999999946
9688,碱性,102,0.0011,89.1778999999947
9689,蜻蜓,102,0.0011,89.1866999999946
9690,主动性,102,0.0011,89.1954999999946
9691,长工,102,0.0011,89.1844999999946
9692,开心,102,0.0011,89.1833999999946
9693,最少,102,0.0011,89.1822999999947
9694,扭头,102,0.0011,89.1811999999947
9695,拚,102,0.0011,89.1800999999947
9696,一侧,102,0.0011,89.1789999999947
9697,雕,102,0.0011,89.1855999999946
9698,出入,102,0.0011,89.2009999999946
9699,错,102,0.0011,89.2119999999945
9700,心肌,102,0.0011,89.2108999999945
9701,俗话说,102,0.0011,89.2097999999945
9702,文学家,102,0.0011,89.2086999999945
9703,猎人,102,0.0011,89.2075999999945
9704,好笑,102,0.0011,89.2064999999945
9705,教皇,102,0.0011,89.2053999999945
9706,潜伏,102,0.0011,89.2042999999945
9707,不光,102,0.0011,89.2031999999945
9708,大气层,102,0.0011,89.1965999999946
9709,教科书,102,0.0011,89.2020999999945
9710,天色,102,0.0011,89.2130999999945
9711,播放,102,0.0011,89.1998999999946
9712,事项,102,0.0011,89.1987999999946
9713,通向,102,0.0011,89.1613999999948
9714,好几个,102,0.0011,89.1921999999946
9715,围墙,102,0.0011,89.1943999999946
9716,售货员,102,0.0011,89.1624999999948
9717,偏差,102,0.0011,89.1569999999948
9718,一口,102,0.0011,89.1591999999948
9719,记录,102,0.0011,89.1547999999948
9720,王朝,102,0.0011,89.1536999999948
9721,品格,102,0.0011,89.1525999999948
9722,眼皮,102,0.0011,89.1514999999948
9723,器,102,0.0011,89.1503999999948
9724,展览会,102,0.0011,89.1437999999949
9725,指挥员,102,0.0011,89.1448999999949
9726,京,102,0.0011,89.1459999999949
9727,读过,102,0.0011,89.1470999999949
9728,机理,102,0.0011,89.1492999999948
9729,回想,102,0.0011,89.1481999999948
9730,放置,102,0.0011,89.1426999999949
9731,泛滥,102,0.0011,89.1558999999948
9732,力争,102,0.0011,89.1690999999947
9733,早年,102,0.0011,89.1756999999947
9734,起床,102,0.0011,89.1745999999947
9735,胆子,102,0.0011,89.1734999999947
9736,请愿,102,0.0011,89.1723999999947
9737,验,102,0.0011,89.1712999999947
9738,水域,102,0.0011,89.1701999999947
9739,重点,102,0.0011,89.1668999999947
9740,偏向,102,0.0011,89.1602999999948
9741,李鹏,102,0.0011,89.1580999999948
9742,呼声,102,0.0011,89.1679999999947
9743,愿意,102,0.0011,89.1767999999947
9744,出世,102,0.0011,89.1657999999947
9745,潜意识,102,0.0011,89.1646999999948
9746,兰,102,0.0011,89.1635999999948
9747,深层,101,0.0011,89.2790999999941
9748,皇后,101,0.0011,89.2636999999942
9749,生于,101,0.0011,89.2625999999942
9750,拌,101,0.0011,89.2614999999942
9751,冲突,101,0.0011,89.2603999999942
9752,拦,101,0.0011,89.2493999999943
9753,楚,101,0.0011,89.2581999999942
9754,大陆,101,0.0011,89.2713999999942
9755,亦即,101,0.0011,89.2669999999942
9756,楼梯,101,0.0011,89.2592999999942
9757,打出,101,0.0011,89.2559999999942
9758,小时候,101,0.0011,89.2548999999943
9759,难度,101,0.0011,89.2537999999943
9760,梦中,101,0.0011,89.2526999999943
9761,折旧,101,0.0011,89.2515999999943
9762,全国性,101,0.0011,89.2504999999943
9763,西伯利亚,101,0.0011,89.2570999999942
9764,无知,101,0.0011,89.2724999999942
9765,氯化钠,101,0.0011,89.2834999999941
9766,一致性,101,0.0011,89.2823999999941
9767,干劲,101,0.0011,89.2812999999941
9768,应该,101,0.0011,89.2801999999941
9769,大河,101,0.0011,89.2779999999941
9770,一角,101,0.0011,89.2768999999941
9771,大半,101,0.0011,89.2680999999942
9772,千瓦,101,0.0011,89.2746999999941
9773,刨,101,0.0011,89.2845999999941
9774,一概,101,0.0011,89.2735999999941
9775,消费基金,101,0.0011,89.2757999999941
9776,惊喜,101,0.0011,89.2702999999942
9777,规章制度,101,0.0011,89.2691999999942
9778,担保,101,0.0011,89.2647999999942
9779,线上,101,0.0011,89.2339999999944
9780,蒸汽,101,0.0011,89.2141999999945
9781,缸,101,0.0011,89.2284999999944
9782,血缘,101,0.0011,89.2306999999944
9783,山村,101,0.0011,89.2262999999944
9784,杂草,101,0.0011,89.2251999999944
9785,猜想,101,0.0011,89.2240999999944
9786,犯错误,101,0.0011,89.2229999999944
9787,嗬,101,0.0011,89.2218999999944
9788,剧中,101,0.0011,89.2207999999944
9789,狭小,101,0.0011,89.2328999999944
9790,眼眶,101,0.0011,89.2196999999944
9791,同义词,101,0.0011,89.2658999999942
9792,花序,101,0.0011,89.2185999999945
9793,睁大,101,0.0011,89.2174999999945
9794,大生产,101,0.0011,89.2163999999945
9795,竞选,101,0.0011,89.2152999999945
9796,班主任,101,0.0011,89.2273999999944
9797,列强,101,0.0011,89.2405999999943
9798,许久,101,0.0011,89.2471999999943
9799,花样,101,0.0011,89.2460999999943
9800,舒畅,101,0.0011,89.2449999999943
9801,成套,101,0.0011,89.2438999999943
9802,拉力,101,0.0011,89.2427999999943
9803,大连,101,0.0011,89.2383999999943
9804,忧虑,101,0.0011,89.2416999999943
9805,梁启超,101,0.0011,89.2295999999944
9806,海湾,101,0.0011,89.2317999999944
9807,不满,101,0.0011,89.2394999999943
9808,小肠,101,0.0011,89.2482999999943
9809,虔诚,101,0.0011,89.2372999999943
9810,条纹,101,0.0011,89.2361999999944
9811,病菌,101,0.0011,89.2350999999944
9812,医务,100,0.001,89.3375999999943
9813,一举,100,0.001,89.3365999999943
9814,搭配,100,0.001,89.3355999999943
9815,水溶液,100,0.001,89.3345999999943
9816,割据,100,0.001,89.3335999999943
9817,惊慌,100,0.001,89.3435999999944
9818,检举,100,0.001,89.3225999999943
9819,身段,100,0.001,89.3325999999943
9820,乙烯,100,0.001,89.3315999999943
9821,海瑞,100,0.001,89.3405999999944
9822,网点,100,0.001,89.3295999999943
9823,芳香,100,0.001,89.3285999999943
9824,劈,100,0.001,89.3275999999943
9825,辟,100,0.001,89.3265999999943
9826,总路线,100,0.001,89.3255999999943
9827,闷,100,0.001,89.3245999999943
9828,故,100,0.001,89.3235999999943
9829,察觉,100,0.001,89.3305999999943
9830,传输,100,0.001,89.3445999999944
9831,烃,100,0.001,89.3595999999944
9832,右脚,100,0.001,89.3585999999944
9833,坟墓,100,0.001,89.3505999999944
9834,功绩,100,0.001,89.3555999999944
9835,高明,100,0.001,89.3545999999944
9836,乡下人,100,0.001,89.3535999999944
9837,皇上,100,0.001,89.3525999999944
9838,棉袄,100,0.001,89.3515999999944
9839,高尔基,100,0.001,89.3565999999944
9840,异化,100,0.001,89.3495999999944
9841,条件反射,100,0.001,89.3415999999944
9842,腐烂,100,0.001,89.3475999999944
9843,铃声,100,0.001,89.3575999999944
9844,年限,100,0.001,89.3465999999944
9845,演习,100,0.001,89.3455999999944
9846,君子,100,0.001,89.3485999999944
9847,生涯,100,0.001,89.3425999999944
9848,刑事责任,100,0.001,89.3385999999943
9849,急切,100,0.001,89.3075999999942
9850,起,100,0.001,89.3005999999942
9851,买到,100,0.001,89.2975999999941
9852,倘,100,0.001,89.3015999999942
9853,新民主主义,100,0.001,89.2965999999941
9854,适度,100,0.001,89.3055999999942
9855,人头,100,0.001,89.2955999999941
9856,脑力劳动,100,0.001,89.3395999999943
9857,坛,100,0.001,89.2945999999941
9858,风度,100,0.001,89.2935999999941
9859,宣称,100,0.001,89.2875999999941
9860,切线,100,0.001,89.2925999999941
9861,麻雀,100,0.001,89.2915999999941
9862,手帕,100,0.001,89.2905999999941
9863,鞭炮,100,0.001,89.2895999999941
9864,通俗,100,0.001,89.2855999999941
9865,说是,100,0.001,89.2865999999941
9866,衫,100,0.001,89.2885999999941
9867,石,100,0.001,89.2985999999942
9868,热气,100,0.001,89.3125999999942
9869,哺乳,100,0.001,89.3205999999943
9870,塌,100,0.001,89.3195999999943
9871,关头,100,0.001,89.3185999999942
9872,不至于,100,0.001,89.3175999999942
9873,妥善,100,0.001,89.3165999999942
9874,大部,100,0.001,89.3155999999942
9875,轿车,100,0.001,89.3145999999942
9876,多次,100,0.001,89.3135999999942
9877,传送,100,0.001,89.3025999999942
9878,漫画,100,0.001,89.3115999999942
9879,投放,100,0.001,89.3215999999943
9880,抽样,100,0.001,89.3095999999942
9881,诸位,100,0.001,89.3085999999942
9882,一幕,100,0.001,89.3105999999942
9883,形而上学,100,0.001,89.3065999999942
9884,耀眼,100,0.001,89.2995999999942
9885,当面,100,0.001,89.3045999999942
9886,降临,100,0.001,89.3035999999942
9887,打扫,99,0.001,89.4215999999947
9888,倡导,99,0.001,89.4265999999948
9889,职位,99,0.001,89.4205999999947
9890,馆,99,0.001,89.4155999999947
9891,思念,99,0.001,89.4195999999947
9892,两面,99,0.001,89.4185999999947
9893,分手,99,0.001,89.4175999999947
9894,粘土,99,0.001,89.4165999999947
9895,可靠性,99,0.001,89.4045999999947
9896,精致,99,0.001,89.4145999999947
9897,柜,99,0.001,89.4245999999948
9898,钞票,99,0.001,89.4125999999947
9899,吹来,99,0.001,89.4115999999947
9900,猜测,99,0.001,89.4105999999947
9901,肝炎,99,0.001,89.4095999999947
9902,日寇,99,0.001,89.4085999999947
9903,梯形,99,0.001,89.3985999999946
9904,矿山,99,0.001,89.4075999999947
9905,林场,99,0.001,89.4225999999947
9906,循,99,0.001,89.4065999999947
9907,加之,99,0.001,89.4055999999947
9908,脑筋,99,0.001,89.4135999999947
9909,笔下,99,0.001,89.4275999999948
9910,综上所述,99,0.001,89.4445999999948
9911,投票,99,0.001,89.4435999999948
9912,研究者,99,0.001,89.4455999999949
9913,敦煌,99,0.001,89.4365999999948
9914,桃花,99,0.001,89.4425999999948
9915,特长,99,0.001,89.4415999999948
9916,各家,99,0.001,89.4405999999948
9917,声波,99,0.001,89.4395999999948
9918,引出,99,0.001,89.4385999999948
9919,深海,99,0.001,89.4375999999948
9920,甚至于,99,0.001,89.4465999999949
9921,六百,99,0.001,89.4355999999948
9922,女郎,99,0.001,89.4345999999948
9923,一边,99,0.001,89.4335999999948
9924,化学工业,99,0.001,89.4325999999948
9925,杠杆,99,0.001,89.4315999999948
9926,青草,99,0.001,89.4305999999948
9927,搜索,99,0.001,89.4255999999948
9928,不一,99,0.001,89.4295999999948
9929,人类学,99,0.001,89.4285999999948
9930,参军,99,0.001,89.4235999999947
9931,意,99,0.001,89.3835999999946
9932,水电站,99,0.001,89.3785999999945
9933,自觉,99,0.001,89.3775999999945
9934,其后,99,0.001,89.3815999999945
9935,罐,99,0.001,89.3765999999945
9936,中点,99,0.001,89.3755999999945
9937,分清,99,0.001,89.3745999999945
9938,精神病,99,0.001,89.3735999999945
9939,面,99,0.001,89.3725999999945
9940,沿途,99,0.001,89.3715999999945
9941,底部,99,0.001,89.3705999999945
9942,忘掉,99,0.001,89.3665999999945
9943,谣言,99,0.001,89.3605999999944
9944,屈,99,0.001,89.3615999999945
9945,手工业者,99,0.001,89.3625999999945
9946,坝,99,0.001,89.3635999999945
9947,标准化,99,0.001,89.3645999999945
9948,认出,99,0.001,89.3695999999945
9949,早饭,99,0.001,89.3655999999945
9950,庐山,99,0.001,89.3675999999945
9951,心底,99,0.001,89.3685999999945
9952,亲手,99,0.001,89.3795999999945
9953,书上,99,0.001,89.3935999999946
9954,气管,99,0.001,89.4025999999946
9955,鞋子,99,0.001,89.4015999999946
9956,工友,99,0.001,89.3995999999946
9957,近于,99,0.001,89.3975999999946
9958,挟,99,0.001,89.3965999999946
9959,荒唐,99,0.001,89.3955999999946
9960,年内,99,0.001,89.3945999999946
9961,彼此,99,0.001,89.3825999999946
9962,顿,99,0.001,89.3925999999946
9963,火力,99,0.001,89.4035999999947
9964,台阶,99,0.001,89.3905999999946
9965,前年,99,0.001,89.3895999999946
9966,缴,99,0.001,89.3885999999946
9967,却说,99,0.001,89.3875999999946
9968,清清楚楚,99,0.001,89.3915999999946
9969,满洲,99,0.001,89.3865999999946
9970,闻名,99,0.001,89.3805999999945
9971,眼看,99,0.001,89.3855999999946
9972,小提琴,99,0.001,89.3845999999946
9973,物流,99,0.001,89.4005999999946
9974,高山族,98,0.001,89.4985999999951
9975,在外,98,0.001,89.4975999999951
9976,如,98,0.001,89.4965999999951
9977,顺手,98,0.001,89.4955999999951
9978,分外,98,0.001,89.4945999999951
9979,小车,98,0.001,89.4935999999951
9980,小小,98,0.001,89.483599999995
9981,迭,98,0.001,89.5035999999951
9982,秒,98,0.001,89.4915999999951
9983,字形,98,0.001,89.4925999999951
9984,洛阳,98,0.001,89.5005999999951
9985,风尚,98,0.001,89.4895999999951
9986,亩产,98,0.001,89.4885999999951
9987,白纸,98,0.001,89.4875999999951
9988,革命者,98,0.001,89.4865999999951
9989,恒定,98,0.001,89.485599999995
9990,表现力,98,0.001,89.484599999995
9991,诗句,98,0.001,89.4905999999951
9992,不用说,98,0.001,89.5045999999951
9993,喃喃,98,0.001,89.5115999999952
9994,华,98,0.001,89.5135999999952
9995,叙事,98,0.001,89.5105999999952
9996,掌,98,0.001,89.5155999999952
9997,禁,98,0.001,89.5165999999952
9998,天皇,98,0.001,89.5175999999952
9999,甲,98,0.001,89.5185999999952
10000,伐,98,0.001,89.5145999999952
10001,蒸腾,98,0.001,89.5095999999952
10002,狐狸,98,0.001,89.5015999999951
10003,铃,98,0.001,89.5075999999952
10004,指引,98,0.001,89.5125999999952
10005,欢快,98,0.001,89.5065999999951
10006,簇,98,0.001,89.5055999999951
10007,下沉,98,0.001,89.5085999999952
10008,带走,98,0.001,89.5025999999951
10009,抽屉,98,0.001,89.4995999999951
10010,省市,98,0.001,89.467599999995
10011,调皮,98,0.001,89.4635999999949
10012,撤退,98,0.001,89.4585999999949
10013,黎明,98,0.001,89.4605999999949
10014,慰问,98,0.001,89.4525999999949
10015,打发,98,0.001,89.4595999999949
10016,简陋,98,0.001,89.4645999999949
10017,机械,98,0.001,89.4575999999949
10018,铁匠,98,0.001,89.4565999999949
10019,式样,98,0.001,89.4475999999949
10020,尊敬,98,0.001,89.4485999999949
10021,文艺复兴,98,0.001,89.4495999999949
10022,柳树,98,0.001,89.4505999999949
10023,偏,98,0.001,89.4555999999949
10024,形容词,98,0.001,89.4515999999949
10025,孕育,98,0.001,89.4535999999949
10026,珍惜,98,0.001,89.4545999999949
10027,偏重,98,0.001,89.4615999999949
10028,狮子,98,0.001,89.474599999995
10029,量变,98,0.001,89.481599999995
10030,爬行,98,0.001,89.480599999995
10031,堵塞,98,0.001,89.479599999995
10032,海滩,98,0.001,89.478599999995
10033,不自觉,98,0.001,89.477599999995
10034,马寅初,98,0.001,89.476599999995
10035,每到,98,0.001,89.475599999995
10036,磁性,98,0.001,89.465599999995
10037,伸展,98,0.001,89.472599999995
10038,单,98,0.001,89.473599999995
10039,漂移,98,0.001,89.4625999999949
10040,秦,98,0.001,89.482599999995
10041,而言,98,0.001,89.471599999995
10042,上门,98,0.001,89.470599999995
10043,喜鹊,98,0.001,89.469599999995
10044,毒蛇,98,0.001,89.466599999995
10045,认得,98,0.001,89.468599999995
10046,走动,97,0.001,89.5375999999953
10047,隶属,97,0.001,89.5765999999955
10048,柄,97,0.001,89.5735999999955
10049,三十二,97,0.001,89.5725999999955
10050,标记,97,0.001,89.5715999999955
10051,福州,97,0.001,89.5705999999955
10052,雄厚,97,0.001,89.5695999999954
10053,伊拉克,97,0.001,89.5585999999954
10054,坟,97,0.001,89.5785999999955
10055,食欲,97,0.001,89.5675999999954
10056,语言学家,97,0.001,89.5685999999954
10057,因之,97,0.001,89.5655999999954
10058,汇集,97,0.001,89.5645999999954
10059,使者,97,0.001,89.5635999999954
10060,偿还,97,0.001,89.5625999999954
10061,煎,97,0.001,89.5615999999954
10062,环绕,97,0.001,89.5605999999954
10063,论断,97,0.001,89.5595999999954
10064,才能,97,0.001,89.5665999999954
10065,无条件,97,0.001,89.5805999999955
10066,内阁,97,0.001,89.5885999999955
10067,絮,97,0.001,89.5875999999955
10068,通行,97,0.001,89.5895999999955
10069,受苦,97,0.001,89.5905999999955
10070,长安,97,0.001,89.5915999999956
10071,摘下,97,0.001,89.5925999999956
10072,衰退,97,0.001,89.5935999999956
10073,不明,97,0.001,89.5945999999956
10074,焦虑,97,0.001,89.5955999999956
10075,贫乏,97,0.001,89.5865999999955
10076,虚构,97,0.001,89.5855999999955
10077,丹麦,97,0.001,89.5845999999955
10078,遗迹,97,0.001,89.5835999999955
10079,社会风气,97,0.001,89.5825999999955
10080,噪音,97,0.001,89.5815999999955
10081,季节性,97,0.001,89.5775999999955
10082,堤,97,0.001,89.5795999999955
10083,乐舞,97,0.001,89.5745999999955
10084,悦耳,97,0.001,89.5395999999953
10085,生态平衡,97,0.001,89.5345999999953
10086,锣鼓,97,0.001,89.5755999999955
10087,四千,97,0.001,89.5335999999953
10088,来过,97,0.001,89.5325999999953
10089,饵,97,0.001,89.5315999999953
10090,仿,97,0.001,89.5305999999953
10091,优惠,97,0.001,89.5295999999953
10092,放牧,97,0.001,89.5285999999953
10093,鼓动,97,0.001,89.5195999999952
10094,吃饱,97,0.001,89.5265999999952
10095,举出,97,0.001,89.5255999999952
10096,能干,97,0.001,89.5245999999952
10097,拎,97,0.001,89.5235999999952
10098,再度,97,0.001,89.5225999999952
10099,听话,97,0.001,89.5275999999952
10100,下落,97,0.001,89.5215999999952
10101,欧,97,0.001,89.5205999999952
10102,红雨,97,0.001,89.5355999999953
10103,用人,97,0.001,89.5485999999953
10104,收买,97,0.001,89.5565999999954
10105,秤,97,0.001,89.5555999999954
10106,吻合,97,0.001,89.5545999999954
10107,晴朗,97,0.001,89.5535999999954
10108,高分子,97,0.001,89.5525999999954
10109,摇动,97,0.001,89.5515999999954
10110,漏斗,97,0.001,89.5505999999954
10111,少数,97,0.001,89.5495999999954
10112,人大常委会,97,0.001,89.5385999999953
10113,元旦,97,0.001,89.5475999999953
10114,分明,97,0.001,89.5575999999954
10115,按时,97,0.001,89.5455999999953
10116,逼真,97,0.001,89.5445999999953
10117,苦闷,97,0.001,89.5435999999953
10118,柏拉图,97,0.001,89.5425999999953
10119,团支部,97,0.001,89.5415999999953
10120,三十六,97,0.001,89.5465999999953
10121,实习,97,0.001,89.5405999999953
10122,膀胱,97,0.001,89.5365999999953
10123,称谓,96,0.001,89.6385999999958
10124,将,96,0.001,89.6435999999958
10125,浪漫,96,0.001,89.6505999999958
10126,主编,96,0.001,89.6495999999958
10127,腾,96,0.001,89.6485999999958
10128,可,96,0.001,89.6475999999958
10129,犁,96,0.001,89.6465999999958
10130,杂文,96,0.001,89.6455999999958
10131,啤酒,96,0.001,89.6445999999958
10132,机遇,96,0.001,89.6335999999958
10133,江河,96,0.001,89.6425999999958
10134,总部,96,0.001,89.6525999999958
10135,莫非,96,0.001,89.6395999999958
10136,西北,96,0.001,89.6375999999958
10137,碑,96,0.001,89.6365999999958
10138,心房,96,0.001,89.6355999999958
10139,新民主主义革命,96,0.001,89.6345999999958
10140,儒,96,0.001,89.6415999999958
10141,洞穴,96,0.001,89.6575999999959
10142,衰弱,96,0.001,89.6625999999959
10143,林区,96,0.001,89.6695999999959
10144,发财,96,0.001,89.6685999999959
10145,信仰,96,0.001,89.6675999999959
10146,道士,96,0.001,89.6665999999959
10147,虾,96,0.001,89.6655999999959
10148,政治家,96,0.001,89.6645999999959
10149,老一辈,96,0.001,89.6635999999959
10150,执,96,0.001,89.6705999999959
10151,步兵,96,0.001,89.6615999999959
10152,微妙,96,0.001,89.6605999999959
10153,惭愧,96,0.001,89.6535999999958
10154,一味,96,0.001,89.6585999999959
10155,工分,96,0.001,89.6715999999959
10156,捉住,96,0.001,89.6565999999959
10157,后进,96,0.001,89.6555999999959
10158,筹备,96,0.001,89.6545999999959
10159,人材,96,0.001,89.6595999999959
10160,谷物,96,0.001,89.6515999999958
10161,邀,96,0.001,89.6225999999957
10162,本子,96,0.001,89.6085999999956
10163,缅甸,96,0.001,89.6125999999957
10164,损坏,96,0.001,89.6115999999956
10165,慌忙,96,0.001,89.5965999999956
10166,管子,96,0.001,89.6095999999956
10167,小嘎子,96,0.001,89.6135999999957
10168,损,96,0.001,89.6075999999956
10169,共产主义社会,96,0.001,89.6065999999956
10170,吸入,96,0.001,89.6055999999956
10171,工人运动,96,0.001,89.5975999999956
10172,善恶,96,0.001,89.6035999999956
10173,午饭,96,0.001,89.6025999999956
10174,流过,96,0.001,89.6015999999956
10175,家里,96,0.001,89.6005999999956
10176,疏松,96,0.001,89.5995999999956
10177,跑进,96,0.001,89.5985999999956
10178,难忘,96,0.001,89.6045999999956
10179,适时,96,0.001,89.6105999999956
10180,全场,96,0.001,89.6245999999957
10181,桂,96,0.001,89.6315999999957
10182,驱使,96,0.001,89.6305999999957
10183,留心,96,0.001,89.6295999999957
10184,全力,96,0.001,89.6285999999957
10185,下水,96,0.001,89.6155999999957
10186,手腕,96,0.001,89.6275999999957
10187,也就是,96,0.001,89.6405999999958
10188,岂不,96,0.001,89.6265999999957
10189,相处,96,0.001,89.6255999999957
10190,广度,96,0.001,89.6145999999957
10191,茂密,96,0.001,89.6235999999957
10192,日后,96,0.001,89.6325999999957
10193,描,96,0.001,89.6215999999957
10194,导师,96,0.001,89.6205999999957
10195,功劳,96,0.001,89.6195999999957
10196,四方,96,0.001,89.6185999999957
10197,筋,96,0.001,89.6175999999957
10198,高炉,96,0.001,89.6165999999957
10199,连声,95,0.001,89.7335999999962
10200,喘息,95,0.001,89.7295999999962
10201,悬浮,95,0.001,89.7225999999962
10202,无偿,95,0.001,89.7275999999962
10203,锅炉,95,0.001,89.7265999999962
10204,刘邦,95,0.001,89.7255999999962
10205,序列,95,0.001,89.7245999999962
10206,抗拒,95,0.001,89.7235999999962
10207,话音,95,0.001,89.7115999999961
10208,所以说,95,0.001,89.7215999999962
10209,优劣,95,0.001,89.7315999999962
10210,线性,95,0.001,89.7195999999962
10211,雕像,95,0.001,89.7185999999962
10212,受教育者,95,0.001,89.7175999999962
10213,群众路线,95,0.001,89.7165999999961
10214,立时,95,0.001,89.7155999999961
10215,趾,95,0.001,89.7145999999961
10216,驾,95,0.001,89.7135999999961
10217,游客,95,0.001,89.7125999999961
10218,宁可,95,0.001,89.7205999999962
10219,宽敞,95,0.001,89.7375999999962
10220,亲身,95,0.001,89.7495999999963
10221,包办,95,0.001,89.7415999999963
10222,为人,95,0.001,89.7475999999963
10223,具,95,0.001,89.7465999999963
10224,传染,95,0.001,89.7455999999963
10225,华盛顿,95,0.001,89.7445999999963
10226,起见,95,0.001,89.7435999999963
10227,上缴,95,0.001,89.7425999999963
10228,起飞,95,0.001,89.7485999999963
10229,中药,95,0.001,89.7405999999963
10230,发亮,95,0.001,89.7395999999963
10231,蜂,95,0.001,89.7325999999962
10232,迷惑,95,0.001,89.7385999999963
10233,哈哈大笑,95,0.001,89.7505999999963
10234,图式,95,0.001,89.7365999999962
10235,官方,95,0.001,89.7355999999962
10236,图像,95,0.001,89.7345999999962
10237,奇妙,95,0.001,89.692599999996
10238,北极,95,0.001,89.7285999999962
10239,果子,95,0.001,89.7305999999962
10240,闯进,95,0.001,89.693599999996
10241,反驳,95,0.001,89.688599999996
10242,不方便,95,0.001,89.690599999996
10243,同一性,95,0.001,89.686599999996
10244,小女孩,95,0.001,89.685599999996
10245,保住,95,0.001,89.684599999996
10246,林巧稚,95,0.001,89.683599999996
10247,哭泣,95,0.001,89.682599999996
10248,魔术师,95,0.001,89.681599999996
10249,侵害,95,0.001,89.680599999996
10250,私有财产,95,0.001,89.6725999999959
10251,开枪,95,0.001,89.6735999999959
10252,遗忘,95,0.001,89.6745999999959
10253,黑影,95,0.001,89.675599999996
10254,事业单位,95,0.001,89.676599999996
10255,催促,95,0.001,89.677599999996
10256,游牧,95,0.001,89.679599999996
10257,两头,95,0.001,89.678599999996
10258,尿素,95,0.001,89.687599999996
10259,陨石,95,0.001,89.7015999999961
10260,祝,95,0.001,89.7095999999961
10261,此类,95,0.001,89.7085999999961
10262,摩托车,95,0.001,89.7075999999961
10263,理会,95,0.001,89.7065999999961
10264,朝,95,0.001,89.7055999999961
10265,成吉思汗,95,0.001,89.7045999999961
10266,罪名,95,0.001,89.7035999999961
10267,右派分子,95,0.001,89.6995999999961
10268,英国人,95,0.001,89.691599999996
10269,私营,95,0.001,89.689599999996
10270,果真,95,0.001,89.7005999999961
10271,密林,95,0.001,89.7105999999961
10272,准是,95,0.001,89.6985999999961
10273,山洞,95,0.001,89.6975999999961
10274,流转,95,0.001,89.6965999999961
10275,畅销,95,0.001,89.695599999996
10276,哇,95,0.001,89.694599999996
10277,梯度,95,0.001,89.7025999999961
10278,自旋,94,0.001,89.8135999999966
10279,界面,94,0.001,89.8075999999966
10280,需要,94,0.001,89.8015999999966
10281,神经元,94,0.001,89.8065999999966
10282,施加,94,0.001,89.8055999999966
10283,容,94,0.001,89.8045999999966
10284,写实,94,0.001,89.8035999999966
10285,一号,94,0.001,89.8025999999966
10286,天文学家,94,0.001,89.7905999999965
10287,否则,94,0.001,89.8005999999965
10288,错综复杂,94,0.001,89.8105999999966
10289,枯,94,0.001,89.7985999999965
10290,怪不得,94,0.001,89.7975999999965
10291,安宁,94,0.001,89.7965999999965
10292,浪潮,94,0.001,89.7955999999965
10293,即便,94,0.001,89.7945999999965
10294,炼钢,94,0.001,89.7935999999965
10295,香,94,0.001,89.7925999999965
10296,国有,94,0.001,89.7915999999965
10297,县政府,94,0.001,89.7995999999965
10298,生机,94,0.001,89.8125999999966
10299,抑,94,0.001,89.8295999999967
10300,摊,94,0.001,89.8215999999966
10301,航线,94,0.001,89.8285999999967
10302,作文,94,0.001,89.8275999999967
10303,嘻嘻,94,0.001,89.8265999999967
10304,差额,94,0.001,89.8255999999967
10305,伤寒,94,0.001,89.8245999999967
10306,控告,94,0.001,89.8235999999967
10307,狠,94,0.001,89.8225999999967
10308,处置,94,0.001,89.8305999999967
10309,书法,94,0.001,89.8205999999966
10310,长波,94,0.001,89.8195999999966
10311,预见,94,0.001,89.8185999999966
10312,新兵,94,0.001,89.8175999999966
10313,气球,94,0.001,89.8165999999966
10314,痉挛,94,0.001,89.8155999999966
10315,极地,94,0.001,89.8115999999966
10316,带电,94,0.001,89.8145999999966
10317,神灵,94,0.001,89.8095999999966
10318,总产量,94,0.001,89.7725999999964
10319,人情,94,0.001,89.7715999999964
10320,恋,94,0.001,89.7575999999963
10321,雅,94,0.001,89.8085999999966
10322,叛徒,94,0.001,89.7675999999964
10323,照料,94,0.001,89.7695999999964
10324,钢材,94,0.001,89.7655999999964
10325,讲课,94,0.001,89.7645999999964
10326,追赶,94,0.001,89.7635999999964
10327,抖动,94,0.001,89.7625999999964
10328,涨落,94,0.001,89.7615999999964
10329,焦,94,0.001,89.7605999999964
10330,缺口,94,0.001,89.7595999999964
10331,甜蜜,94,0.001,89.7515999999963
10332,税金,94,0.001,89.7525999999963
10333,打到,94,0.001,89.7535999999963
10334,牢牢,94,0.001,89.7545999999963
10335,反革命分子,94,0.001,89.7555999999963
10336,呃,94,0.001,89.7585999999963
10337,晋,94,0.001,89.7565999999963
10338,各式各样,94,0.001,89.7665999999964
10339,多见,94,0.001,89.7805999999965
10340,均可,94,0.001,89.7885999999965
10341,坏死,94,0.001,89.7875999999965
10342,死于,94,0.001,89.7865999999965
10343,挥手,94,0.001,89.7855999999965
10344,归于,94,0.001,89.7845999999965
10345,椅,94,0.001,89.7835999999965
10346,叮嘱,94,0.001,89.7825999999965
10347,草鞋,94,0.001,89.7785999999964
10348,如前所述,94,0.001,89.7815999999965
10349,盆景,94,0.001,89.7685999999964
10350,培植,94,0.001,89.7705999999964
10351,感人,94,0.001,89.7795999999964
10352,独裁,94,0.001,89.7895999999965
10353,人道主义,94,0.001,89.7775999999964
10354,间断,94,0.001,89.7765999999964
10355,惊叫,94,0.001,89.7755999999964
10356,唯有,94,0.001,89.7745999999964
10357,耸,94,0.001,89.7735999999964
10358,镇静,93,0.001,89.886599999997
10359,有经验,93,0.001,89.885599999997
10360,母子,93,0.001,89.884599999997
10361,成败,93,0.001,89.8835999999969
10362,抒发,93,0.001,89.8825999999969
10363,专项,93,0.001,89.8815999999969
10364,蝗虫,93,0.001,89.892599999997
10365,争议,93,0.001,89.8705999999969
10366,装上,93,0.001,89.8805999999969
10367,涡,93,0.001,89.8795999999969
10368,突起,93,0.001,89.889599999997
10369,青藏高原,93,0.001,89.8775999999969
10370,将于,93,0.001,89.8765999999969
10371,聊,93,0.001,89.8755999999969
10372,构,93,0.001,89.8745999999969
10373,借以,93,0.001,89.8735999999969
10374,经商,93,0.001,89.8725999999969
10375,理论研究,93,0.001,89.8715999999969
10376,瞧见,93,0.001,89.8785999999969
10377,微型,93,0.001,89.893599999997
10378,飞行员,93,0.001,89.9095999999971
10379,火药,93,0.001,89.9085999999971
10380,原油,93,0.001,89.900599999997
10381,算什么,93,0.001,89.9065999999971
10382,电车,93,0.001,89.9055999999971
10383,心脏病,93,0.001,89.904599999997
10384,作画,93,0.001,89.903599999997
10385,差不多,93,0.001,89.902599999997
10386,丫头,93,0.001,89.901599999997
10387,呜呜,93,0.001,89.899599999997
10388,壶,93,0.001,89.898599999997
10389,不要说,93,0.001,89.890599999997
10390,荒谬,93,0.001,89.896599999997
10391,全人类,93,0.001,89.9075999999971
10392,隔绝,93,0.001,89.895599999997
10393,惋惜,93,0.001,89.894599999997
10394,向导,93,0.001,89.897599999997
10395,悬殊,93,0.001,89.891599999997
10396,其次,93,0.001,89.887599999997
10397,毒,93,0.001,89.8525999999968
10398,寒风,93,0.001,89.8515999999968
10399,狂风,93,0.001,89.8425999999968
10400,占优势,93,0.001,89.888599999997
10401,定额,93,0.001,89.8455999999968
10402,泰国,93,0.001,89.8445999999968
10403,爱吃,93,0.001,89.8385999999967
10404,果皮,93,0.001,89.8435999999968
10405,青海,93,0.001,89.8485999999968
10406,陌生人,93,0.001,89.8415999999967
10407,牧草,93,0.001,89.8405999999967
10408,自语,93,0.001,89.8315999999967
10409,扬起,93,0.001,89.8325999999967
10410,列,93,0.001,89.8335999999967
10411,回收,93,0.001,89.8345999999967
10412,漆黑,93,0.001,89.8355999999967
10413,有中国特色的社会主义,93,0.001,89.8365999999967
10414,走私,93,0.001,89.8395999999967
10415,相容,93,0.001,89.8375999999967
10416,木炭,93,0.001,89.8465999999968
10417,简要,93,0.001,89.8605999999968
10418,轰,93,0.001,89.8685999999969
10419,儿童文学,93,0.001,89.8675999999969
10420,游人,93,0.001,89.8665999999969
10421,候选人,93,0.001,89.8655999999969
10422,留学生,93,0.001,89.8645999999969
10423,廉价,93,0.001,89.8635999999969
10424,妥当,93,0.001,89.8625999999968
10425,澄清,93,0.001,89.8585999999968
10426,金银,93,0.001,89.8495999999968
10427,恨不得,93,0.001,89.8475999999968
10428,放养,93,0.001,89.8595999999968
10429,不足,93,0.001,89.8695999999969
10430,呼呼,93,0.001,89.8575999999968
10431,省长,93,0.001,89.8565999999968
10432,面子,93,0.001,89.8555999999968
10433,深圳,93,0.001,89.8545999999968
10434,圆圈,93,0.001,89.8535999999968
10435,请客,93,0.001,89.8615999999968
10436,实,93,0.001,89.8505999999968
10437,近日,92,0.001,89.9635999999973
10438,火花,92,0.001,89.9735999999974
10439,最好,92,0.001,89.9655999999973
10440,提拔,92,0.001,89.9725999999974
10441,群岛,92,0.001,89.9715999999974
10442,机枪,92,0.001,89.9705999999974
10443,感受,92,0.001,89.9695999999974
10444,次日,92,0.001,89.9685999999974
10445,社会团体,92,0.001,89.9675999999973
10446,卵细胞,92,0.001,89.9665999999973
10447,空想,92,0.001,89.9545999999973
10448,皇,92,0.001,89.9645999999973
10449,提案,92,0.001,89.9745999999974
10450,不负,92,0.001,89.9625999999973
10451,辈,92,0.001,89.9615999999973
10452,改用,92,0.001,89.9605999999973
10453,可观,92,0.001,89.9595999999973
10454,理想,92,0.001,89.9585999999973
10455,膀,92,0.001,89.9575999999973
10456,出厂,92,0.001,89.9345999999972
10457,适量,92,0.001,89.9555999999973
10458,扣除,92,0.001,89.9565999999973
10459,玳瑁,92,0.001,89.9805999999974
10460,铜鼓,92,0.001,89.9965999999975
10461,欺负,92,0.001,89.9935999999975
10462,反倒,92,0.001,89.9925999999975
10463,螺,92,0.001,89.9915999999975
10464,采纳,92,0.001,89.9905999999975
10465,鳄鱼,92,0.001,89.9895999999975
10466,敌后,92,0.001,89.9885999999974
10467,脉搏,92,0.001,89.9875999999974
10468,脏腑,92,0.001,89.9865999999974
10469,横向,92,0.001,89.9945999999975
10470,团结,92,0.001,89.9855999999974
10471,反击,92,0.001,89.9845999999974
10472,类比,92,0.001,89.9835999999974
10473,应变,92,0.001,89.9755999999974
10474,熔化,92,0.001,89.9815999999974
10475,初年,92,0.001,89.9955999999975
10476,并,92,0.001,89.9795999999974
10477,难堪,92,0.001,89.9785999999974
10478,写好,92,0.001,89.9775999999974
10479,部下,92,0.001,89.9825999999974
10480,极度,92,0.001,89.9765999999974
10481,距今,92,0.001,89.9335999999972
10482,好容易,92,0.001,89.9285999999972
10483,大型,92,0.001,89.9275999999972
10484,充实,92,0.001,89.9315999999972
10485,弹药,92,0.001,89.9265999999972
10486,中国画,92,0.001,89.9255999999971
10487,远古,92,0.001,89.9245999999971
10488,爬行动物,92,0.001,89.9235999999971
10489,语词,92,0.001,89.9225999999971
10490,国歌,92,0.001,89.9215999999971
10491,眼中,92,0.001,89.9205999999971
10492,抗美援朝,92,0.001,89.9175999999971
10493,饱满,92,0.001,89.9105999999971
10494,展,92,0.001,89.9115999999971
10495,想来,92,0.001,89.9125999999971
10496,雌雄,92,0.001,89.9135999999971
10497,周到,92,0.001,89.9145999999971
10498,迄今,92,0.001,89.9195999999971
10499,上交,92,0.001,89.9155999999971
10500,进货,92,0.001,89.9185999999971
10501,张口,92,0.001,89.9165999999971
10502,打动,92,0.001,89.9295999999972
10503,多用,92,0.001,89.9435999999972
10504,佳,92,0.001,89.9525999999973
10505,打猎,92,0.001,89.9515999999973
10506,糊,92,0.001,89.9505999999973
10507,选举权,92,0.001,89.9495999999973
10508,周密,92,0.001,89.9485999999973
10509,审批,92,0.001,89.9475999999973
10510,半晌,92,0.001,89.9465999999972
10511,松弛,92,0.001,89.9455999999972
10512,岂不是,92,0.001,89.9445999999972
10513,找着,92,0.001,89.9325999999972
10514,撞击,92,0.001,89.9425999999972
10515,机灵,92,0.001,89.9535999999973
10516,出声,92,0.001,89.9405999999972
10517,创始人,92,0.001,89.9395999999972
10518,饭碗,92,0.001,89.9385999999972
10519,东南亚,92,0.001,89.9375999999972
10520,硝酸钾,92,0.001,89.9365999999972
10521,要么,92,0.001,89.9415999999972
10522,交售,92,0.001,89.9355999999972
10523,看守,92,0.001,89.9305999999972
10524,纸条,91,0.001,90.0605999999978
10525,瑶族,91,0.001,90.0485999999977
10526,想想,91,0.001,90.0575999999978
10527,含蓄,91,0.001,90.0565999999978
10528,折腾,91,0.001,90.0555999999978
10529,聚合,91,0.001,90.0545999999978
10530,大抵,91,0.001,90.0535999999978
10531,博物馆,91,0.001,90.0525999999978
10532,掷,91,0.001,90.0395999999977
10533,容积,91,0.001,90.0505999999977
10534,主办,91,0.001,90.0635999999978
10535,印度洋,91,0.001,90.0615999999978
10536,垂体,91,0.001,90.0515999999977
10537,如,91,0.001,90.0475999999977
10538,试用,91,0.001,90.0465999999977
10539,稀疏,91,0.001,90.0455999999977
10540,流浪,91,0.001,90.0445999999977
10541,宽度,91,0.001,90.0435999999977
10542,剥削者,91,0.001,90.0425999999977
10543,利用率,91,0.001,90.0415999999977
10544,南北朝,91,0.001,90.0405999999977
10545,信誉,91,0.001,90.0495999999977
10546,独立自主,91,0.001,90.0645999999978
10547,满怀,91,0.001,90.0735999999979
10548,扶持,91,0.001,90.0755999999979
10549,骤然,91,0.001,90.0725999999978
10550,拘留,91,0.001,90.0775999999979
10551,主席团,91,0.001,90.0785999999979
10552,护理,91,0.001,90.0795999999979
10553,攀登,91,0.001,90.0805999999979
10554,级差,91,0.001,90.0815999999979
10555,痕,91,0.001,90.0825999999979
10556,着呢,91,0.001,90.0765999999979
10557,光速,91,0.001,90.0715999999978
10558,致力于,91,0.001,90.0705999999978
10559,社队,91,0.001,90.0625999999978
10560,八旗,91,0.001,90.0685999999978
10561,重任,91,0.001,90.0745999999979
10562,定居,91,0.001,90.0675999999978
10563,金星,91,0.001,90.0665999999978
10564,过滤,91,0.001,90.0655999999978
10565,皮质,91,0.001,90.0695999999978
10566,宗法,91,0.001,90.0585999999978
10567,东汉,91,0.001,90.0195999999976
10568,光波,91,0.001,90.0205999999976
10569,反复,91,0.001,90.0595999999978
10570,侵略军,91,0.001,90.0155999999976
10571,分数,91,0.001,90.0175999999976
10572,分枝,91,0.001,90.0135999999976
10573,良,91,0.001,90.0125999999976
10574,素养,91,0.001,90.0115999999976
10575,雅典,91,0.001,90.0105999999976
10576,缓和,91,0.001,90.0095999999975
10577,连续性,91,0.001,90.0085999999975
10578,白白,91,0.001,90.0075999999975
10579,寻觅,91,0.001,90.0065999999975
10580,迁徙,91,0.001,89.9985999999975
10581,女方,91,0.001,89.9995999999975
10582,诱发,91,0.001,90.0005999999975
10583,嗓音,91,0.001,90.0015999999975
10584,嗡嗡,91,0.001,90.0025999999975
10585,扇子,91,0.001,90.0035999999975
10586,证券,91,0.001,90.0055999999975
10587,油灯,91,0.001,90.0045999999975
10588,乐意,91,0.001,89.9975999999975
10589,眼球,91,0.001,90.0145999999976
10590,饭菜,91,0.001,90.0295999999976
10591,恰,91,0.001,90.0375999999977
10592,披上,91,0.001,90.0365999999977
10593,屈原,91,0.001,90.0355999999977
10594,噪声,91,0.001,90.0345999999977
10595,风味,91,0.001,90.0335999999977
10596,三十一,91,0.001,90.0325999999977
10597,交流电,91,0.001,90.0315999999977
10598,外壳,91,0.001,90.0305999999976
10599,焦距,91,0.001,90.0275999999976
10600,弹,91,0.001,90.0185999999976
10601,合资,91,0.001,90.0165999999976
10602,年产,91,0.001,90.0285999999976
10603,篮子,91,0.001,90.0385999999977
10604,蟋蟀,91,0.001,90.0265999999976
10605,注明,91,0.001,90.0255999999976
10606,亲,91,0.001,90.0245999999976
10607,丢下,91,0.001,90.0235999999976
10608,看病,91,0.001,90.0225999999976
10609,强有力,91,0.001,90.0215999999976
10610,引向,90,0.0009,90.140199999998
10611,笑嘻嘻,90,0.0009,90.139299999998
10612,小部分,90,0.0009,90.138399999998
10613,看得出,90,0.0009,90.137499999998
10614,可逆,90,0.0009,90.136599999998
10615,免得,90,0.0009,90.135699999998
10616,白人,90,0.0009,90.1041999999979
10617,微风,90,0.0009,90.145599999998
10618,将领,90,0.0009,90.141999999998
10619,遮住,90,0.0009,90.134799999998
10620,产区,90,0.0009,90.133899999998
10621,绿叶,90,0.0009,90.123999999998
10622,并列,90,0.0009,90.132999999998
10623,磷酸,90,0.0009,90.142899999998
10624,斜面,90,0.0009,90.131199999998
10625,林明跃,90,0.0009,90.130299999998
10626,科学社会主义,90,0.0009,90.129399999998
10627,办起,90,0.0009,90.128499999998
10628,类别,90,0.0009,90.127599999998
10629,死人,90,0.0009,90.126699999998
10630,摄氏度,90,0.0009,90.125799999998
10631,整党,90,0.0009,90.124899999998
10632,正气,90,0.0009,90.132099999998
10633,工农联盟,90,0.0009,90.146499999998
10634,配偶,90,0.0009,90.157299999998
10635,拥抱,90,0.0009,90.154599999998
10636,满满,90,0.0009,90.159099999998
10637,利,90,0.0009,90.158199999998
10638,度,90,0.0009,90.153699999998
10639,明星,90,0.0009,90.159999999998
10640,堕落,90,0.0009,90.160899999998
10641,耦合,90,0.0009,90.161799999998
10642,成交,90,0.0009,90.162699999998
10643,农家,90,0.0009,90.163599999998
10644,顺从,90,0.0009,90.156399999998
10645,陈列,90,0.0009,90.152799999998
10646,坚守,90,0.0009,90.151899999998
10647,上次,90,0.0009,90.150999999998
10648,哲理,90,0.0009,90.143799999998
10649,下述,90,0.0009,90.149199999998
10650,作,90,0.0009,90.155499999998
10651,卸,90,0.0009,90.148299999998
10652,紫外线,90,0.0009,90.147399999998
10653,海峡,90,0.0009,90.150099999998
10654,逢,90,0.0009,90.144699999998
10655,萝卜,90,0.0009,90.141099999998
10656,原物,90,0.0009,90.1050999999979
10657,火车站,90,0.0009,90.0960999999979
10658,狡猾,90,0.0009,90.1005999999979
10659,外衣,90,0.0009,90.1023999999979
10660,下方,90,0.0009,90.0996999999979
10661,兴办,90,0.0009,90.0987999999979
10662,关税,90,0.0009,90.0978999999979
10663,临走,90,0.0009,90.0969999999979
10664,仓,90,0.0009,90.0951999999979
10665,魏,90,0.0009,90.0942999999979
10666,宗教信仰,90,0.0009,90.0933999999979
10667,犯人,90,0.0009,90.0924999999979
10668,伯父,90,0.0009,90.0834999999979
10669,土地改革,90,0.0009,90.0906999999979
10670,自由化,90,0.0009,90.0897999999979
10671,爆,90,0.0009,90.0888999999979
10672,开工,90,0.0009,90.0879999999979
10673,吃掉,90,0.0009,90.0870999999979
10674,华丽,90,0.0009,90.0861999999979
10675,棋,90,0.0009,90.0852999999979
10676,火炉,90,0.0009,90.0915999999979
10677,无限,90,0.0009,90.0843999999979
10678,北上,90,0.0009,90.1014999999979
10679,水草,90,0.0009,90.1140999999979
10680,暴动,90,0.0009,90.122199999998
10681,袖子,90,0.0009,90.121299999998
10682,冰山,90,0.0009,90.120399999998
10683,血压,90,0.0009,90.119499999998
10684,无须,90,0.0009,90.118599999998
10685,纸币,90,0.0009,90.117699999998
10686,常委,90,0.0009,90.116799999998
10687,开车,90,0.0009,90.1158999999979
10688,耕地,90,0.0009,90.1149999999979
10689,哪怕,90,0.0009,90.1032999999979
10690,玩艺,90,0.0009,90.1131999999979
10691,剂量,90,0.0009,90.123099999998
10692,工农兵,90,0.0009,90.1104999999979
10693,分析法,90,0.0009,90.1095999999979
10694,残废,90,0.0009,90.1086999999979
10695,祸,90,0.0009,90.1077999999979
10696,预,90,0.0009,90.1068999999979
10697,河口,90,0.0009,90.1122999999979
10698,河道,90,0.0009,90.1059999999979
10699,麻木,90,0.0009,90.1113999999979
10700,边防,89,0.0009,90.2283999999981
10701,刺刀,89,0.0009,90.2346999999981
10702,触动,89,0.0009,90.2382999999981
10703,伴有,89,0.0009,90.2337999999981
10704,虚假,89,0.0009,90.2256999999981
10705,蠕动,89,0.0009,90.2328999999981
10706,滑稽,89,0.0009,90.2319999999981
10707,谦虚,89,0.0009,90.2310999999981
10708,柔,89,0.0009,90.1896999999981
10709,探亲,89,0.0009,90.2292999999981
10710,断言,89,0.0009,90.2301999999981
10711,办学,89,0.0009,90.2274999999981
10712,下意识,89,0.0009,90.2265999999981
10713,搓,89,0.0009,90.2130999999981
10714,联合会,89,0.0009,90.2247999999981
10715,有声,89,0.0009,90.2364999999981
10716,戒,89,0.0009,90.2229999999981
10717,河谷,89,0.0009,90.2220999999981
10718,也罢,89,0.0009,90.2211999999981
10719,菲律宾,89,0.0009,90.2202999999981
10720,招牌,89,0.0009,90.2193999999981
10721,外层,89,0.0009,90.2184999999981
10722,郑重,89,0.0009,90.2175999999981
10723,音色,89,0.0009,90.2166999999981
10724,眺望,89,0.0009,90.2157999999981
10725,气势,89,0.0009,90.2148999999981
10726,丰,89,0.0009,90.2139999999981
10727,雨季,89,0.0009,90.2238999999981
10728,学得,89,0.0009,90.2391999999981
10729,捍卫,89,0.0009,90.2508999999982
10730,亲近,89,0.0009,90.2526999999982
10731,运送,89,0.0009,90.2535999999982
10732,满意,89,0.0009,90.2499999999982
10733,总督,89,0.0009,90.2544999999982
10734,眼界,89,0.0009,90.2553999999982
10735,懒,89,0.0009,90.2598999999982
10736,大哭,89,0.0009,90.2562999999982
10737,公鸡,89,0.0009,90.2580999999982
10738,走访,89,0.0009,90.2589999999982
10739,世间,89,0.0009,90.2607999999982
10740,峡谷,89,0.0009,90.2571999999982
10741,干啥,89,0.0009,90.2517999999982
10742,主人翁,89,0.0009,90.2490999999982
10743,诉说,89,0.0009,90.2481999999982
10744,情不自禁,89,0.0009,90.2472999999982
10745,教育家,89,0.0009,90.2463999999982
10746,乙,89,0.0009,90.2454999999982
10747,隧道,89,0.0009,90.2445999999982
10748,形,89,0.0009,90.2436999999982
10749,色光,89,0.0009,90.2427999999982
10750,挑起,89,0.0009,90.2418999999982
10751,装配,89,0.0009,90.2373999999981
10752,圆周,89,0.0009,90.2409999999982
10753,用到,89,0.0009,90.2400999999982
10754,足迹,89,0.0009,90.2355999999981
10755,饮酒,89,0.0009,90.1905999999981
10756,根本,89,0.0009,90.1851999999981
10757,招手,89,0.0009,90.1842999999981
10758,农民起义,89,0.0009,90.1833999999981
10759,语调,89,0.0009,90.1878999999981
10760,窗前,89,0.0009,90.1824999999981
10761,球形,89,0.0009,90.1815999999981
10762,衙门,89,0.0009,90.1806999999981
10763,拱,89,0.0009,90.1797999999981
10764,活生生,89,0.0009,90.1788999999981
10765,脱节,89,0.0009,90.1779999999981
10766,渔民,89,0.0009,90.177099999998
10767,水田,89,0.0009,90.176199999998
10768,黑白,89,0.0009,90.172599999998
10769,领取,89,0.0009,90.166299999998
10770,钛,89,0.0009,90.164499999998
10771,栖息,89,0.0009,90.168999999998
10772,共,89,0.0009,90.165399999998
10773,彭湃,89,0.0009,90.167199999998
10774,勾,89,0.0009,90.168099999998
10775,忽而,89,0.0009,90.169899999998
10776,厦门,89,0.0009,90.170799999998
10777,祝月,89,0.0009,90.175299999998
10778,草木,89,0.0009,90.171699999998
10779,面色,89,0.0009,90.173499999998
10780,改成,89,0.0009,90.174399999998
10781,有期徒刑,89,0.0009,90.1860999999981
10782,压低,89,0.0009,90.2013999999981
10783,厕所,89,0.0009,90.2112999999981
10784,内角,89,0.0009,90.2103999999981
10785,老兄,89,0.0009,90.2094999999981
10786,纳闷,89,0.0009,90.2085999999981
10787,请问,89,0.0009,90.2076999999981
10788,壮观,89,0.0009,90.2067999999981
10789,下地,89,0.0009,90.2058999999981
10790,支气管,89,0.0009,90.2049999999981
10791,特大,89,0.0009,90.2040999999981
10792,石匠,89,0.0009,90.2031999999981
10793,冷气,89,0.0009,90.2022999999981
10794,债务人,89,0.0009,90.1887999999981
10795,快感,89,0.0009,90.2004999999981
10796,传教,89,0.0009,90.2121999999981
10797,终,89,0.0009,90.1986999999981
10798,苏,89,0.0009,90.1977999999981
10799,挪,89,0.0009,90.1968999999981
10800,心爱,89,0.0009,90.1959999999981
10801,大使,89,0.0009,90.1950999999981
10802,平息,89,0.0009,90.1941999999981
10803,冷淡,89,0.0009,90.1995999999981
10804,饿,89,0.0009,90.1932999999981
10805,北纬,89,0.0009,90.1869999999981
10806,上当,89,0.0009,90.1923999999981
10807,防护,89,0.0009,90.1914999999981
10808,温州,88,0.0009,90.3210999999983
10809,盘子,88,0.0009,90.3255999999983
10810,肖武斌,88,0.0009,90.3291999999983
10811,弄到,88,0.0009,90.3237999999983
10812,设计,88,0.0009,90.3174999999983
10813,元年,88,0.0009,90.3228999999983
10814,束,88,0.0009,90.3219999999983
10815,斑,88,0.0009,90.3201999999983
10816,木质,88,0.0009,90.3192999999983
10817,不予,88,0.0009,90.3183999999983
10818,风趣,88,0.0009,90.3057999999983
10819,小猪,88,0.0009,90.3165999999983
10820,晶,88,0.0009,90.3273999999983
10821,摄取,88,0.0009,90.3147999999983
10822,咱俩,88,0.0009,90.3138999999983
10823,磕,88,0.0009,90.3129999999983
10824,领先,88,0.0009,90.3120999999983
10825,示意图,88,0.0009,90.3111999999983
10826,主宰,88,0.0009,90.3102999999983
10827,均为,88,0.0009,90.3093999999983
10828,提高,88,0.0009,90.3084999999983
10829,音符,88,0.0009,90.3075999999983
10830,松,88,0.0009,90.3066999999983
10831,莫,88,0.0009,90.3156999999983
10832,翻滚,88,0.0009,90.3300999999983
10833,距,88,0.0009,90.3417999999983
10834,足足,88,0.0009,90.3426999999983
10835,通气,88,0.0009,90.3453999999983
10836,上来,88,0.0009,90.3444999999983
10837,雄壮,88,0.0009,90.3399999999983
10838,污水,88,0.0009,90.3462999999983
10839,石板,88,0.0009,90.3471999999983
10840,石,88,0.0009,90.3480999999983
10841,人马,88,0.0009,90.3489999999983
10842,面容,88,0.0009,90.3498999999983
10843,比拟,88,0.0009,90.3507999999983
10844,缀,88,0.0009,90.3435999999983
10845,便是,88,0.0009,90.3390999999983
10846,小溪,88,0.0009,90.3381999999983
10847,秀才,88,0.0009,90.3372999999983
10848,新郎,88,0.0009,90.3363999999983
10849,贾,88,0.0009,90.3354999999983
10850,疏,88,0.0009,90.3345999999983
10851,讨厌,88,0.0009,90.3336999999983
10852,崔,88,0.0009,90.3318999999983
10853,制图,88,0.0009,90.3282999999983
10854,揪,88,0.0009,90.3309999999983
10855,制备,88,0.0009,90.3408999999983
10856,解体,88,0.0009,90.3327999999983
10857,试行,88,0.0009,90.3264999999983
10858,桑,88,0.0009,90.2850999999982
10859,头子,88,0.0009,90.2814999999982
10860,一九四九,88,0.0009,90.2751999999982
10861,隋,88,0.0009,90.2787999999982
10862,长辈,88,0.0009,90.2778999999982
10863,脸孔,88,0.0009,90.2769999999982
10864,医,88,0.0009,90.2679999999982
10865,夜色,88,0.0009,90.2760999999982
10866,饰,88,0.0009,90.2823999999982
10867,售,88,0.0009,90.2742999999982
10868,笔墨,88,0.0009,90.2733999999982
10869,忌,88,0.0009,90.2724999999982
10870,日光,88,0.0009,90.2715999999982
10871,经济杠杆,88,0.0009,90.2625999999982
10872,刑事诉讼,88,0.0009,90.2634999999982
10873,高能,88,0.0009,90.2643999999982
10874,悲,88,0.0009,90.2652999999982
10875,共和,88,0.0009,90.2706999999982
10876,管理者,88,0.0009,90.2670999999982
10877,成天,88,0.0009,90.2616999999982
10878,针对性,88,0.0009,90.2661999999982
10879,弗洛伊德,88,0.0009,90.2688999999982
10880,频频,88,0.0009,90.2697999999982
10881,帕,88,0.0009,90.2796999999982
10882,炸药,88,0.0009,90.2949999999982
10883,脚上,88,0.0009,90.3039999999983
10884,浊,88,0.0009,90.3030999999983
10885,座谈,88,0.0009,90.3021999999983
10886,下放,88,0.0009,90.3012999999982
10887,千百万,88,0.0009,90.3003999999982
10888,外围,88,0.0009,90.2994999999982
10889,争执,88,0.0009,90.2985999999982
10890,口径,88,0.0009,90.2976999999982
10891,朴实,88,0.0009,90.2967999999982
10892,围攻,88,0.0009,90.2958999999982
10893,马克思主义者,88,0.0009,90.2832999999982
10894,通风,88,0.0009,90.2931999999982
10895,古今,88,0.0009,90.2940999999982
10896,宇航员,88,0.0009,90.2805999999982
10897,反,88,0.0009,90.3048999999983
10898,额头,88,0.0009,90.2922999999982
10899,形形色色,88,0.0009,90.2913999999982
10900,造福,88,0.0009,90.2841999999982
10901,密封,88,0.0009,90.2904999999982
10902,政协,88,0.0009,90.3246999999983
10903,裁判,88,0.0009,90.2895999999982
10904,放大镜,88,0.0009,90.2886999999982
10905,动荡,88,0.0009,90.2877999999982
10906,益,88,0.0009,90.2868999999982
10907,从属,88,0.0009,90.2859999999982
10908,坡度,87,0.0009,90.4083999999984
10909,变体,87,0.0009,90.4074999999984
10910,劳务,87,0.0009,90.4065999999984
10911,需要量,87,0.0009,90.4056999999984
10912,有希望,87,0.0009,90.4047999999984
10913,审,87,0.0009,90.4038999999984
10914,衬衫,87,0.0009,90.4029999999984
10915,何时,87,0.0009,90.4137999999984
10916,大火,87,0.0009,90.3921999999984
10917,集体主义,87,0.0009,90.4020999999984
10918,五年计划,87,0.0009,90.4011999999984
10919,减退,87,0.0009,90.4110999999984
10920,才行,87,0.0009,90.3993999999984
10921,反面,87,0.0009,90.3984999999984
10922,亚热带,87,0.0009,90.3975999999984
10923,韩,87,0.0009,90.3966999999984
10924,严谨,87,0.0009,90.3957999999984
10925,策划,87,0.0009,90.3948999999984
10926,盖上,87,0.0009,90.3939999999984
10927,史岱年,87,0.0009,90.3930999999984
10928,我们俩,87,0.0009,90.4002999999984
10929,雁,87,0.0009,90.4146999999984
10930,活塞,87,0.0009,90.4227999999984
10931,屋内,87,0.0009,90.4236999999984
10932,环境污染,87,0.0009,90.4281999999985
10933,风俗习惯,87,0.0009,90.4263999999985
10934,符,87,0.0009,90.4272999999985
10935,道歉,87,0.0009,90.4218999999984
10936,调配,87,0.0009,90.4290999999985
10937,才华,87,0.0009,90.4299999999985
10938,代表人物,87,0.0009,90.4308999999985
10939,揩,87,0.0009,90.4317999999985
10940,保定,87,0.0009,90.4254999999985
10941,难民,87,0.0009,90.4209999999984
10942,器械,87,0.0009,90.4200999999984
10943,较之,87,0.0009,90.4119999999984
10944,本科,87,0.0009,90.4182999999984
10945,野心,87,0.0009,90.4245999999984
10946,天亮,87,0.0009,90.4173999999984
10947,包,87,0.0009,90.4164999999984
10948,搅拌,87,0.0009,90.4155999999984
10949,得失,87,0.0009,90.4191999999984
10950,海浪,87,0.0009,90.4128999999984
10951,说不上,87,0.0009,90.3732999999984
10952,高处,87,0.0009,90.4092999999984
10953,助长,87,0.0009,90.4101999999984
10954,抵达,87,0.0009,90.3696999999984
10955,苗木,87,0.0009,90.3669999999984
10956,男子汉,87,0.0009,90.3660999999984
10957,磨损,87,0.0009,90.3651999999984
10958,检疫,87,0.0009,90.3579999999983
10959,门类,87,0.0009,90.3642999999984
10960,冷漠,87,0.0009,90.3705999999984
10961,希特勒,87,0.0009,90.3633999999984
10962,当晚,87,0.0009,90.3624999999983
10963,楼下,87,0.0009,90.3615999999983
10964,俘虏,87,0.0009,90.3543999999983
10965,慷慨,87,0.0009,90.3516999999983
10966,信奉,87,0.0009,90.3525999999983
10967,浮现,87,0.0009,90.3534999999983
10968,铺子,87,0.0009,90.3552999999983
10969,提议,87,0.0009,90.3561999999983
10970,不少,87,0.0009,90.3606999999983
10971,新房,87,0.0009,90.3570999999983
10972,济南,87,0.0009,90.3588999999983
10973,骑兵,87,0.0009,90.3597999999983
10974,聘请,87,0.0009,90.3678999999984
10975,拟定,87,0.0009,90.3822999999984
10976,河里,87,0.0009,90.3903999999984
10977,平行线,87,0.0009,90.3894999999984
10978,感冒,87,0.0009,90.3885999999984
10979,索泓一,87,0.0009,90.3876999999984
10980,千千万万,87,0.0009,90.3867999999984
10981,天敌,87,0.0009,90.3858999999984
10982,矩,87,0.0009,90.3849999999984
10983,大桥,87,0.0009,90.3840999999984
10984,继而,87,0.0009,90.3831999999984
10985,伴奏,87,0.0009,90.3714999999984
10986,游览,87,0.0009,90.3804999999984
10987,腐,87,0.0009,90.3813999999984
10988,音乐会,87,0.0009,90.3687999999984
10989,老二,87,0.0009,90.3912999999984
10990,抚养,87,0.0009,90.3795999999984
10991,哈尔滨,87,0.0009,90.3786999999984
10992,顶,87,0.0009,90.3777999999984
10993,总面积,87,0.0009,90.3768999999984
10994,铸,87,0.0009,90.3759999999984
10995,稻草,87,0.0009,90.3750999999984
10996,修订,87,0.0009,90.3741999999984
10997,历时,87,0.0009,90.3723999999984
10998,细腻,86,0.0009,90.4965999999986
10999,曲子,86,0.0009,90.4956999999986
11000,反感,86,0.0009,90.4947999999986
11001,捂,86,0.0009,90.4938999999986
11002,性子,86,0.0009,90.4929999999986
11003,茶杯,86,0.0009,90.4920999999986
11004,吉林,86,0.0009,90.4911999999986
11005,总共,86,0.0009,90.4614999999985
11006,期,86,0.0009,90.4902999999986
11007,窟,86,0.0009,90.4983999999986
11008,董,86,0.0009,90.4776999999985
11009,积雪,86,0.0009,90.4884999999986
11010,高贵,86,0.0009,90.5028999999986
11011,凿,86,0.0009,90.4992999999986
11012,不比,86,0.0009,90.4893999999986
11013,登陆,86,0.0009,90.4866999999985
11014,造反,86,0.0009,90.4857999999985
11015,叫起来,86,0.0009,90.4848999999985
11016,句法,86,0.0009,90.4839999999985
11017,取缔,86,0.0009,90.4830999999985
11018,吃亏,86,0.0009,90.4821999999985
11019,投影,86,0.0009,90.4812999999985
11020,乐趣,86,0.0009,90.4803999999985
11021,信中,86,0.0009,90.4794999999985
11022,开业,86,0.0009,90.4785999999985
11023,病原,86,0.0009,90.4875999999986
11024,灯火,86,0.0009,90.5037999999986
11025,价值观,86,0.0009,90.5127999999986
11026,软件,86,0.0009,90.5136999999986
11027,遍,86,0.0009,90.5154999999986
11028,棕色,86,0.0009,90.5118999999986
11029,太平,86,0.0009,90.5163999999986
11030,狂热,86,0.0009,90.5172999999986
11031,入伍,86,0.0009,90.5217999999986
11032,发酵,86,0.0009,90.5190999999986
11033,接着,86,0.0009,90.5199999999986
11034,轰动,86,0.0009,90.5208999999986
11035,收割,86,0.0009,90.5181999999986
11036,总得,86,0.0009,90.5109999999986
11037,胡说,86,0.0009,90.5100999999986
11038,岗,86,0.0009,90.5091999999986
11039,甲状腺,86,0.0009,90.5001999999986
11040,造出,86,0.0009,90.5073999999986
11041,篇幅,86,0.0009,90.5145999999986
11042,路边,86,0.0009,90.5064999999986
11043,化学元素,86,0.0009,90.5055999999986
11044,鳍,86,0.0009,90.5046999999986
11045,传给,86,0.0009,90.5082999999986
11046,十足,86,0.0009,90.5019999999986
11047,迟缓,86,0.0009,90.5010999999986
11048,远近,86,0.0009,90.4974999999986
11049,税率,86,0.0009,90.4560999999985
11050,微量,86,0.0009,90.4515999999985
11051,利,86,0.0009,90.4506999999985
11052,经络,86,0.0009,90.4542999999985
11053,择,86,0.0009,90.4497999999985
11054,生日,86,0.0009,90.4488999999985
11055,趴,86,0.0009,90.4479999999985
11056,外因,86,0.0009,90.4470999999985
11057,夏,86,0.0009,90.4461999999985
11058,极限,86,0.0009,90.4452999999985
11059,熟人,86,0.0009,90.4443999999985
11060,携,86,0.0009,90.4434999999985
11061,甘蔗,86,0.0009,90.4398999999985
11062,癌,86,0.0009,90.4353999999985
11063,甭,86,0.0009,90.4344999999985
11064,北风,86,0.0009,90.4362999999985
11065,佃,86,0.0009,90.4335999999985
11066,凌晨,86,0.0009,90.4326999999985
11067,话说,86,0.0009,90.4371999999985
11068,起劲,86,0.0009,90.4380999999985
11069,虐待,86,0.0009,90.4425999999985
11070,颤,86,0.0009,90.4389999999985
11071,李大钊,86,0.0009,90.4407999999985
11072,卡车,86,0.0009,90.4416999999985
11073,养蚕,86,0.0009,90.4524999999985
11074,航天,86,0.0009,90.4668999999985
11075,弊病,86,0.0009,90.4758999999985
11076,贵重,86,0.0009,90.4749999999985
11077,礁,86,0.0009,90.4740999999985
11078,内因,86,0.0009,90.4731999999985
11079,外延,86,0.0009,90.4722999999985
11080,生下,86,0.0009,90.4713999999985
11081,字眼,86,0.0009,90.4704999999985
11082,实,86,0.0009,90.4695999999985
11083,世,86,0.0009,90.4686999999985
11084,吃苦,86,0.0009,90.4677999999985
11085,无线电波,86,0.0009,90.4551999999985
11086,岁时,86,0.0009,90.4659999999985
11087,能手,86,0.0009,90.4767999999985
11088,磁带,86,0.0009,90.4641999999985
11089,主流,86,0.0009,90.4623999999985
11090,穿山甲,86,0.0009,90.4605999999985
11091,匆忙,86,0.0009,90.4596999999985
11092,洋人,86,0.0009,90.4587999999985
11093,文言,86,0.0009,90.4650999999985
11094,站起,86,0.0009,90.4578999999985
11095,定位,86,0.0009,90.4533999999985
11096,撰写,86,0.0009,90.4569999999985
11097,元代,86,0.0009,90.4632999999985
11098,哉,85,0.0009,90.5883999999987
11099,裙,85,0.0009,90.5874999999987
11100,予,85,0.0009,90.5865999999987
11101,选集,85,0.0009,90.5856999999987
11102,彩,85,0.0009,90.5847999999987
11103,选民,85,0.0009,90.5838999999987
11104,一定量,85,0.0009,90.5829999999987
11105,贮,85,0.0009,90.5820999999987
11106,相见,85,0.0009,90.5811999999987
11107,算盘,85,0.0009,90.5937999999987
11108,亮子,85,0.0009,90.5685999999987
11109,宾馆,85,0.0009,90.5802999999987
11110,低沉,85,0.0009,90.5793999999987
11111,气象学,85,0.0009,90.5910999999987
11112,细胞膜,85,0.0009,90.5775999999987
11113,北宋,85,0.0009,90.5766999999987
11114,夹角,85,0.0009,90.5757999999987
11115,不外,85,0.0009,90.5748999999987
11116,和气,85,0.0009,90.5739999999987
11117,体育活动,85,0.0009,90.5730999999987
11118,专著,85,0.0009,90.5721999999987
11119,正中,85,0.0009,90.5712999999987
11120,乳头,85,0.0009,90.5703999999987
11121,统一体,85,0.0009,90.5694999999987
11122,隆起,85,0.0009,90.5784999999987
11123,背包,85,0.0009,90.5946999999987
11124,液化,85,0.0009,90.6045999999987
11125,主干,85,0.0009,90.6054999999987
11126,波涛,85,0.0009,90.6090999999987
11127,做人,85,0.0009,90.6072999999987
11128,据此,85,0.0009,90.6081999999987
11129,伸向,85,0.0009,90.6036999999987
11130,含糊,85,0.0009,90.6099999999987
11131,湖水,85,0.0009,90.6108999999988
11132,电极,85,0.0009,90.6117999999988
11133,坐上,85,0.0009,90.6126999999988
11134,深知,85,0.0009,90.6135999999988
11135,历史性,85,0.0009,90.6144999999988
11136,内陆,85,0.0009,90.6027999999987
11137,炭,85,0.0009,90.6018999999987
11138,特质,85,0.0009,90.6009999999987
11139,创业,85,0.0009,90.6000999999987
11140,自尊心,85,0.0009,90.5919999999987
11141,草丛,85,0.0009,90.5982999999987
11142,讲完,85,0.0009,90.6063999999987
11143,谋生,85,0.0009,90.5973999999987
11144,打招呼,85,0.0009,90.5964999999987
11145,短促,85,0.0009,90.5955999999987
11146,性腺,85,0.0009,90.5991999999987
11147,进度,85,0.0009,90.5928999999987
11148,非要,85,0.0009,90.5892999999987
11149,驻地,85,0.0009,90.5469999999986
11150,蘑菇,85,0.0009,90.5406999999986
11151,老工人,85,0.0009,90.5433999999986
11152,头颅,85,0.0009,90.5451999999986
11153,第一次世界大战,85,0.0009,90.5397999999986
11154,现代人,85,0.0009,90.5901999999987
11155,扩,85,0.0009,90.5388999999986
11156,思想体系,85,0.0009,90.5379999999986
11157,掌柜,85,0.0009,90.5370999999986
11158,比方,85,0.0009,90.5361999999986
11159,评估,85,0.0009,90.5352999999986
11160,孕妇,85,0.0009,90.5343999999986
11161,兜,85,0.0009,90.5334999999986
11162,肚,85,0.0009,90.5325999999986
11163,计较,85,0.0009,90.5307999999986
11164,综合利用,85,0.0009,90.5226999999986
11165,会合,85,0.0009,90.5235999999986
11166,交点,85,0.0009,90.5244999999986
11167,腹腔,85,0.0009,90.5253999999986
11168,头儿,85,0.0009,90.5262999999986
11169,尼龙,85,0.0009,90.5316999999986
11170,付,85,0.0009,90.5280999999986
11171,追上,85,0.0009,90.5271999999986
11172,灯笼,85,0.0009,90.5298999999986
11173,平安,85,0.0009,90.5289999999986
11174,简易,85,0.0009,90.5415999999986
11175,哎哟,85,0.0009,90.5568999999987
11176,饲养员,85,0.0009,90.5667999999987
11177,方,85,0.0009,90.5658999999987
11178,邮电,85,0.0009,90.5649999999987
11179,被,85,0.0009,90.5640999999987
11180,淌,85,0.0009,90.5631999999987
11181,武装力量,85,0.0009,90.5622999999987
11182,延,85,0.0009,90.5613999999987
11183,汉,85,0.0009,90.5604999999987
11184,根据,85,0.0009,90.5595999999987
11185,图景,85,0.0009,90.5586999999987
11186,摸出,85,0.0009,90.5577999999987
11187,送进,85,0.0009,90.5442999999986
11188,中,85,0.0009,90.5559999999987
11189,没落,85,0.0009,90.5676999999987
11190,巴掌,85,0.0009,90.5541999999987
11191,升降,85,0.0009,90.5532999999987
11192,虫卵,85,0.0009,90.5523999999987
11193,攻克,85,0.0009,90.5514999999987
11194,襟,85,0.0009,90.5505999999987
11195,口吻,85,0.0009,90.5496999999987
11196,麦子,85,0.0009,90.5487999999986
11197,愚昧,85,0.0009,90.5478999999986
11198,全校,85,0.0009,90.5550999999987
11199,横行,85,0.0009,90.5460999999986
11200,高考,85,0.0009,90.5424999999986
11201,见识,84,0.0009,90.6423999999988
11202,栖,84,0.0009,90.6936999999989
11203,后,84,0.0009,90.6900999999989
11204,藏族,84,0.0009,90.6891999999989
11205,波段,84,0.0009,90.6801999999989
11206,翻开,84,0.0009,90.6882999999989
11207,合理性,84,0.0009,90.6873999999989
11208,吵架,84,0.0009,90.6864999999989
11209,魏晋,84,0.0009,90.6855999999989
11210,元帅,84,0.0009,90.6846999999989
11211,遵照,84,0.0009,90.6837999999989
11212,南非,84,0.0009,90.6828999999989
11213,四面八方,84,0.0009,90.6819999999989
11214,井冈山,84,0.0009,90.6810999999989
11215,四十五,84,0.0009,90.6675999999988
11216,点子,84,0.0009,90.6792999999989
11217,哑,84,0.0009,90.6918999999989
11218,射电,84,0.0009,90.6774999999989
11219,泪珠,84,0.0009,90.6765999999989
11220,段落,84,0.0009,90.6756999999989
11221,村落,84,0.0009,90.6747999999989
11222,祝福,84,0.0009,90.6738999999989
11223,丰富多彩,84,0.0009,90.6729999999989
11224,选育,84,0.0009,90.6720999999988
11225,现成的,84,0.0009,90.6711999999988
11226,摇摆,84,0.0009,90.6702999999988
11227,推迟,84,0.0009,90.6693999999988
11228,异样,84,0.0009,90.6684999999988
11229,党派,84,0.0009,90.6783999999989
11230,不得已,84,0.0009,90.6945999999989
11231,亭,84,0.0009,90.7089999999989
11232,鳞,84,0.0009,90.7071999999989
11233,负有,84,0.0009,90.7098999999989
11234,别处,84,0.0009,90.7062999999989
11235,功用,84,0.0009,90.7107999999989
11236,换来,84,0.0009,90.7116999999989
11237,令,84,0.0009,90.7170999999989
11238,播,84,0.0009,90.7125999999989
11239,续,84,0.0009,90.7134999999989
11240,教养,84,0.0009,90.7152999999989
11241,伤亡,84,0.0009,90.7161999999989
11242,繁华,84,0.0009,90.7179999999989
11243,灌木,84,0.0009,90.7143999999989
11244,灌输,84,0.0009,90.7080999999989
11245,着眼于,84,0.0009,90.7053999999989
11246,杆菌,84,0.0009,90.7044999999989
11247,回复,84,0.0009,90.7035999999989
11248,着想,84,0.0009,90.7026999999989
11249,战斗力,84,0.0009,90.7017999999989
11250,密码,84,0.0009,90.7008999999989
11251,眯,84,0.0009,90.6999999999989
11252,出场,84,0.0009,90.6990999999989
11253,讲演,84,0.0009,90.6981999999989
11254,有待,84,0.0009,90.6972999999989
11255,洁净,84,0.0009,90.6927999999989
11256,名为,84,0.0009,90.6963999999989
11257,上述,84,0.0009,90.6954999999989
11258,得救,84,0.0009,90.6909999999989
11259,接班人,84,0.0009,90.6432999999988
11260,正,84,0.0009,90.6378999999988
11261,荷,84,0.0009,90.6369999999988
11262,包子,84,0.0009,90.6405999999988
11263,落后,84,0.0009,90.6360999999988
11264,可喜,84,0.0009,90.6351999999988
11265,内能,84,0.0009,90.6342999999988
11266,虚心,84,0.0009,90.6333999999988
11267,擅自,84,0.0009,90.6324999999988
11268,尘土,84,0.0009,90.6315999999988
11269,下决心,84,0.0009,90.6306999999988
11270,信赖,84,0.0009,90.6297999999988
11271,潇洒,84,0.0009,90.6288999999988
11272,亲本,84,0.0009,90.6279999999988
11273,奶牛,84,0.0009,90.6252999999988
11274,颈部,84,0.0009,90.6180999999988
11275,周期,84,0.0009,90.6198999999988
11276,供不应求,84,0.0009,90.6162999999988
11277,汇,84,0.0009,90.6171999999988
11278,开朗,84,0.0009,90.6189999999988
11279,对岸,84,0.0009,90.6153999999988
11280,顾,84,0.0009,90.6207999999988
11281,改名,84,0.0009,90.6216999999988
11282,正月,84,0.0009,90.6225999999988
11283,趟,84,0.0009,90.6270999999988
11284,紧闭,84,0.0009,90.6234999999988
11285,鼻腔,84,0.0009,90.6261999999988
11286,蛙,84,0.0009,90.6243999999988
11287,推移,84,0.0009,90.6387999999988
11288,锁,84,0.0009,90.6549999999988
11289,钓鱼,84,0.0009,90.6657999999988
11290,好心,84,0.0009,90.6648999999988
11291,远东,84,0.0009,90.6639999999988
11292,政治经济学,84,0.0009,90.6630999999988
11293,故障,84,0.0009,90.6621999999988
11294,土改,84,0.0009,90.6612999999988
11295,纠缠,84,0.0009,90.6603999999988
11296,接见,84,0.0009,90.6594999999988
11297,农历,84,0.0009,90.6585999999988
11298,陡,84,0.0009,90.6576999999988
11299,饥,84,0.0009,90.6567999999988
11300,某部,84,0.0009,90.6558999999988
11301,交响乐,84,0.0009,90.6414999999988
11302,姥姥,84,0.0009,90.6540999999988
11303,水资源,84,0.0009,90.6666999999988
11304,上旬,84,0.0009,90.6522999999988
11305,诧异,84,0.0009,90.6513999999988
11306,城内,84,0.0009,90.6504999999988
11307,秀丽,84,0.0009,90.6495999999988
11308,终止,84,0.0009,90.6486999999988
11309,气概,84,0.0009,90.6477999999988
11310,鹤,84,0.0009,90.6468999999988
11311,现实性,84,0.0009,90.6459999999988
11312,正直,84,0.0009,90.6531999999988
11313,舌尖,84,0.0009,90.6450999999988
11314,下跌,84,0.0009,90.6441999999988
11315,雨量,84,0.0009,90.6396999999988
11316,旁人,83,0.0009,90.787299999999
11317,此等,83,0.0009,90.778299999999
11318,媒,83,0.0009,90.785499999999
11319,花芽,83,0.0009,90.784599999999
11320,回声,83,0.0009,90.783699999999
11321,执政,83,0.0009,90.782799999999
11322,灰,83,0.0009,90.781899999999
11323,谷子,83,0.0009,90.780999999999
11324,礼堂,83,0.0009,90.780099999999
11325,片面性,83,0.0009,90.779199999999
11326,市里,83,0.0009,90.765699999999
11327,笨重,83,0.0009,90.777399999999
11328,洗涤,83,0.0009,90.789099999999
11329,引诱,83,0.0009,90.775599999999
11330,情愿,83,0.0009,90.774699999999
11331,百分比,83,0.0009,90.773799999999
11332,岩层,83,0.0009,90.772899999999
11333,纵横,83,0.0009,90.771999999999
11334,社会党,83,0.0009,90.771099999999
11335,反作用,83,0.0009,90.770199999999
11336,翘,83,0.0009,90.769299999999
11337,滴入,83,0.0009,90.768399999999
11338,录音机,83,0.0009,90.767499999999
11339,可见光,83,0.0009,90.766599999999
11340,地名,83,0.0009,90.776499999999
11341,幽,83,0.0009,90.790899999999
11342,领导权,83,0.0009,90.8007999999991
11343,羽,83,0.0009,90.8034999999991
11344,世袭,83,0.0009,90.8106999999991
11345,老兵,83,0.0009,90.8043999999991
11346,芭蕾舞,83,0.0009,90.8052999999991
11347,猿人,83,0.0009,90.8061999999991
11348,天山,83,0.0009,90.8070999999991
11349,过失,83,0.0009,90.8079999999991
11350,唱腔,83,0.0009,90.8088999999991
11351,收成,83,0.0009,90.8097999999991
11352,拯救,83,0.0009,90.8025999999991
11353,心头,83,0.0009,90.7998999999991
11354,玻璃窗,83,0.0009,90.7989999999991
11355,老大爷,83,0.0009,90.7980999999991
11356,刚好,83,0.0009,90.7971999999991
11357,能动性,83,0.0009,90.7962999999991
11358,优待,83,0.0009,90.789999999999
11359,封建制,83,0.0009,90.794499999999
11360,铁矿,83,0.0009,90.8016999999991
11361,权势,83,0.0009,90.793599999999
11362,蚀,83,0.0009,90.792699999999
11363,占地,83,0.0009,90.791799999999
11364,有机,83,0.0009,90.743199999999
11365,瞟,83,0.0009,90.795399999999
11366,贪污,83,0.0009,90.788199999999
11367,母鸡,83,0.0009,90.786399999999
11368,起义军,83,0.0009,90.744099999999
11369,陆上,83,0.0009,90.740499999999
11370,干嘛,83,0.0009,90.7332999999989
11371,卖国,83,0.0009,90.737799999999
11372,棍,83,0.0009,90.736899999999
11373,武术,83,0.0009,90.735999999999
11374,新年,83,0.0009,90.735099999999
11375,贫血,83,0.0009,90.7269999999989
11376,整体性,83,0.0009,90.7341999999989
11377,奔驰,83,0.0009,90.741399999999
11378,捣,83,0.0009,90.7323999999989
11379,大口,83,0.0009,90.7314999999989
11380,后生,83,0.0009,90.7305999999989
11381,病症,83,0.0009,90.7197999999989
11382,曲调,83,0.0009,90.7206999999989
11383,关门,83,0.0009,90.7215999999989
11384,莲花,83,0.0009,90.7224999999989
11385,剿,83,0.0009,90.7233999999989
11386,沉痛,83,0.0009,90.7296999999989
11387,没见,83,0.0009,90.7251999999989
11388,手持,83,0.0009,90.7188999999989
11389,金色,83,0.0009,90.7260999999989
11390,不见得,83,0.0009,90.7242999999989
11391,肥大,83,0.0009,90.7278999999989
11392,课文,83,0.0009,90.7287999999989
11393,规范化,83,0.0009,90.738699999999
11394,宾语,83,0.0009,90.753999999999
11395,拽,83,0.0009,90.763899999999
11396,兴致,83,0.0009,90.762999999999
11397,自私,83,0.0009,90.762099999999
11398,天赋,83,0.0009,90.761199999999
11399,佛像,83,0.0009,90.760299999999
11400,美德,83,0.0009,90.759399999999
11401,侧,83,0.0009,90.758499999999
11402,谬论,83,0.0009,90.757599999999
11403,盘,83,0.0009,90.756699999999
11404,战前,83,0.0009,90.755799999999
11405,左脚,83,0.0009,90.754899999999
11406,当过,83,0.0009,90.742299999999
11407,第三世界,83,0.0009,90.752199999999
11408,决定论,83,0.0009,90.753099999999
11409,马铃薯,83,0.0009,90.739599999999
11410,看不起,83,0.0009,90.764799999999
11411,欢,83,0.0009,90.751299999999
11412,酒杯,83,0.0009,90.750399999999
11413,宰相,83,0.0009,90.749499999999
11414,保障,83,0.0009,90.748599999999
11415,乡镇,83,0.0009,90.747699999999
11416,总司令,83,0.0009,90.746799999999
11417,审议,83,0.0009,90.745899999999
11418,年月,83,0.0009,90.744999999999
11419,电站,82,0.0009,90.8772999999992
11420,塞进,82,0.0009,90.8763999999992
11421,或多或少,82,0.0009,90.8358999999991
11422,营造,82,0.0009,90.8754999999992
11423,住处,82,0.0009,90.8790999999992
11424,纸张,82,0.0009,90.8745999999992
11425,结晶,82,0.0009,90.8736999999992
11426,夕阳,82,0.0009,90.8727999999992
11427,盲目性,82,0.0009,90.8718999999992
11428,比率,82,0.0009,90.8835999999992
11429,看做,82,0.0009,90.8709999999992
11430,反攻,82,0.0009,90.8700999999992
11431,南洋,82,0.0009,90.8583999999992
11432,直属,82,0.0009,90.8691999999992
11433,到时候,82,0.0009,90.8799999999992
11434,中介,82,0.0009,90.8673999999992
11435,镰刀,82,0.0009,90.8664999999992
11436,举止,82,0.0009,90.8655999999992
11437,爱好者,82,0.0009,90.8646999999992
11438,指纹,82,0.0009,90.8637999999992
11439,一九五二,82,0.0009,90.8628999999992
11440,不只,82,0.0009,90.8619999999992
11441,克制,82,0.0009,90.8610999999992
11442,讲座,82,0.0009,90.8601999999992
11443,报仇,82,0.0009,90.8592999999992
11444,陈独秀,82,0.0009,90.8682999999992
11445,仿佛,82,0.0009,90.8844999999992
11446,觉醒,82,0.0009,90.8934999999992
11447,采矿,82,0.0009,90.8943999999992
11448,事儿,82,0.0009,90.8952999999992
11449,大局,82,0.0009,90.8970999999992
11450,贯串,82,0.0009,90.8925999999992
11451,膝盖,82,0.0009,90.8988999999992
11452,也就是说,82,0.0009,90.8997999999992
11453,瘫痪,82,0.0009,90.9006999999992
11454,样,82,0.0009,90.9015999999992
11455,被,82,0.0009,90.9024999999992
11456,空地,82,0.0009,90.9033999999992
11457,嗜,82,0.0009,90.8979999999992
11458,攻势,82,0.0009,90.8916999999992
11459,胜任,82,0.0009,90.8907999999992
11460,抵押,82,0.0009,90.8898999999992
11461,不得了,82,0.0009,90.8889999999992
11462,法兰西,82,0.0009,90.8808999999992
11463,反问,82,0.0009,90.8880999999992
11464,形式主义,82,0.0009,90.8961999999992
11465,工钱,82,0.0009,90.8871999999992
11466,天津市,82,0.0009,90.8862999999992
11467,抓着,82,0.0009,90.8853999999992
11468,鼓起,82,0.0009,90.8826999999992
11469,富强,82,0.0009,90.8817999999992
11470,查出,82,0.0009,90.8781999999992
11471,三万,82,0.0009,90.8367999999991
11472,用法,82,0.0009,90.8331999999991
11473,石墨,82,0.0009,90.8313999999991
11474,门户,82,0.0009,90.8340999999991
11475,更为,82,0.0009,90.8295999999991
11476,鱼群,82,0.0009,90.8286999999991
11477,心跳,82,0.0009,90.8277999999991
11478,息,82,0.0009,90.8268999999991
11479,缓解,82,0.0009,90.8259999999991
11480,丧,82,0.0009,90.8250999999991
11481,分子量,82,0.0009,90.8241999999991
11482,代,82,0.0009,90.8232999999991
11483,槐树,82,0.0009,90.8223999999991
11484,崖,82,0.0009,90.8205999999991
11485,燕子,82,0.0009,90.8133999999991
11486,旨,82,0.0009,90.8142999999991
11487,植被,82,0.0009,90.8151999999991
11488,古怪,82,0.0009,90.8124999999991
11489,那末,82,0.0009,90.8160999999991
11490,结了,82,0.0009,90.8169999999991
11491,目的地,82,0.0009,90.8178999999991
11492,更是,82,0.0009,90.8187999999991
11493,破旧,82,0.0009,90.8214999999991
11494,病员,82,0.0009,90.8196999999991
11495,少不了,82,0.0009,90.8115999999991
11496,察看,82,0.0009,90.8304999999991
11497,嗳,82,0.0009,90.8466999999991
11498,直射,82,0.0009,90.8565999999991
11499,穆斯林,82,0.0009,90.8556999999991
11500,下场,82,0.0009,90.8547999999991
11501,弯腰,82,0.0009,90.8538999999991
11502,灾,82,0.0009,90.8529999999991
11503,第一线,82,0.0009,90.8520999999991
11504,通往,82,0.0009,90.8511999999991
11505,习惯于,82,0.0009,90.8502999999991
11506,光度,82,0.0009,90.8493999999991
11507,帮,82,0.0009,90.8448999999991
11508,菊,82,0.0009,90.8475999999991
11509,打好,82,0.0009,90.8322999999991
11510,办事处,82,0.0009,90.8349999999991
11511,载,82,0.0009,90.8457999999991
11512,产出,82,0.0009,90.8574999999991
11513,一二,82,0.0009,90.8439999999991
11514,盐水,82,0.0009,90.8430999999991
11515,正值,82,0.0009,90.8421999999991
11516,信件,82,0.0009,90.8412999999991
11517,一时,82,0.0009,90.8403999999991
11518,掠,82,0.0009,90.8394999999991
11519,声乐,82,0.0009,90.8385999999991
11520,没有用,82,0.0009,90.8376999999991
11521,训练班,82,0.0009,90.8484999999991
11522,荡,81,0.0008,90.9737999999991
11523,草场,81,0.0008,90.9681999999991
11524,无权,81,0.0008,90.9689999999991
11525,半数,81,0.0008,90.9697999999991
11526,瞧不起,81,0.0008,90.9705999999991
11527,杂种,81,0.0008,90.978599999999
11528,寄来,81,0.0008,90.9721999999991
11529,夸奖,81,0.0008,90.9393999999991
11530,正统,81,0.0008,90.980199999999
11531,行进,81,0.0008,90.9673999999991
11532,罐头,81,0.0008,90.977799999999
11533,司法机关,81,0.0008,90.9745999999991
11534,流经,81,0.0008,90.9753999999991
11535,是以,81,0.0008,90.9761999999991
11536,精巧,81,0.0008,90.9769999999991
11537,祈祷,81,0.0008,90.9545999999991
11538,机会主义,81,0.0008,90.9729999999991
11539,平滑,81,0.0008,90.9713999999991
11540,以至于,81,0.0008,90.9649999999991
11541,雄蕊,81,0.0008,90.9641999999991
11542,禅,81,0.0008,90.9633999999991
11543,印,81,0.0008,90.9625999999991
11544,阵,81,0.0008,90.9617999999991
11545,军装,81,0.0008,90.9609999999991
11546,引水,81,0.0008,90.9601999999991
11547,炼丹,81,0.0008,90.9593999999991
11548,倔强,81,0.0008,90.9585999999991
11549,敌我,81,0.0008,90.9577999999991
11550,白洁,81,0.0008,90.9569999999991
11551,坦率,81,0.0008,90.9561999999991
11552,烧毁,81,0.0008,90.9553999999991
11553,反常,81,0.0008,90.9657999999991
11554,毫无疑问,81,0.0008,90.980999999999
11555,堵住,81,0.0008,90.992199999999
11556,南方,81,0.0008,90.992999999999
11557,冲洗,81,0.0008,90.995399999999
11558,元件,81,0.0008,90.996199999999
11559,色泽,81,0.0008,90.991399999999
11560,开出,81,0.0008,90.996999999999
11561,於,81,0.0008,90.997799999999
11562,用意,81,0.0008,91.002599999999
11563,地址,81,0.0008,90.999399999999
11564,前肢,81,0.0008,91.001799999999
11565,启蒙,81,0.0008,90.998599999999
11566,守卫,81,0.0008,91.003399999999
11567,委任,81,0.0008,91.000999999999
11568,思想性,81,0.0008,91.000199999999
11569,折断,81,0.0008,90.994599999999
11570,目的性,81,0.0008,90.990599999999
11571,捕获,81,0.0008,90.989799999999
11572,免除,81,0.0008,90.988999999999
11573,全然,81,0.0008,90.988199999999
11574,圆满,81,0.0008,90.987399999999
11575,潜水,81,0.0008,90.986599999999
11576,引人注目,81,0.0008,90.985799999999
11577,保佑,81,0.0008,90.979399999999
11578,楞,81,0.0008,90.984199999999
11579,遇着,81,0.0008,90.993799999999
11580,尽头,81,0.0008,90.983399999999
11581,神气,81,0.0008,90.982599999999
11582,收复,81,0.0008,90.981799999999
11583,顾及,81,0.0008,90.984999999999
11584,鬼神,81,0.0008,90.9665999999991
11585,姚,81,0.0008,90.9401999999991
11586,渤海,81,0.0008,90.9185999999992
11587,有理,81,0.0008,90.9193999999992
11588,茅草,81,0.0008,90.9129999999992
11589,硬是,81,0.0008,90.9201999999992
11590,激战,81,0.0008,90.9209999999992
11591,公共汽车,81,0.0008,90.9281999999992
11592,筛选,81,0.0008,90.9217999999992
11593,入睡,81,0.0008,90.9161999999992
11594,淮河,81,0.0008,90.9233999999992
11595,门市部,81,0.0008,90.9241999999992
11596,汗珠,81,0.0008,90.9249999999992
11597,孢,81,0.0008,90.9257999999992
11598,防守,81,0.0008,90.9265999999992
11599,严禁,81,0.0008,90.9273999999992
11600,引到,81,0.0008,90.9225999999992
11601,世人,81,0.0008,90.9145999999992
11602,任,81,0.0008,90.9049999999992
11603,班子,81,0.0008,90.9057999999992
11604,抗原,81,0.0008,90.9065999999992
11605,资本论,81,0.0008,90.9073999999992
11606,徐州,81,0.0008,90.9081999999992
11607,慌乱,81,0.0008,90.9089999999992
11608,出嫁,81,0.0008,90.9153999999992
11609,无边,81,0.0008,90.9041999999992
11610,通货膨胀,81,0.0008,90.9097999999992
11611,脸蛋,81,0.0008,90.9137999999992
11612,政委,81,0.0008,90.9113999999992
11613,正确性,81,0.0008,90.9121999999992
11614,直奔,81,0.0008,90.9105999999992
11615,大喊,81,0.0008,90.9177999999992
11616,对抗性,81,0.0008,90.9481999999991
11617,一事,81,0.0008,90.9425999999991
11618,交易所,81,0.0008,90.9433999999991
11619,各行各业,81,0.0008,90.9441999999991
11620,埋藏,81,0.0008,90.9449999999991
11621,黑猩猩,81,0.0008,90.9457999999991
11622,供销,81,0.0008,90.9537999999991
11623,飞过,81,0.0008,90.9473999999991
11624,第三者,81,0.0008,90.9417999999991
11625,中队,81,0.0008,90.9489999999991
11626,分得,81,0.0008,90.9497999999991
11627,供销社,81,0.0008,90.9505999999991
11628,生怕,81,0.0008,90.9513999999991
11629,插进,81,0.0008,90.9521999999991
11630,比值,81,0.0008,90.9529999999991
11631,戳,81,0.0008,90.9353999999991
11632,总书记,81,0.0008,90.9337999999992
11633,嗅觉,81,0.0008,90.9465999999991
11634,黑点,81,0.0008,90.9305999999992
11635,史诗,81,0.0008,90.9313999999992
11636,宽广,81,0.0008,90.9321999999992
11637,雷雨,81,0.0008,90.9329999999992
11638,成才,81,0.0008,90.9409999999991
11639,集镇,81,0.0008,90.9345999999992
11640,经济信息,81,0.0008,90.9297999999992
11641,动听,81,0.0008,90.9289999999992
11642,搜,81,0.0008,90.9169999999992
11643,额上,81,0.0008,90.9361999999991
11644,黑洞,81,0.0008,90.9369999999991
11645,学习,81,0.0008,90.9377999999991
11646,学习者,81,0.0008,90.9385999999991
11647,兴致勃勃,80,0.0008,91.0553999999989
11648,用量,80,0.0008,91.0545999999989
11649,万万,80,0.0008,91.0537999999989
11650,根本性,80,0.0008,91.0529999999989
11651,就地,80,0.0008,91.0609999999989
11652,突围,80,0.0008,91.0521999999989
11653,人民解放军,80,0.0008,91.0497999999989
11654,青色,80,0.0008,91.0513999999989
11655,女王,80,0.0008,91.0505999999989
11656,技法,80,0.0008,91.0401999999989
11657,乐,80,0.0008,91.0489999999989
11658,惰性,80,0.0008,91.0577999999989
11659,告诫,80,0.0008,91.0473999999989
11660,驮,80,0.0008,91.0465999999989
11661,断绝,80,0.0008,91.0457999999989
11662,迈进,80,0.0008,91.0449999999989
11663,舅,80,0.0008,91.0441999999989
11664,流星,80,0.0008,91.0433999999989
11665,推到,80,0.0008,91.0425999999989
11666,派,80,0.0008,91.0417999999989
11667,下巴,80,0.0008,91.0409999999989
11668,基本粒子,80,0.0008,91.0481999999989
11669,析出,80,0.0008,91.0617999999989
11670,反应堆,80,0.0008,91.0705999999988
11671,凶手,80,0.0008,91.0689999999988
11672,碉堡,80,0.0008,91.0713999999988
11673,常,80,0.0008,91.0729999999988
11674,赶走,80,0.0008,91.0721999999988
11675,声中,80,0.0008,91.0673999999988
11676,一来,80,0.0008,91.0737999999988
11677,忙于,80,0.0008,91.0745999999988
11678,渔船,80,0.0008,91.0753999999988
11679,血清,80,0.0008,91.0761999999988
11680,罩,80,0.0008,91.0697999999988
11681,栏杆,80,0.0008,91.0665999999988
11682,抗旱,80,0.0008,91.0657999999988
11683,归还,80,0.0008,91.0649999999988
11684,锣,80,0.0008,91.0641999999988
11685,嘴上,80,0.0008,91.0585999999989
11686,满身,80,0.0008,91.0633999999989
11687,宜,80,0.0008,91.0681999999988
11688,门路,80,0.0008,91.0625999999989
11689,无名,80,0.0008,91.0601999999989
11690,忧,80,0.0008,91.0593999999989
11691,不无,80,0.0008,91.0561999999989
11692,湾,80,0.0008,91.0225999999989
11693,比如说,80,0.0008,91.020199999999
11694,此次,80,0.0008,91.0569999999989
11695,道具,80,0.0008,91.017799999999
11696,教书,80,0.0008,91.016999999999
11697,专职,80,0.0008,91.010599999999
11698,熊熊,80,0.0008,91.016199999999
11699,驾驭,80,0.0008,91.0209999999989
11700,侵袭,80,0.0008,91.015399999999
11701,深思,80,0.0008,91.014599999999
11702,小汽车,80,0.0008,91.013799999999
11703,舔,80,0.0008,91.012999999999
11704,何尝,80,0.0008,91.008999999999
11705,过时,80,0.0008,91.004199999999
11706,图腾,80,0.0008,91.004999999999
11707,势头,80,0.0008,91.005799999999
11708,起步,80,0.0008,91.012199999999
11709,粗大,80,0.0008,91.007399999999
11710,裸露,80,0.0008,91.008199999999
11711,渔场,80,0.0008,91.006599999999
11712,捣乱,80,0.0008,91.011399999999
11713,外部,80,0.0008,91.009799999999
11714,自然规律,80,0.0008,91.018599999999
11715,艺术性,80,0.0008,91.0313999999989
11716,朝,80,0.0008,91.0385999999989
11717,捅,80,0.0008,91.0377999999989
11718,陶,80,0.0008,91.0369999999989
11719,姓氏,80,0.0008,91.0361999999989
11720,洋流,80,0.0008,91.0353999999989
11721,顺应,80,0.0008,91.0345999999989
11722,饭馆,80,0.0008,91.0337999999989
11723,昨夜,80,0.0008,91.0329999999989
11724,禾,80,0.0008,91.0321999999989
11725,麻痹,80,0.0008,91.0217999999989
11726,切割,80,0.0008,91.0305999999989
11727,尖端,80,0.0008,91.0393999999989
11728,乙炔,80,0.0008,91.0297999999989
11729,首相,80,0.0008,91.0289999999989
11730,辨证,80,0.0008,91.019399999999
11731,农会,80,0.0008,91.0281999999989
11732,电话铃,80,0.0008,91.0273999999989
11733,银子,80,0.0008,91.0265999999989
11734,锄头,80,0.0008,91.0257999999989
11735,释,80,0.0008,91.0249999999989
11736,原生,80,0.0008,91.0241999999989
11737,推导,80,0.0008,91.0233999999989
11738,火灾,79,0.0008,91.1433999999987
11739,出神,79,0.0008,91.1441999999987
11740,开到,79,0.0008,91.1649999999986
11741,电池组,79,0.0008,91.1449999999987
11742,矿石,79,0.0008,91.1473999999987
11743,高超,79,0.0008,91.1529999999986
11744,七百,79,0.0008,91.1465999999987
11745,七五,79,0.0008,91.1409999999987
11746,母猪,79,0.0008,91.1481999999987
11747,近乎,79,0.0008,91.1489999999987
11748,侦探,79,0.0008,91.1497999999986
11749,扳,79,0.0008,91.1505999999986
11750,条文,79,0.0008,91.1137999999987
11751,评定,79,0.0008,91.1513999999986
11752,手下,79,0.0008,91.1425999999987
11753,案子,79,0.0008,91.1521999999986
11754,友爱,79,0.0008,91.1345999999987
11755,愤慨,79,0.0008,91.1329999999987
11756,吆喝,79,0.0008,91.1457999999987
11757,笔,79,0.0008,91.1297999999987
11758,国营农场,79,0.0008,91.1305999999987
11759,哥白尼,79,0.0008,91.1313999999987
11760,绝缘,79,0.0008,91.1321999999987
11761,原野,79,0.0008,91.1401999999987
11762,情人,79,0.0008,91.1337999999987
11763,富,79,0.0008,91.1281999999987
11764,银幕,79,0.0008,91.1353999999987
11765,前者,79,0.0008,91.1361999999987
11766,然,79,0.0008,91.1369999999987
11767,谴责,79,0.0008,91.1377999999987
11768,份,79,0.0008,91.1385999999987
11769,词句,79,0.0008,91.1393999999987
11770,警,79,0.0008,91.1289999999987
11771,沿用,79,0.0008,91.1641999999986
11772,织布,79,0.0008,91.1697999999986
11773,派来,79,0.0008,91.1673999999986
11774,报考,79,0.0008,91.1689999999986
11775,沉吟,79,0.0008,91.1705999999986
11776,气血,79,0.0008,91.1665999999986
11777,笔直,79,0.0008,91.1713999999986
11778,渊源,79,0.0008,91.1721999999986
11779,舰队,79,0.0008,91.1777999999986
11780,共存,79,0.0008,91.1729999999986
11781,定价,79,0.0008,91.1737999999986
11782,予,79,0.0008,91.1753999999986
11783,竖起,79,0.0008,91.1761999999986
11784,订立,79,0.0008,91.1769999999986
11785,旁的,79,0.0008,91.1785999999986
11786,乡长,79,0.0008,91.1745999999986
11787,收藏,79,0.0008,91.1681999999986
11788,刀子,79,0.0008,91.1585999999986
11789,目录,79,0.0008,91.1545999999986
11790,共青团,79,0.0008,91.1553999999986
11791,珊瑚,79,0.0008,91.1561999999986
11792,跟上,79,0.0008,91.1569999999986
11793,前辈,79,0.0008,91.1577999999986
11794,先行,79,0.0008,91.1657999999986
11795,物象,79,0.0008,91.1593999999986
11796,白话,79,0.0008,91.1537999999986
11797,小商品,79,0.0008,91.1609999999986
11798,啪,79,0.0008,91.1601999999986
11799,虫子,79,0.0008,91.1617999999986
11800,缕,79,0.0008,91.1625999999986
11801,没关系,79,0.0008,91.1633999999986
11802,赶回,79,0.0008,91.1417999999987
11803,梦境,79,0.0008,91.1049999999988
11804,指战员,79,0.0008,91.0921999999988
11805,施展,79,0.0008,91.0929999999988
11806,困苦,79,0.0008,91.0937999999988
11807,文天祥,79,0.0008,91.1017999999988
11808,煤油,79,0.0008,91.0865999999988
11809,动乱,79,0.0008,91.0953999999988
11810,好感,79,0.0008,91.0945999999988
11811,白光,79,0.0008,91.0897999999988
11812,乳汁,79,0.0008,91.0969999999988
11813,伽利略,79,0.0008,91.0977999999988
11814,保健,79,0.0008,91.0985999999988
11815,装进,79,0.0008,91.0993999999988
11816,经济作物,79,0.0008,91.1001999999988
11817,饶,79,0.0008,91.1009999999988
11818,组建,79,0.0008,91.0961999999988
11819,浸润,79,0.0008,91.0857999999988
11820,按钮,79,0.0008,91.0785999999988
11821,扁担,79,0.0008,91.0777999999988
11822,录取,79,0.0008,91.0769999999988
11823,航运,79,0.0008,91.0809999999988
11824,傍,79,0.0008,91.0793999999988
11825,切除,79,0.0008,91.0801999999988
11826,要命,79,0.0008,91.0817999999988
11827,合营,79,0.0008,91.0825999999988
11828,北美洲,79,0.0008,91.0889999999988
11829,大肆,79,0.0008,91.0833999999988
11830,莲子,79,0.0008,91.0841999999988
11831,公馆,79,0.0008,91.0849999999988
11832,粤,79,0.0008,91.0873999999988
11833,拾起,79,0.0008,91.0881999999988
11834,郭沫若,79,0.0008,91.0913999999988
11835,后门,79,0.0008,91.1217999999987
11836,购进,79,0.0008,91.1161999999987
11837,林中,79,0.0008,91.1169999999987
11838,记下,79,0.0008,91.1177999999987
11839,纵,79,0.0008,91.1185999999987
11840,放映,79,0.0008,91.1193999999987
11841,姜,79,0.0008,91.1273999999987
11842,扮,79,0.0008,91.1209999999987
11843,衬衣,79,0.0008,91.1153999999987
11844,本位,79,0.0008,91.1225999999987
11845,短缺,79,0.0008,91.1233999999987
11846,正当,79,0.0008,91.1241999999987
11847,宪兵,79,0.0008,91.1249999999987
11848,胡同,79,0.0008,91.1257999999987
11849,原告,79,0.0008,91.1265999999987
11850,愚蠢,79,0.0008,91.1089999999987
11851,孤,79,0.0008,91.1073999999987
11852,射到,79,0.0008,91.1041999999988
11853,恰巧,79,0.0008,91.1057999999988
11854,大脑皮层,79,0.0008,91.1033999999988
11855,吸水,79,0.0008,91.1065999999987
11856,空,79,0.0008,91.0905999999988
11857,无言,79,0.0008,91.1145999999987
11858,老爷爷,79,0.0008,91.1081999999987
11859,统制,79,0.0008,91.1025999999988
11860,感性认识,79,0.0008,91.1097999999987
11861,腭,79,0.0008,91.1105999999987
11862,生效,79,0.0008,91.1113999999987
11863,竖直,79,0.0008,91.1121999999987
11864,口中,79,0.0008,91.1129999999987
11865,至多,79,0.0008,91.1201999999987
11866,钓,78,0.0008,91.2441999999984
11867,古巴,78,0.0008,91.2465999999984
11868,敷,78,0.0008,91.2425999999984
11869,巡视,78,0.0008,91.2345999999985
11870,医治,78,0.0008,91.2409999999984
11871,油菜,78,0.0008,91.2401999999984
11872,文凭,78,0.0008,91.2393999999984
11873,压倒,78,0.0008,91.2385999999984
11874,池水,78,0.0008,91.2377999999984
11875,揭,78,0.0008,91.2369999999984
11876,绵羊,78,0.0008,91.2361999999984
11877,礼仪,78,0.0008,91.2353999999984
11878,俄语,78,0.0008,91.2233999999985
11879,发泄,78,0.0008,91.2337999999985
11880,走下,78,0.0008,91.2449999999984
11881,床前,78,0.0008,91.2321999999985
11882,生态学,78,0.0008,91.2313999999985
11883,考证,78,0.0008,91.2305999999985
11884,丢掉,78,0.0008,91.2297999999985
11885,矢量,78,0.0008,91.2289999999985
11886,下次,78,0.0008,91.2281999999985
11887,辩,78,0.0008,91.2273999999985
11888,不忍,78,0.0008,91.2265999999985
11889,文书,78,0.0008,91.2257999999985
11890,国营,78,0.0008,91.2249999999985
11891,绝,78,0.0008,91.2241999999985
11892,热力,78,0.0008,91.2329999999985
11893,血迹,78,0.0008,91.2473999999984
11894,遍及,78,0.0008,91.2609999999984
11895,技术革新,78,0.0008,91.2585999999984
11896,原子弹,78,0.0008,91.2577999999984
11897,通入,78,0.0008,91.2617999999984
11898,流下,78,0.0008,91.2593999999984
11899,轮到,78,0.0008,91.2569999999984
11900,根部,78,0.0008,91.2625999999984
11901,星期六,78,0.0008,91.2633999999984
11902,杯子,78,0.0008,91.2641999999984
11903,禅宗,78,0.0008,91.2649999999984
11904,威严,78,0.0008,91.2657999999984
11905,徐徐,78,0.0008,91.2665999999984
11906,个人主义,78,0.0008,91.2601999999984
11907,终日,78,0.0008,91.2561999999984
11908,总任务,78,0.0008,91.2553999999984
11909,字样,78,0.0008,91.2545999999984
11910,高粱,78,0.0008,91.2537999999984
11911,抽象思维,78,0.0008,91.2529999999984
11912,艰辛,78,0.0008,91.2521999999984
11913,翻腾,78,0.0008,91.2513999999984
11914,当儿,78,0.0008,91.2017999999985
11915,附属,78,0.0008,91.2505999999984
11916,表格,78,0.0008,91.2433999999984
11917,血汗,78,0.0008,91.2497999999984
11918,广东省,78,0.0008,91.2457999999984
11919,辣,78,0.0008,91.2489999999984
11920,做生意,78,0.0008,91.2481999999984
11921,专心,78,0.0008,91.2417999999984
11922,接通,78,0.0008,91.2025999999985
11923,排练,78,0.0008,91.1993999999985
11924,拿破仑,78,0.0008,91.1937999999985
11925,明知,78,0.0008,91.1969999999985
11926,消防,78,0.0008,91.1961999999985
11927,鲜红,78,0.0008,91.1953999999985
11928,盘旋,78,0.0008,91.1865999999986
11929,疾,78,0.0008,91.1945999999985
11930,取胜,78,0.0008,91.2001999999985
11931,蜗牛,78,0.0008,91.1929999999985
11932,缕,78,0.0008,91.1921999999986
11933,河岸,78,0.0008,91.1913999999986
11934,士大夫,78,0.0008,91.1905999999986
11935,警长,78,0.0008,91.1897999999986
11936,首届,78,0.0008,91.1801999999986
11937,区内,78,0.0008,91.1809999999986
11938,出力,78,0.0008,91.1817999999986
11939,海港,78,0.0008,91.1825999999986
11940,斩,78,0.0008,91.1833999999986
11941,电梯,78,0.0008,91.1841999999986
11942,师资,78,0.0008,91.1889999999986
11943,下垂,78,0.0008,91.1857999999986
11944,扬州,78,0.0008,91.1793999999986
11945,为人,78,0.0008,91.1849999999986
11946,为宜,78,0.0008,91.1873999999986
11947,塑像,78,0.0008,91.1881999999986
11948,金属元素,78,0.0008,91.1977999999985
11949,必要性,78,0.0008,91.2121999999985
11950,四季,78,0.0008,91.2217999999985
11951,双脚,78,0.0008,91.2209999999985
11952,啊呀,78,0.0008,91.2201999999985
11953,乘坐,78,0.0008,91.2193999999985
11954,听完,78,0.0008,91.2185999999985
11955,冰块,78,0.0008,91.2177999999985
11956,公子,78,0.0008,91.2169999999985
11957,镍,78,0.0008,91.2161999999985
11958,台词,78,0.0008,91.2153999999985
11959,海边,78,0.0008,91.2145999999985
11960,日出,78,0.0008,91.2137999999985
11961,兴旺,78,0.0008,91.2129999999985
11962,购置,78,0.0008,91.2009999999985
11963,国家预算,78,0.0008,91.2113999999985
11964,雷暴,78,0.0008,91.2105999999985
11965,劝说,78,0.0008,91.2225999999985
11966,冲上,78,0.0008,91.1985999999985
11967,腰间,78,0.0008,91.2097999999985
11968,窑,78,0.0008,91.2089999999985
11969,篮,78,0.0008,91.2081999999985
11970,投向,78,0.0008,91.2073999999985
11971,柳,78,0.0008,91.2065999999985
11972,溯,78,0.0008,91.2057999999985
11973,宁愿,78,0.0008,91.2049999999985
11974,能否,78,0.0008,91.2041999999985
11975,梦想,78,0.0008,91.2033999999985
11976,烧瓶,77,0.0008,91.3169999999983
11977,而今,77,0.0008,91.3257999999982
11978,静电,77,0.0008,91.3249999999982
11979,产销,77,0.0008,91.3241999999982
11980,万岁,77,0.0008,91.3233999999982
11981,号,77,0.0008,91.3225999999982
11982,懂事,77,0.0008,91.3217999999982
11983,条条,77,0.0008,91.3209999999983
11984,奔走,77,0.0008,91.3201999999983
11985,乌鸦,77,0.0008,91.3089999999983
11986,画法,77,0.0008,91.3185999999983
11987,游动,77,0.0008,91.3313999999982
11988,石器,77,0.0008,91.3281999999982
11989,摇篮,77,0.0008,91.3193999999983
11990,此法,77,0.0008,91.3161999999983
11991,上演,77,0.0008,91.3153999999983
11992,灯丝,77,0.0008,91.3145999999983
11993,哨,77,0.0008,91.3137999999983
11994,进修,77,0.0008,91.3129999999983
11995,尊,77,0.0008,91.3121999999983
11996,迎风,77,0.0008,91.3113999999983
11997,后腿,77,0.0008,91.3105999999983
11998,此处,77,0.0008,91.3097999999983
11999,省城,77,0.0008,91.3177999999983
12000,鼓掌,77,0.0008,91.3321999999982
12001,好奇心,77,0.0008,91.3417999999982
12002,荒漠,77,0.0008,91.3401999999982
12003,指导,77,0.0008,91.3433999999982
12004,李鸿章,77,0.0008,91.3489999999982
12005,剧情,77,0.0008,91.3425999999982
12006,构件,77,0.0008,91.3393999999982
12007,罗,77,0.0008,91.3441999999982
12008,嫉妒,77,0.0008,91.3449999999982
12009,侗族,77,0.0008,91.3457999999982
12010,启,77,0.0008,91.3465999999982
12011,屏上,77,0.0008,91.3473999999982
12012,特种,77,0.0008,91.3481999999982
12013,充沛,77,0.0008,91.3385999999982
12014,榨取,77,0.0008,91.3377999999982
12015,真切,77,0.0008,91.3369999999982
12016,红叶,77,0.0008,91.3289999999982
12017,坚定不移,77,0.0008,91.3353999999982
12018,却是,77,0.0008,91.3409999999982
12019,学期,77,0.0008,91.3345999999982
12020,夜班,77,0.0008,91.3337999999982
12021,讲授,77,0.0008,91.3329999999982
12022,平衡,77,0.0008,91.2881999999983
12023,感叹,77,0.0008,91.3361999999982
12024,原生,77,0.0008,91.3273999999982
12025,四人帮,77,0.0008,91.3305999999982
12026,为生,77,0.0008,91.3297999999982
12027,稿子,77,0.0008,91.3265999999982
12028,文体,77,0.0008,91.2889999999983
12029,终生,77,0.0008,91.2857999999983
12030,叶绿体,77,0.0008,91.2849999999983
12031,积蓄,77,0.0008,91.2825999999983
12032,前后,77,0.0008,91.2817999999983
12033,股份,77,0.0008,91.2809999999983
12034,土司,77,0.0008,91.2737999999984
12035,军团,77,0.0008,91.2801999999983
12036,有点,77,0.0008,91.2865999999983
12037,老远,77,0.0008,91.2785999999983
12038,脊柱,77,0.0008,91.2777999999984
12039,上身,77,0.0008,91.2769999999984
12040,油脂,77,0.0008,91.2697999999984
12041,沉闷,77,0.0008,91.2673999999984
12042,被窝,77,0.0008,91.2681999999984
12043,袭,77,0.0008,91.2689999999984
12044,人参,77,0.0008,91.2705999999984
12045,豪华,77,0.0008,91.2713999999984
12046,质问,77,0.0008,91.2721999999984
12047,时分,77,0.0008,91.2761999999984
12048,饮水,77,0.0008,91.2729999999984
12049,秀,77,0.0008,91.2745999999984
12050,坐标系,77,0.0008,91.2753999999984
12051,煤气,77,0.0008,91.2833999999983
12052,罗马帝国,77,0.0008,91.2985999999983
12053,离家,77,0.0008,91.3073999999983
12054,眼角,77,0.0008,91.3065999999983
12055,捶,77,0.0008,91.3057999999983
12056,精灵,77,0.0008,91.3049999999983
12057,糟糕,77,0.0008,91.3041999999983
12058,天黑,77,0.0008,91.3033999999983
12059,领主,77,0.0008,91.3025999999983
12060,情势,77,0.0008,91.3017999999983
12061,寓,77,0.0008,91.3009999999983
12062,锈,77,0.0008,91.3001999999983
12063,导航,77,0.0008,91.2993999999983
12064,风声,77,0.0008,91.2969999999983
12065,种地,77,0.0008,91.2873999999983
12066,检测,77,0.0008,91.2841999999983
12067,发散,77,0.0008,91.2977999999983
12068,性命,77,0.0008,91.3081999999983
12069,往常,77,0.0008,91.2961999999983
12070,往日,77,0.0008,91.2953999999983
12071,找寻,77,0.0008,91.2945999999983
12072,欣喜,77,0.0008,91.2937999999983
12073,声称,77,0.0008,91.2929999999983
12074,杰作,77,0.0008,91.2921999999983
12075,相貌,77,0.0008,91.2913999999983
12076,两口子,77,0.0008,91.2905999999983
12077,四大,77,0.0008,91.2897999999983
12078,代数,77,0.0008,91.2793999999983
12079,忠于,76,0.0008,91.407399999998
12080,钦佩,76,0.0008,91.4065999999981
12081,赌,76,0.0008,91.4057999999981
12082,追求,76,0.0008,91.4049999999981
12083,午后,76,0.0008,91.4041999999981
12084,衣着,76,0.0008,91.4033999999981
12085,天平,76,0.0008,91.4025999999981
12086,启迪,76,0.0008,91.4017999999981
12087,子系统,76,0.0008,91.412999999998
12088,剧作家,76,0.0008,91.4009999999981
12089,历史观,76,0.0008,91.4001999999981
12090,余,76,0.0008,91.3897999999981
12091,积极分子,76,0.0008,91.3993999999981
12092,合作化,76,0.0008,91.409799999998
12093,柱子,76,0.0008,91.3977999999981
12094,立功,76,0.0008,91.3969999999981
12095,蓦地,76,0.0008,91.3961999999981
12096,孩儿,76,0.0008,91.3953999999981
12097,浓郁,76,0.0008,91.3945999999981
12098,炮兵,76,0.0008,91.3937999999981
12099,口音,76,0.0008,91.3929999999981
12100,想念,76,0.0008,91.3921999999981
12101,逃亡,76,0.0008,91.3913999999981
12102,幼,76,0.0008,91.3905999999981
12103,社会分工,76,0.0008,91.3985999999981
12104,苦痛,76,0.0008,91.413799999998
12105,抱歉,76,0.0008,91.424999999998
12106,器具,76,0.0008,91.421799999998
12107,小心翼翼,76,0.0008,91.422599999998
12108,稀薄,76,0.0008,91.426599999998
12109,荒山,76,0.0008,91.430599999998
12110,勇士,76,0.0008,91.425799999998
12111,合力,76,0.0008,91.420999999998
12112,国民生产总值,76,0.0008,91.427399999998
12113,家庭教育,76,0.0008,91.428199999998
12114,巨人,76,0.0008,91.428999999998
12115,白蚁,76,0.0008,91.429799999998
12116,西域,76,0.0008,91.424199999998
12117,增设,76,0.0008,91.420199999998
12118,孤儿,76,0.0008,91.419399999998
12119,曹英,76,0.0008,91.418599999998
12120,断裂,76,0.0008,91.417799999998
12121,东家,76,0.0008,91.410599999998
12122,粗壮,76,0.0008,91.416999999998
12123,照亮,76,0.0008,91.423399999998
12124,夷,76,0.0008,91.416199999998
12125,号称,76,0.0008,91.415399999998
12126,留恋,76,0.0008,91.414599999998
12127,反响,76,0.0008,91.412199999998
12128,闻到,76,0.0008,91.411399999998
12129,漫,76,0.0008,91.408199999998
12130,不息,76,0.0008,91.3705999999981
12131,嫂嫂,76,0.0008,91.3657999999981
12132,理念,76,0.0008,91.3673999999981
12133,夜空,76,0.0008,91.3649999999981
12134,警报,76,0.0008,91.3641999999981
12135,介于,76,0.0008,91.3689999999981
12136,交易,76,0.0008,91.3633999999982
12137,不仅如此,76,0.0008,91.408999999998
12138,香蕉,76,0.0008,91.3625999999982
12139,参,76,0.0008,91.3617999999982
12140,自古以来,76,0.0008,91.3609999999982
12141,负荷,76,0.0008,91.3601999999982
12142,高举,76,0.0008,91.3593999999982
12143,歌词,76,0.0008,91.3585999999982
12144,惯例,76,0.0008,91.3569999999982
12145,最大,76,0.0008,91.3497999999982
12146,休养,76,0.0008,91.3505999999982
12147,唾液,76,0.0008,91.3513999999982
12148,正是,76,0.0008,91.3521999999982
12149,编导,76,0.0008,91.3529999999982
12150,毕,76,0.0008,91.3537999999982
12151,取下,76,0.0008,91.3545999999982
12152,优异,76,0.0008,91.3577999999982
12153,年份,76,0.0008,91.3553999999982
12154,极端,76,0.0008,91.3561999999982
12155,基督徒,76,0.0008,91.3665999999981
12156,潜入,76,0.0008,91.3793999999981
12157,盘,76,0.0008,91.3881999999981
12158,锗,76,0.0008,91.3873999999981
12159,领悟,76,0.0008,91.3865999999981
12160,收费,76,0.0008,91.3857999999981
12161,药水,76,0.0008,91.3849999999981
12162,夹杂,76,0.0008,91.3841999999981
12163,糟粕,76,0.0008,91.3833999999981
12164,作坊,76,0.0008,91.3825999999981
12165,画像,76,0.0008,91.3817999999981
12166,行当,76,0.0008,91.3809999999981
12167,准,76,0.0008,91.3801999999981
12168,情意,76,0.0008,91.3681999999981
12169,英雄人物,76,0.0008,91.3785999999981
12170,前后,76,0.0008,91.3889999999981
12171,斗,76,0.0008,91.3769999999981
12172,自然美,76,0.0008,91.3761999999981
12173,操心,76,0.0008,91.3753999999981
12174,这一下,76,0.0008,91.3745999999981
12175,深深,76,0.0008,91.3737999999981
12176,活跃,76,0.0008,91.3729999999981
12177,籽,76,0.0008,91.3721999999981
12178,精神状态,76,0.0008,91.3713999999981
12179,竹子,76,0.0008,91.3777999999981
12180,构,76,0.0008,91.3697999999981
12181,幸而,75,0.0008,91.5049999999978
12182,潮水,75,0.0008,91.4953999999978
12183,大车,75,0.0008,91.4961999999978
12184,岳飞,75,0.0008,91.4969999999978
12185,固态,75,0.0008,91.4977999999978
12186,掘,75,0.0008,91.5057999999978
12187,插嘴,75,0.0008,91.4993999999978
12188,会长,75,0.0008,91.4937999999978
12189,湿热,75,0.0008,91.5009999999978
12190,内心世界,75,0.0008,91.4593999999979
12191,不一会,75,0.0008,91.5025999999978
12192,试点,75,0.0008,91.4945999999978
12193,评比,75,0.0008,91.5033999999978
12194,野生,75,0.0008,91.5041999999978
12195,递增,75,0.0008,91.4817999999979
12196,常温,75,0.0008,91.5001999999978
12197,二婶,75,0.0008,91.4985999999978
12198,宝库,75,0.0008,91.4921999999979
12199,算得,75,0.0008,91.4913999999979
12200,受精卵,75,0.0008,91.4905999999979
12201,一九八三,75,0.0008,91.4897999999979
12202,竹竿,75,0.0008,91.4889999999979
12203,美军,75,0.0008,91.4881999999979
12204,擅长,75,0.0008,91.4873999999979
12205,麻烦,75,0.0008,91.4865999999979
12206,署,75,0.0008,91.4857999999979
12207,衣袋,75,0.0008,91.4849999999979
12208,默,75,0.0008,91.4841999999979
12209,高价,75,0.0008,91.4833999999979
12210,诚然,75,0.0008,91.4825999999979
12211,余立毅,75,0.0008,91.4929999999978
12212,不在乎,75,0.0008,91.5121999999978
12213,后裔,75,0.0008,91.5225999999978
12214,地盘,75,0.0008,91.5209999999978
12215,劳动量,75,0.0008,91.5305999999978
12216,化装,75,0.0008,91.5217999999978
12217,歹徒,75,0.0008,91.5185999999978
12218,当家作主,75,0.0008,91.5233999999978
12219,烦躁,75,0.0008,91.5241999999978
12220,核酸,75,0.0008,91.5249999999978
12221,电机,75,0.0008,91.5257999999978
12222,超,75,0.0008,91.5265999999978
12223,受理,75,0.0008,91.5273999999978
12224,谅解,75,0.0008,91.5281999999978
12225,次年,75,0.0008,91.5289999999978
12226,荣获,75,0.0008,91.5297999999978
12227,毒气,75,0.0008,91.5201999999978
12228,背离,75,0.0008,91.5177999999978
12229,华,75,0.0008,91.5169999999978
12230,群山,75,0.0008,91.5161999999978
12231,强壮,75,0.0008,91.5153999999978
12232,于右任,75,0.0008,91.5145999999978
12233,只管,75,0.0008,91.5065999999978
12234,民主集中制,75,0.0008,91.5129999999978
12235,与其说,75,0.0008,91.5193999999978
12236,正电,75,0.0008,91.5113999999978
12237,血红蛋白,75,0.0008,91.5105999999978
12238,氮肥,75,0.0008,91.5097999999978
12239,野草,75,0.0008,91.5089999999978
12240,沙沙,75,0.0008,91.5081999999978
12241,晴天,75,0.0008,91.5073999999978
12242,新婚,75,0.0008,91.5137999999978
12243,偶,75,0.0008,91.5017999999978
12244,生铁,75,0.0008,91.4673999999979
12245,绒毛,75,0.0008,91.445799999998
12246,不可忽视,75,0.0008,91.446599999998
12247,仔,75,0.0008,91.440199999998
12248,煽动,75,0.0008,91.447399999998
12249,看样子,75,0.0008,91.448199999998
12250,段祺瑞,75,0.0008,91.4553999999979
12251,躺下,75,0.0008,91.448999999998
12252,毫,75,0.0008,91.443399999998
12253,谋略,75,0.0008,91.4505999999979
12254,医师,75,0.0008,91.4513999999979
12255,碎片,75,0.0008,91.4521999999979
12256,桂英,75,0.0008,91.4529999999979
12257,两性,75,0.0008,91.4537999999979
12258,牛肉,75,0.0008,91.4545999999979
12259,后台,75,0.0008,91.4497999999979
12260,恩,75,0.0008,91.439399999998
12261,花坛,75,0.0008,91.435399999998
12262,风沙,75,0.0008,91.434599999998
12263,稀释,75,0.0008,91.432199999998
12264,份量,75,0.0008,91.431399999998
12265,豌豆,75,0.0008,91.432999999998
12266,卫,75,0.0008,91.433799999998
12267,发问,75,0.0008,91.436199999998
12268,无意识,75,0.0008,91.436999999998
12269,北方,75,0.0008,91.442599999998
12270,贪,75,0.0008,91.437799999998
12271,办到,75,0.0008,91.438599999998
12272,丙,75,0.0008,91.440999999998
12273,杨柳,75,0.0008,91.441799999998
12274,子叶,75,0.0008,91.444999999998
12275,梅花,75,0.0008,91.4753999999979
12276,腿上,75,0.0008,91.4697999999979
12277,缺氧,75,0.0008,91.4705999999979
12278,流畅,75,0.0008,91.4713999999979
12279,插上,75,0.0008,91.4721999999979
12280,换言之,75,0.0008,91.4729999999979
12281,任意,75,0.0008,91.4809999999979
12282,生产性,75,0.0008,91.4745999999979
12283,扇,75,0.0008,91.4689999999979
12284,半截,75,0.0008,91.4761999999979
12285,帝王,75,0.0008,91.4769999999979
12286,大群,75,0.0008,91.4777999999979
12287,摄氏,75,0.0008,91.4785999999979
12288,寿,75,0.0008,91.4793999999979
12289,驰,75,0.0008,91.4801999999979
12290,分期,75,0.0008,91.4625999999979
12291,逃出,75,0.0008,91.4609999999979
12292,派生,75,0.0008,91.4737999999979
12293,颠,75,0.0008,91.4577999999979
12294,冯玉祥,75,0.0008,91.4585999999979
12295,以示,75,0.0008,91.4601999999979
12296,伸进,75,0.0008,91.4681999999979
12297,闪亮,75,0.0008,91.4617999999979
12298,决策者,75,0.0008,91.4561999999979
12299,齐,75,0.0008,91.4569999999979
12300,口子,75,0.0008,91.4633999999979
12301,置身,75,0.0008,91.444199999998
12302,毛主席,75,0.0008,91.4641999999979
12303,几万,75,0.0008,91.4649999999979
12304,暑假,75,0.0008,91.4657999999979
12305,胸中,75,0.0008,91.4665999999979
12306,清偿,74,0.0008,91.5961999999976
12307,一九八二,74,0.0008,91.6065999999976
12308,理发,74,0.0008,91.5977999999976
12309,肚里,74,0.0008,91.5985999999976
12310,整数,74,0.0008,91.5993999999976
12311,改建,74,0.0008,91.6073999999976
12312,牛全德,74,0.0008,91.6009999999976
12313,荷花,74,0.0008,91.5945999999976
12314,变速,74,0.0008,91.6025999999976
12315,木箱,74,0.0008,91.6033999999976
12316,社会活动,74,0.0008,91.6041999999976
12317,烟草,74,0.0008,91.6049999999976
12318,脑中,74,0.0008,91.6057999999976
12319,牡丹,74,0.0008,91.5881999999976
12320,许可证,74,0.0008,91.6017999999976
12321,身高,74,0.0008,91.6001999999976
12322,自负盈亏,74,0.0008,91.5825999999976
12323,思绪,74,0.0008,91.5833999999976
12324,志气,74,0.0008,91.5841999999976
12325,减低,74,0.0008,91.5849999999976
12326,统筹,74,0.0008,91.5857999999976
12327,办公桌,74,0.0008,91.5937999999976
12328,未见,74,0.0008,91.5873999999976
12329,庭,74,0.0008,91.5817999999976
12330,冲刷,74,0.0008,91.5889999999976
12331,牛皮,74,0.0008,91.5897999999976
12332,自然保护区,74,0.0008,91.5905999999976
12333,狐,74,0.0008,91.5913999999976
12334,五万,74,0.0008,91.5921999999976
12335,一动不动,74,0.0008,91.5929999999976
12336,价格体系,74,0.0008,91.5865999999976
12337,聚精会神,74,0.0008,91.6089999999976
12338,交货,74,0.0008,91.6249999999975
12339,最优,74,0.0008,91.6241999999975
12340,作响,74,0.0008,91.6225999999975
12341,连年,74,0.0008,91.6321999999975
12342,供需,74,0.0008,91.6233999999975
12343,热泪,74,0.0008,91.6201999999976
12344,晋升,74,0.0008,91.6257999999975
12345,纵向,74,0.0008,91.6265999999975
12346,相符,74,0.0008,91.6273999999975
12347,海流,74,0.0008,91.6281999999975
12348,主角,74,0.0008,91.6289999999975
12349,非但,74,0.0008,91.6297999999975
12350,群众运动,74,0.0008,91.6305999999975
12351,有待于,74,0.0008,91.6313999999975
12352,太平军,74,0.0008,91.6217999999975
12353,效能,74,0.0008,91.6193999999976
12354,常务委员会,74,0.0008,91.6185999999976
12355,投身,74,0.0008,91.6177999999976
12356,贩卖,74,0.0008,91.6169999999976
12357,栽植,74,0.0008,91.6161999999976
12358,别墅,74,0.0008,91.6153999999976
12359,单细胞,74,0.0008,91.6081999999976
12360,吼,74,0.0008,91.6137999999976
12361,桩,74,0.0008,91.6209999999976
12362,供电,74,0.0008,91.6129999999976
12363,列出,74,0.0008,91.6121999999976
12364,蔗糖,74,0.0008,91.6113999999976
12365,天性,74,0.0008,91.6105999999976
12366,龙头,74,0.0008,91.6097999999976
12367,无用,74,0.0008,91.6145999999976
12368,内分泌,74,0.0008,91.5969999999976
12369,冲锋,74,0.0008,91.5665999999977
12370,器乐,74,0.0008,91.5673999999977
12371,股长,74,0.0008,91.5441999999977
12372,初步,74,0.0008,91.5953999999976
12373,大理石,74,0.0008,91.5481999999977
12374,蓄,74,0.0008,91.5457999999977
12375,疲乏,74,0.0008,91.5465999999977
12376,过问,74,0.0008,91.5473999999977
12377,公债,74,0.0008,91.5553999999977
12378,区委,74,0.0008,91.5489999999977
12379,山岭,74,0.0008,91.5425999999977
12380,龙国正,74,0.0008,91.5505999999977
12381,歌手,74,0.0008,91.5513999999977
12382,惊恐,74,0.0008,91.5521999999977
12383,下一代,74,0.0008,91.5529999999977
12384,传统观念,74,0.0008,91.5537999999977
12385,系统工程,74,0.0008,91.5545999999977
12386,瞥,74,0.0008,91.5497999999977
12387,劝告,74,0.0008,91.5321999999978
12388,搔,74,0.0008,91.5329999999978
12389,创汇,74,0.0008,91.5337999999978
12390,精简,74,0.0008,91.5345999999978
12391,融,74,0.0008,91.5353999999978
12392,原始人,74,0.0008,91.5313999999978
12393,洗脸,74,0.0008,91.5361999999977
12394,无能,74,0.0008,91.5369999999977
12395,不以为然,74,0.0008,91.5377999999977
12396,宛如,74,0.0008,91.5385999999977
12397,反省,74,0.0008,91.5393999999977
12398,结核,74,0.0008,91.5401999999977
12399,少见,74,0.0008,91.5417999999977
12400,托尔斯泰,74,0.0008,91.5409999999977
12401,切片,74,0.0008,91.5449999999977
12402,掖,74,0.0008,91.5753999999977
12403,冯涛,74,0.0008,91.5697999999977
12404,除夕,74,0.0008,91.5705999999977
12405,收获,74,0.0008,91.5713999999977
12406,明皇,74,0.0008,91.5721999999977
12407,假如,74,0.0008,91.5729999999977
12408,期望,74,0.0008,91.5809999999976
12409,轻盈,74,0.0008,91.5745999999977
12410,厂矿,74,0.0008,91.5689999999977
12411,凉爽,74,0.0008,91.5761999999977
12412,大搞,74,0.0008,91.5769999999977
12413,出名,74,0.0008,91.5777999999977
12414,师团,74,0.0008,91.5785999999976
12415,空洞,74,0.0008,91.5793999999976
12416,无耻,74,0.0008,91.5569999999977
12417,悟,74,0.0008,91.5625999999977
12418,基,74,0.0008,91.5433999999977
12419,岩溶,74,0.0008,91.5609999999977
12420,缦杰,74,0.0008,91.5737999999977
12421,可取,74,0.0008,91.5577999999977
12422,确信,74,0.0008,91.5585999999977
12423,呼吸道,74,0.0008,91.5593999999977
12424,碳酸钠,74,0.0008,91.5601999999977
12425,深邃,74,0.0008,91.5681999999977
12426,高技术,74,0.0008,91.5617999999977
12427,考上,74,0.0008,91.5561999999977
12428,清军,74,0.0008,91.5633999999977
12429,岁数,74,0.0008,91.5641999999977
12430,萨满教,74,0.0008,91.5649999999977
12431,读数,74,0.0008,91.5657999999977
12432,富农,74,0.0008,91.5801999999976
12433,渗入,73,0.0008,91.7177999999973
12434,决赛,73,0.0008,91.7001999999974
12435,西红柿,73,0.0008,91.7225999999973
12436,皮下,73,0.0008,91.7009999999974
12437,经销,73,0.0008,91.7097999999973
12438,国防,73,0.0008,91.7017999999974
12439,黔,73,0.0008,91.7025999999974
12440,写字台,73,0.0008,91.7105999999973
12441,自来水,73,0.0008,91.7041999999974
12442,言行,73,0.0008,91.6977999999974
12443,天子,73,0.0008,91.7057999999974
12444,奉命,73,0.0008,91.7065999999974
12445,推崇,73,0.0008,91.7073999999973
12446,略有,73,0.0008,91.7081999999973
12447,公转,73,0.0008,91.7089999999973
12448,奔腾,73,0.0008,91.6913999999974
12449,这般,73,0.0008,91.7049999999974
12450,布景,73,0.0008,91.7033999999974
12451,官府,73,0.0008,91.6857999999974
12452,骗人,73,0.0008,91.6865999999974
12453,装满,73,0.0008,91.6873999999974
12454,长满,73,0.0008,91.6881999999974
12455,疟疾,73,0.0008,91.6889999999974
12456,哗哗,73,0.0008,91.6969999999974
12457,挽回,73,0.0008,91.6905999999974
12458,立志,73,0.0008,91.6849999999974
12459,看护,73,0.0008,91.6921999999974
12460,大吃一惊,73,0.0008,91.6929999999974
12461,老师傅,73,0.0008,91.6937999999974
12462,晃动,73,0.0008,91.6945999999974
12463,变性,73,0.0008,91.6953999999974
12464,技术装备,73,0.0008,91.6961999999974
12465,搬来,73,0.0008,91.6897999999974
12466,白崇禧,73,0.0008,91.7217999999973
12467,征税,73,0.0008,91.7265999999973
12468,光绪,73,0.0008,91.7257999999973
12469,轰炸,73,0.0008,91.7289999999973
12470,说教,73,0.0008,91.7361999999973
12471,前沿,73,0.0008,91.7281999999973
12472,挂上,73,0.0008,91.7241999999973
12473,尽情,73,0.0008,91.7297999999973
12474,主,73,0.0008,91.7305999999973
12475,应运而生,73,0.0008,91.7313999999973
12476,追随,73,0.0008,91.7321999999973
12477,不可思议,73,0.0008,91.7329999999973
12478,山中,73,0.0008,91.7337999999973
12479,减产,73,0.0008,91.7345999999973
12480,改良主义,73,0.0008,91.7353999999973
12481,享乐,73,0.0008,91.7273999999973
12482,喝水,73,0.0008,91.7161999999973
12483,责,73,0.0008,91.7121999999973
12484,迟疑,73,0.0008,91.7129999999973
12485,千百,73,0.0008,91.7137999999973
12486,兴高采烈,73,0.0008,91.7145999999973
12487,八路,73,0.0008,91.7153999999973
12488,泥浆,73,0.0008,91.7233999999973
12489,方面军,73,0.0008,91.7169999999973
12490,总工程师,73,0.0008,91.7113999999973
12491,舟,73,0.0008,91.7185999999973
12492,感受器,73,0.0008,91.6689999999974
12493,奴,73,0.0008,91.7201999999973
12494,堡垒,73,0.0008,91.6985999999974
12495,边长,73,0.0008,91.7249999999973
12496,判别,73,0.0008,91.7209999999973
12497,解放战争,73,0.0008,91.7193999999973
12498,一百五十,73,0.0008,91.6993999999974
12499,莎士比亚,73,0.0008,91.6697999999974
12500,阴沉,73,0.0008,91.6465999999975
12501,产业革命,73,0.0008,91.6505999999975
12502,很有,73,0.0008,91.6481999999975
12503,巨型,73,0.0008,91.6489999999975
12504,谁家,73,0.0008,91.6497999999975
12505,讨论会,73,0.0008,91.6577999999975
12506,飞速,73,0.0008,91.6513999999975
12507,驾驶员,73,0.0008,91.6449999999975
12508,有余,73,0.0008,91.6529999999975
12509,行事,73,0.0008,91.6537999999975
12510,打人,73,0.0008,91.6545999999975
12511,贝类,73,0.0008,91.6553999999975
12512,提问,73,0.0008,91.6561999999975
12513,瞎子,73,0.0008,91.6569999999975
12514,扔下,73,0.0008,91.6521999999975
12515,衣襟,73,0.0008,91.6433999999975
12516,急,73,0.0008,91.6337999999975
12517,犯法,73,0.0008,91.6345999999975
12518,现,73,0.0008,91.6353999999975
12519,任弼时,73,0.0008,91.6361999999975
12520,曲,73,0.0008,91.6369999999975
12521,卡片,73,0.0008,91.6329999999975
12522,白银,73,0.0008,91.6377999999975
12523,光,73,0.0008,91.6385999999975
12524,班里,73,0.0008,91.6393999999975
12525,羞,73,0.0008,91.6401999999975
12526,投资者,73,0.0008,91.6409999999975
12527,练兵,73,0.0008,91.6417999999975
12528,平台,73,0.0008,91.6441999999975
12529,取材,73,0.0008,91.6425999999975
12530,危急,73,0.0008,91.6473999999975
12531,济,73,0.0008,91.6833999999974
12532,渗,73,0.0008,91.6721999999974
12533,布克,73,0.0008,91.6729999999974
12534,不由自主,73,0.0008,91.6737999999974
12535,间,73,0.0008,91.6745999999974
12536,饮料,73,0.0008,91.6753999999974
12537,全运会,73,0.0008,91.6761999999974
12538,人声,73,0.0008,91.6841999999974
12539,附近,73,0.0008,91.6777999999974
12540,恐龙,73,0.0008,91.6713999999974
12541,之余,73,0.0008,91.6793999999974
12542,行政机关,73,0.0008,91.6801999999974
12543,斗,73,0.0008,91.6809999999974
12544,蹄,73,0.0008,91.6817999999974
12545,回路,73,0.0008,91.6633999999975
12546,牢,73,0.0008,91.6649999999974
12547,工作服,73,0.0008,91.6457999999975
12548,收取,73,0.0008,91.6785999999974
12549,资助,73,0.0008,91.6769999999974
12550,新近,73,0.0008,91.6593999999975
12551,掀,73,0.0008,91.6601999999975
12552,硬化,73,0.0008,91.6609999999975
12553,脸颊,73,0.0008,91.6617999999975
12554,磅,73,0.0008,91.6625999999975
12555,比如,73,0.0008,91.6705999999974
12556,清澈,73,0.0008,91.6641999999975
12557,自然灾害,73,0.0008,91.6585999999975
12558,送上,73,0.0008,91.6657999999974
12559,跑出,73,0.0008,91.6665999999974
12560,脆弱,73,0.0008,91.6673999999974
12561,两样,73,0.0008,91.6681999999974
12562,勇,73,0.0008,91.6825999999974
12563,勤工俭学,72,0.0008,91.8057999999971
12564,通商,72,0.0008,91.8049999999971
12565,裸体,72,0.0008,91.8041999999971
12566,凭证,72,0.0008,91.8033999999971
12567,所得税,72,0.0008,91.8025999999971
12568,走狗,72,0.0008,91.8017999999971
12569,北面,72,0.0008,91.8009999999971
12570,代,72,0.0008,91.8001999999971
12571,途,72,0.0008,91.7993999999971
12572,兼任,72,0.0008,91.7985999999971
12573,明朗,72,0.0008,91.7977999999971
12574,季节,72,0.0008,91.7849999999972
12575,炊事员,72,0.0008,91.8201999999971
12576,只得,72,0.0008,91.7961999999971
12577,糖果,72,0.0008,91.7969999999971
12578,挨打,72,0.0008,91.8081999999971
12579,着火,72,0.0008,91.7945999999971
12580,盐类,72,0.0008,91.7937999999971
12581,一个劲,72,0.0008,91.7929999999971
12582,名额,72,0.0008,91.7921999999972
12583,公使,72,0.0008,91.7913999999972
12584,兵士,72,0.0008,91.7905999999972
12585,好评,72,0.0008,91.7897999999972
12586,瞳孔,72,0.0008,91.7889999999972
12587,增减,72,0.0008,91.7881999999972
12588,夺去,72,0.0008,91.7873999999972
12589,此人,72,0.0008,91.7865999999972
12590,发,72,0.0008,91.7857999999972
12591,浇水,72,0.0008,91.7953999999971
12592,步枪,72,0.0008,91.8185999999971
12593,种源,72,0.0008,91.8321999999971
12594,以下,72,0.0008,91.8225999999971
12595,公家,72,0.0008,91.8217999999971
12596,淤泥,72,0.0008,91.8233999999971
12597,颊,72,0.0008,91.8241999999971
12598,摸到,72,0.0008,91.8249999999971
12599,飞碟,72,0.0008,91.8257999999971
12600,财会,72,0.0008,91.8265999999971
12601,无机物,72,0.0008,91.8313999999971
12602,良性,72,0.0008,91.8273999999971
12603,重物,72,0.0008,91.8281999999971
12604,最终,72,0.0008,91.8289999999971
12605,植树,72,0.0008,91.8297999999971
12606,结冰,72,0.0008,91.8305999999971
12607,血浆,72,0.0008,91.8137999999971
12608,错觉,72,0.0008,91.8097999999971
12609,化验,72,0.0008,91.8105999999971
12610,虚实,72,0.0008,91.8113999999971
12611,罗,72,0.0008,91.8121999999971
12612,徒,72,0.0008,91.8129999999971
12613,不均,72,0.0008,91.8209999999971
12614,藉,72,0.0008,91.8145999999971
12615,县级,72,0.0008,91.8089999999971
12616,质朴,72,0.0008,91.8161999999971
12617,幸运,72,0.0008,91.8169999999971
12618,往返,72,0.0008,91.8177999999971
12619,狼狈,72,0.0008,91.7617999999972
12620,迟到,72,0.0008,91.8153999999971
12621,宿,72,0.0008,91.8073999999971
12622,皖,72,0.0008,91.8193999999971
12623,盛开,72,0.0008,91.8065999999971
12624,管理员,72,0.0008,91.7625999999972
12625,木料,72,0.0008,91.7585999999972
12626,京,72,0.0008,91.7561999999972
12627,固,72,0.0008,91.7553999999972
12628,总裁,72,0.0008,91.7545999999972
12629,南面,72,0.0008,91.7537999999972
12630,攻占,72,0.0008,91.7529999999972
12631,隐隐,72,0.0008,91.7449999999973
12632,咯咯,72,0.0008,91.7521999999972
12633,暖和,72,0.0008,91.7593999999972
12634,箭头,72,0.0008,91.7513999999972
12635,咆哮,72,0.0008,91.7505999999972
12636,俗称,72,0.0008,91.7497999999973
12637,东风,72,0.0008,91.7489999999973
12638,射入,72,0.0008,91.7481999999973
12639,东洋,72,0.0008,91.7369999999973
12640,端起,72,0.0008,91.7377999999973
12641,蓬,72,0.0008,91.7385999999973
12642,外套,72,0.0008,91.7393999999973
12643,宏观经济,72,0.0008,91.7401999999973
12644,片断,72,0.0008,91.7409999999973
12645,海滨,72,0.0008,91.7417999999973
12646,趣,72,0.0008,91.7425999999973
12647,床边,72,0.0008,91.7433999999973
12648,督促,72,0.0008,91.7473999999973
12649,亚,72,0.0008,91.7441999999973
12650,无私,72,0.0008,91.7457999999973
12651,茂盛,72,0.0008,91.7465999999973
12652,动向,72,0.0008,91.7569999999972
12653,汇率,72,0.0008,91.7833999999972
12654,爽朗,72,0.0008,91.7729999999972
12655,出差,72,0.0008,91.7737999999972
12656,抢先,72,0.0008,91.7745999999972
12657,早晚,72,0.0008,91.7753999999972
12658,火热,72,0.0008,91.7761999999972
12659,军火,72,0.0008,91.7841999999972
12660,跨进,72,0.0008,91.7777999999972
12661,克西,72,0.0008,91.7721999999972
12662,年中,72,0.0008,91.7793999999972
12663,枯燥,72,0.0008,91.7801999999972
12664,与,72,0.0008,91.7809999999972
12665,左,72,0.0008,91.7817999999972
12666,有机,72,0.0008,91.7713999999972
12667,林则徐,72,0.0008,91.7825999999972
12668,菱形,72,0.0008,91.7577999999972
12669,留下来,72,0.0008,91.7601999999972
12670,东亚,72,0.0008,91.7785999999972
12671,白发,72,0.0008,91.7769999999972
12672,凶恶,72,0.0008,91.7705999999972
12673,社论,72,0.0008,91.7697999999972
12674,捋,72,0.0008,91.7689999999972
12675,长方形,72,0.0008,91.7681999999972
12676,八字,72,0.0008,91.7673999999972
12677,食性,72,0.0008,91.7665999999972
12678,好友,72,0.0008,91.7657999999972
12679,烦,72,0.0008,91.7649999999972
12680,款式,72,0.0008,91.7641999999972
12681,嘴边,72,0.0008,91.7633999999972
12682,长寿,72,0.0008,91.7609999999972
12683,男爵,71,0.0007,91.9091999999965
12684,合理化,71,0.0007,91.8944999999966
12685,指甲,71,0.0007,91.8853999999967
12686,劳累,71,0.0007,91.8937999999966
12687,泡沫,71,0.0007,91.8930999999966
12688,多变,71,0.0007,91.8923999999966
12689,子环,71,0.0007,91.8916999999966
12690,划清,71,0.0007,91.8909999999966
12691,争得,71,0.0007,91.8902999999966
12692,中国科学院,71,0.0007,91.8895999999966
12693,代表会议,71,0.0007,91.8888999999966
12694,轿,71,0.0007,91.8881999999966
12695,盖,71,0.0007,91.8874999999966
12696,比如,71,0.0007,91.8867999999967
12697,俘虏,71,0.0007,91.8860999999967
12698,蚕丝,71,0.0007,91.8748999999967
12699,叭,71,0.0007,91.8846999999967
12700,兜,71,0.0007,91.8951999999966
12701,调子,71,0.0007,91.8832999999967
12702,除此之外,71,0.0007,91.8825999999967
12703,一跃,71,0.0007,91.8818999999967
12704,提升,71,0.0007,91.8811999999967
12705,佛经,71,0.0007,91.8804999999967
12706,蛮,71,0.0007,91.8797999999967
12707,自感,71,0.0007,91.8790999999967
12708,典礼,71,0.0007,91.8783999999967
12709,竖,71,0.0007,91.8776999999967
12710,白兔,71,0.0007,91.8769999999967
12711,暖流,71,0.0007,91.8762999999967
12712,唾沫,71,0.0007,91.8755999999967
12713,傣族,71,0.0007,91.8839999999967
12714,阴暗,71,0.0007,91.9007999999966
12715,盯住,71,0.0007,91.9105999999965
12716,病例,71,0.0007,91.9168999999964
12717,同音,71,0.0007,91.9098999999965
12718,退回,71,0.0007,91.9063999999965
12719,青山,71,0.0007,91.9112999999965
12720,邮局,71,0.0007,91.9119999999965
12721,扁平,71,0.0007,91.9126999999965
12722,后备,71,0.0007,91.9133999999965
12723,里,71,0.0007,91.9140999999965
12724,国共,71,0.0007,91.9147999999964
12725,审视,71,0.0007,91.9154999999964
12726,妄想,71,0.0007,91.9161999999964
12727,国会,71,0.0007,91.9084999999965
12728,名牌,71,0.0007,91.9056999999965
12729,巨额,71,0.0007,91.9049999999965
12730,肺炎,71,0.0007,91.9042999999965
12731,冲积,71,0.0007,91.9035999999965
12732,封面,71,0.0007,91.9028999999965
12733,哆嗦,71,0.0007,91.8958999999966
12734,谈心,71,0.0007,91.9014999999965
12735,矮小,71,0.0007,91.9077999999965
12736,投机倒把,71,0.0007,91.9000999999966
12737,手艺,71,0.0007,91.8993999999966
12738,其次,71,0.0007,91.8986999999966
12739,杨勇,71,0.0007,91.8979999999966
12740,军分区,71,0.0007,91.8972999999966
12741,单独,71,0.0007,91.9021999999965
12742,没用,71,0.0007,91.9070999999965
12743,须,71,0.0007,91.8545999999969
12744,幽静,71,0.0007,91.8468999999969
12745,来访,71,0.0007,91.8517999999969
12746,风带,71,0.0007,91.8510999999969
12747,公然,71,0.0007,91.8503999999969
12748,潜艇,71,0.0007,91.8496999999969
12749,江南,71,0.0007,91.8489999999969
12750,填写,71,0.0007,91.841299999997
12751,快步,71,0.0007,91.8475999999969
12752,凤,71,0.0007,91.8531999999969
12753,山脚,71,0.0007,91.846199999997
12754,革命军,71,0.0007,91.845499999997
12755,卷起,71,0.0007,91.844799999997
12756,潮汐,71,0.0007,91.844099999997
12757,精通,71,0.0007,91.843399999997
12758,每每,71,0.0007,91.840599999997
12759,孤立,71,0.0007,91.833599999997
12760,隐瞒,71,0.0007,91.834299999997
12761,从头,71,0.0007,91.834999999997
12762,提法,71,0.0007,91.835699999997
12763,受力,71,0.0007,91.836399999997
12764,新华社,71,0.0007,91.837099999997
12765,无奈,71,0.0007,91.837799999997
12766,初始,71,0.0007,91.838499999997
12767,维新,71,0.0007,91.842699999997
12768,幸亏,71,0.0007,91.839199999997
12769,谈判,71,0.0007,91.8328999999971
12770,住院,71,0.0007,91.8524999999969
12771,捻,71,0.0007,91.839899999997
12772,吞噬,71,0.0007,91.8965999999966
12773,顶着,71,0.0007,91.841999999997
12774,熵,71,0.0007,91.8482999999969
12775,犹太,71,0.0007,91.8643999999968
12776,岂,71,0.0007,91.8734999999968
12777,活活,71,0.0007,91.8727999999968
12778,跑步,71,0.0007,91.8720999999968
12779,脸红,71,0.0007,91.8713999999968
12780,蝉,71,0.0007,91.8706999999968
12781,古今中外,71,0.0007,91.8699999999968
12782,水解,71,0.0007,91.8692999999968
12783,维新派,71,0.0007,91.8685999999968
12784,鳞片,71,0.0007,91.8678999999968
12785,民办,71,0.0007,91.8671999999968
12786,发声,71,0.0007,91.8664999999968
12787,暴风雨,71,0.0007,91.8657999999968
12788,牧师,71,0.0007,91.8650999999968
12789,协奏曲,71,0.0007,91.8538999999969
12790,好好,71,0.0007,91.8636999999968
12791,科学化,71,0.0007,91.8741999999967
12792,为名,71,0.0007,91.8622999999968
12793,徐悲鸿,71,0.0007,91.8615999999968
12794,平均值,71,0.0007,91.8608999999968
12795,碧绿,71,0.0007,91.8601999999969
12796,冲着,71,0.0007,91.8594999999969
12797,哑剧,71,0.0007,91.8587999999969
12798,城墙,71,0.0007,91.8580999999969
12799,遗物,71,0.0007,91.8573999999969
12800,可恶,71,0.0007,91.8566999999969
12801,二十万,71,0.0007,91.8559999999969
12802,丛林,71,0.0007,91.8552999999969
12803,老化,71,0.0007,91.8629999999968
12804,梁,70,0.0007,91.970099999996
12805,今儿,70,0.0007,91.972199999996
12806,僵化,70,0.0007,91.972899999996
12807,大兴安岭,70,0.0007,91.979899999996
12808,虚拟,70,0.0007,91.974299999996
12809,一场,70,0.0007,91.969399999996
12810,舞会,70,0.0007,91.975699999996
12811,盗,70,0.0007,91.976399999996
12812,补救,70,0.0007,91.977099999996
12813,强盛,70,0.0007,91.977799999996
12814,零星,70,0.0007,91.978499999996
12815,新闻工作者,70,0.0007,91.9588999999961
12816,火把,70,0.0007,91.9833999999959
12817,稠密,70,0.0007,91.974999999996
12818,乐乐,70,0.0007,91.979199999996
12819,红花,70,0.0007,91.973599999996
12820,化学变化,70,0.0007,91.9679999999961
12821,章,70,0.0007,91.9672999999961
12822,膝,70,0.0007,91.9665999999961
12823,福音,70,0.0007,91.9658999999961
12824,老老实实,70,0.0007,91.9651999999961
12825,宪章,70,0.0007,91.9644999999961
12826,鼎,70,0.0007,91.9637999999961
12827,隆隆,70,0.0007,91.9630999999961
12828,虹,70,0.0007,91.9623999999961
12829,大雪,70,0.0007,91.9616999999961
12830,战事,70,0.0007,91.9609999999961
12831,增至,70,0.0007,91.9602999999961
12832,笔记本,70,0.0007,91.9595999999961
12833,水土流失,70,0.0007,91.968699999996
12834,疲惫,70,0.0007,91.9840999999959
12835,狱中,70,0.0007,91.9945999999959
12836,学业,70,0.0007,91.9917999999959
12837,木刻,70,0.0007,91.9994999999958
12838,万里,70,0.0007,91.9980999999958
12839,陶器,70,0.0007,91.9931999999959
12840,节制,70,0.0007,91.9910999999959
12841,草莓,70,0.0007,91.9952999999959
12842,交纳,70,0.0007,92.0001999999958
12843,工蜂,70,0.0007,91.9903999999959
12844,打来,70,0.0007,91.9959999999958
12845,超导,70,0.0007,91.9966999999958
12846,骑马,70,0.0007,91.9973999999958
12847,螳螂,70,0.0007,91.9987999999958
12848,蛹,70,0.0007,91.9938999999959
12849,沦为,70,0.0007,91.9896999999959
12850,香山,70,0.0007,91.9889999999959
12851,到会,70,0.0007,91.9882999999959
12852,挤出,70,0.0007,91.9875999999959
12853,特异,70,0.0007,91.9868999999959
12854,难关,70,0.0007,91.980599999996
12855,实地,70,0.0007,91.9861999999959
12856,铁器,70,0.0007,91.9924999999959
12857,光彩,70,0.0007,91.9854999999959
12858,家门口,70,0.0007,91.9847999999959
12859,两腿,70,0.0007,91.9826999999959
12860,踌躇,70,0.0007,91.9819999999959
12861,巴勒斯坦,70,0.0007,91.981299999996
12862,武,70,0.0007,91.971499999996
12863,金字塔,70,0.0007,91.9392999999963
12864,相辅相成,70,0.0007,91.9280999999963
12865,侯,70,0.0007,91.9308999999963
12866,第四纪,70,0.0007,91.9294999999963
12867,牧民,70,0.0007,91.9301999999963
12868,更深,70,0.0007,91.9385999999963
12869,额外,70,0.0007,91.9371999999963
12870,动产,70,0.0007,91.970799999996
12871,租赁,70,0.0007,91.9315999999963
12872,托儿所,70,0.0007,91.9266999999964
12873,好玩,70,0.0007,91.9329999999963
12874,后头,70,0.0007,91.9336999999963
12875,男性,70,0.0007,91.9343999999963
12876,破烂,70,0.0007,91.9350999999963
12877,追加,70,0.0007,91.9357999999963
12878,一头,70,0.0007,91.9364999999963
12879,别致,70,0.0007,91.9322999999963
12880,唯心论,70,0.0007,91.9182999999964
12881,讲起,70,0.0007,91.9189999999964
12882,编织,70,0.0007,91.9196999999964
12883,壮族,70,0.0007,91.9203999999964
12884,过量,70,0.0007,91.9175999999964
12885,师父,70,0.0007,91.9210999999964
12886,在职,70,0.0007,91.9217999999964
12887,为例,70,0.0007,91.9224999999964
12888,孟子,70,0.0007,91.9231999999964
12889,早点,70,0.0007,91.9238999999964
12890,苗族,70,0.0007,91.9245999999964
12891,气功,70,0.0007,91.9259999999964
12892,如实,70,0.0007,91.9252999999964
12893,歌德,70,0.0007,91.9287999999963
12894,乖乖,70,0.0007,91.9483999999962
12895,象是,70,0.0007,91.9574999999961
12896,填补,70,0.0007,91.9567999999961
12897,水准,70,0.0007,91.9560999999961
12898,江泽民,70,0.0007,91.9553999999961
12899,热潮,70,0.0007,91.9546999999962
12900,单体,70,0.0007,91.9539999999962
12901,作曲,70,0.0007,91.9532999999962
12902,手绢,70,0.0007,91.9525999999962
12903,怜悯,70,0.0007,91.9518999999962
12904,意念,70,0.0007,91.9511999999962
12905,机动,70,0.0007,91.9504999999962
12906,轻快,70,0.0007,91.9497999999962
12907,油漆,70,0.0007,91.9490999999962
12908,有赖于,70,0.0007,91.9469999999962
12909,大力,70,0.0007,91.9378999999963
12910,交付,70,0.0007,91.9273999999964
12911,筹集,70,0.0007,91.9476999999962
12912,宋朝,70,0.0007,91.9581999999961
12913,往回,70,0.0007,91.9462999999962
12914,粘性,70,0.0007,91.9455999999962
12915,悲愤,70,0.0007,91.9448999999962
12916,唤醒,70,0.0007,91.9441999999962
12917,班组,70,0.0007,91.9434999999962
12918,原来,70,0.0007,91.9427999999962
12919,城外,70,0.0007,91.9420999999962
12920,绒,70,0.0007,91.9413999999962
12921,丝绸,70,0.0007,91.9406999999963
12922,初,70,0.0007,91.9399999999963
12923,幼小,69,0.0007,92.0659999999953
12924,亚运会,69,0.0007,92.0666999999953
12925,存放,69,0.0007,92.0673999999953
12926,中途,69,0.0007,92.0680999999953
12927,服役,69,0.0007,92.0687999999953
12928,废气,69,0.0007,92.0764999999952
12929,事实上,69,0.0007,92.0701999999953
12930,讲台,69,0.0007,92.0638999999953
12931,烟袋,69,0.0007,92.0715999999953
12932,好办,69,0.0007,92.0722999999953
12933,瞪大,69,0.0007,92.0729999999953
12934,奖章,69,0.0007,92.0736999999953
12935,全书,69,0.0007,92.0743999999953
12936,午夜,69,0.0007,92.0750999999953
12937,衰,69,0.0007,92.0575999999954
12938,各异,69,0.0007,92.0883999999952
12939,手心,69,0.0007,92.0708999999953
12940,养猪,69,0.0007,92.0757999999953
12941,轰轰烈烈,69,0.0007,92.0694999999953
12942,一九八一,69,0.0007,92.0519999999954
12943,锋利,69,0.0007,92.0526999999954
12944,前额,69,0.0007,92.0533999999954
12945,悬崖,69,0.0007,92.0540999999954
12946,脂,69,0.0007,92.0547999999954
12947,关照,69,0.0007,92.0554999999954
12948,以防,69,0.0007,92.0631999999953
12949,钻出,69,0.0007,92.0568999999954
12950,相间,69,0.0007,92.0512999999954
12951,店铺,69,0.0007,92.0582999999954
12952,系统性,69,0.0007,92.0589999999954
12953,变压器,69,0.0007,92.0596999999954
12954,残暴,69,0.0007,92.0603999999954
12955,动情,69,0.0007,92.0610999999954
12956,妈的,69,0.0007,92.0617999999954
12957,旧式,69,0.0007,92.0624999999954
12958,闪耀,69,0.0007,92.0561999999954
12959,这会,69,0.0007,92.0876999999952
12960,胆怯,69,0.0007,92.0911999999951
12961,两万,69,0.0007,92.0918999999951
12962,左腿,69,0.0007,92.0932999999951
12963,扫除,69,0.0007,92.0904999999951
12964,正视,69,0.0007,92.0939999999951
12965,王宫,69,0.0007,92.0946999999951
12966,拼音,69,0.0007,92.0953999999951
12967,趁着,69,0.0007,92.0960999999951
12968,旗袍,69,0.0007,92.0967999999951
12969,辅,69,0.0007,92.0974999999951
12970,人民大众,69,0.0007,92.1016999999951
12971,开端,69,0.0007,92.1009999999951
12972,变色,69,0.0007,92.1002999999951
12973,板上,69,0.0007,92.0995999999951
12974,总的说来,69,0.0007,92.0981999999951
12975,劳动强度,69,0.0007,92.0988999999951
12976,要好,69,0.0007,92.1023999999951
12977,割裂,69,0.0007,92.0827999999952
12978,报社,69,0.0007,92.0778999999952
12979,稳步,69,0.0007,92.0785999999952
12980,绞,69,0.0007,92.0792999999952
12981,工业革命,69,0.0007,92.0799999999952
12982,舍得,69,0.0007,92.0806999999952
12983,连夜,69,0.0007,92.0813999999952
12984,打碎,69,0.0007,92.0841999999952
12985,逼迫,69,0.0007,92.0820999999952
12986,燥,69,0.0007,92.0925999999951
12987,坚,69,0.0007,92.0897999999952
12988,着眼,69,0.0007,92.0834999999952
12989,雪山,69,0.0007,92.0771999999952
12990,请假,69,0.0007,92.0848999999952
12991,可行,69,0.0007,92.0855999999952
12992,小鬼,69,0.0007,92.0862999999952
12993,敬意,69,0.0007,92.0869999999952
12994,嘈杂,69,0.0007,92.0890999999952
12995,先锋,69,0.0007,92.0652999999953
12996,风貌,69,0.0007,92.0358999999956
12997,拜访,69,0.0007,92.0155999999957
12998,云层,69,0.0007,92.0148999999957
12999,石膏,69,0.0007,92.0162999999957
13000,溪,69,0.0007,92.0169999999957
13001,静态,69,0.0007,92.0099999999957
13002,康熙,69,0.0007,92.0246999999956
13003,电影院,69,0.0007,92.0176999999957
13004,败坏,69,0.0007,92.0183999999957
13005,嘀咕,69,0.0007,92.0127999999957
13006,教条主义,69,0.0007,92.0197999999957
13007,无能为力,69,0.0007,92.0204999999957
13008,志愿,69,0.0007,92.0211999999957
13009,依旧,69,0.0007,92.0218999999957
13010,祈求,69,0.0007,92.0225999999956
13011,修好,69,0.0007,92.0232999999956
13012,脚尖,69,0.0007,92.0239999999956
13013,毒物,69,0.0007,92.0190999999957
13014,今夜,69,0.0007,92.0092999999957
13015,灵,69,0.0007,92.0043999999958
13016,欺侮,69,0.0007,92.0036999999958
13017,遵义,69,0.0007,92.0029999999958
13018,阻挠,69,0.0007,92.0022999999958
13019,困惑,69,0.0007,92.0050999999958
13020,牡蛎,69,0.0007,92.0365999999955
13021,花瓶,69,0.0007,92.0008999999958
13022,外观,69,0.0007,92.0645999999953
13023,该书,69,0.0007,92.0057999999958
13024,销售量,69,0.0007,92.0064999999958
13025,毛,69,0.0007,92.0120999999957
13026,坚信,69,0.0007,92.0071999999958
13027,挑水,69,0.0007,92.0078999999958
13028,确实,69,0.0007,92.0085999999958
13029,小东西,69,0.0007,92.0106999999957
13030,宣,69,0.0007,92.0113999999957
13031,一九八０,69,0.0007,92.0141999999957
13032,启动,69,0.0007,92.0498999999954
13033,让步,69,0.0007,92.0386999999955
13034,参看,69,0.0007,92.0393999999955
13035,对敌,69,0.0007,92.0400999999955
13036,青铜,69,0.0007,92.0407999999955
13037,反思,69,0.0007,92.0414999999955
13038,墨水,69,0.0007,92.0421999999955
13039,比较文学,69,0.0007,92.0428999999955
13040,生平,69,0.0007,92.0505999999954
13041,萍,69,0.0007,92.0442999999955
13042,学位,69,0.0007,92.0379999999955
13043,贞观,69,0.0007,92.0456999999955
13044,智育,69,0.0007,92.0463999999955
13045,会同,69,0.0007,92.0470999999955
13046,主导,69,0.0007,92.0477999999955
13047,闪动,69,0.0007,92.0484999999955
13048,老弟,69,0.0007,92.0491999999955
13049,肺泡,69,0.0007,92.0316999999956
13050,刺激,69,0.0007,92.0449999999955
13051,传奇,69,0.0007,92.0435999999955
13052,少有,69,0.0007,92.0260999999956
13053,货款,69,0.0007,92.0267999999956
13054,本文,69,0.0007,92.0274999999956
13055,忽听,69,0.0007,92.0281999999956
13056,圆锥,69,0.0007,92.0288999999956
13057,活劳动,69,0.0007,92.0295999999956
13058,当家,69,0.0007,92.0372999999955
13059,溢,69,0.0007,92.0309999999956
13060,做功,69,0.0007,92.0302999999956
13061,出兵,69,0.0007,92.0253999999956
13062,磨,69,0.0007,92.0134999999957
13063,再分配,69,0.0007,92.0323999999956
13064,除掉,69,0.0007,92.0330999999956
13065,党校,69,0.0007,92.0337999999956
13066,军政,69,0.0007,92.0344999999956
13067,钻到,69,0.0007,92.0351999999956
13068,李时珍,69,0.0007,92.0015999999958
13069,棱镜,68,0.0007,92.1723999999945
13070,寻常,68,0.0007,92.1982999999943
13071,领,68,0.0007,92.1737999999945
13072,功利,68,0.0007,92.1842999999945
13073,体,68,0.0007,92.1751999999945
13074,分,68,0.0007,92.1758999999945
13075,立下,68,0.0007,92.1765999999945
13076,长长,68,0.0007,92.1849999999944
13077,老大娘,68,0.0007,92.1779999999945
13078,分出,68,0.0007,92.1716999999945
13079,皿,68,0.0007,92.1793999999945
13080,抗击,68,0.0007,92.1800999999945
13081,矿物质,68,0.0007,92.1807999999945
13082,两者,68,0.0007,92.1814999999945
13083,骂人,68,0.0007,92.1821999999945
13084,呵,68,0.0007,92.1828999999945
13085,胸怀,68,0.0007,92.1835999999945
13086,未有,68,0.0007,92.1653999999946
13087,蜿蜒,68,0.0007,92.1786999999945
13088,遍地,68,0.0007,92.1772999999945
13089,礁石,68,0.0007,92.1590999999946
13090,分层,68,0.0007,92.1597999999946
13091,澳,68,0.0007,92.1604999999946
13092,大气压,68,0.0007,92.1611999999946
13093,大家庭,68,0.0007,92.1618999999946
13094,山麓,68,0.0007,92.1625999999946
13095,半点,68,0.0007,92.1632999999946
13096,不及,68,0.0007,92.1709999999945
13097,色调,68,0.0007,92.1646999999946
13098,声势,68,0.0007,92.1583999999946
13099,渐渐,68,0.0007,92.1660999999946
13100,螃蟹,68,0.0007,92.1667999999946
13101,之类,68,0.0007,92.1674999999946
13102,上船,68,0.0007,92.1681999999946
13103,更,68,0.0007,92.1688999999946
13104,货源,68,0.0007,92.1695999999946
13105,金黄,68,0.0007,92.1702999999946
13106,乐得,68,0.0007,92.1639999999946
13107,出事,68,0.0007,92.1975999999944
13108,忆,68,0.0007,92.2003999999943
13109,张力,68,0.0007,92.2010999999943
13110,太原,68,0.0007,92.2038999999943
13111,前不久,68,0.0007,92.2017999999943
13112,民政,68,0.0007,92.2073999999943
13113,无,68,0.0007,92.2031999999943
13114,斗志,68,0.0007,92.1996999999943
13115,第八,68,0.0007,92.2045999999943
13116,水产,68,0.0007,92.2052999999943
13117,无心,68,0.0007,92.2059999999943
13118,累计,68,0.0007,92.2087999999943
13119,皮带,68,0.0007,92.2129999999942
13120,喏,68,0.0007,92.2122999999942
13121,禁区,68,0.0007,92.2115999999942
13122,某人,68,0.0007,92.2108999999943
13123,不慎,68,0.0007,92.2101999999943
13124,东非,68,0.0007,92.2094999999943
13125,电话机,68,0.0007,92.2066999999943
13126,姑,68,0.0007,92.2080999999943
13127,换成,68,0.0007,92.2024999999943
13128,省政府,68,0.0007,92.1912999999944
13129,痛哭,68,0.0007,92.1863999999944
13130,有所谓,68,0.0007,92.1870999999944
13131,长子,68,0.0007,92.1877999999944
13132,生产关系,68,0.0007,92.1884999999944
13133,自如,68,0.0007,92.1891999999944
13134,滨,68,0.0007,92.1898999999944
13135,简明,68,0.0007,92.1905999999944
13136,照常,68,0.0007,92.1989999999943
13137,埋伏,68,0.0007,92.1919999999944
13138,女生,68,0.0007,92.1856999999944
13139,性欲,68,0.0007,92.1933999999944
13140,石窟,68,0.0007,92.1940999999944
13141,感受性,68,0.0007,92.1947999999944
13142,糯米,68,0.0007,92.1954999999944
13143,破碎,68,0.0007,92.1961999999944
13144,着地,68,0.0007,92.1926999999944
13145,电子显微镜,68,0.0007,92.1968999999944
13146,母,68,0.0007,92.1415999999948
13147,氨水,68,0.0007,92.1744999999945
13148,坎坷,68,0.0007,92.1730999999945
13149,自立,68,0.0007,92.114999999995
13150,文教,68,0.0007,92.1184999999949
13151,桃子,68,0.0007,92.1219999999949
13152,希尔伯特,68,0.0007,92.1191999999949
13153,激化,68,0.0007,92.1198999999949
13154,较量,68,0.0007,92.1205999999949
13155,市政,68,0.0007,92.1212999999949
13156,普鲁士,68,0.0007,92.1296999999949
13157,体验,68,0.0007,92.1226999999949
13158,眼色,68,0.0007,92.116399999995
13159,注音,68,0.0007,92.1240999999949
13160,野生动物,68,0.0007,92.1247999999949
13161,倒下,68,0.0007,92.1254999999949
13162,意向,68,0.0007,92.1261999999949
13163,信贷资金,68,0.0007,92.1268999999949
13164,偏僻,68,0.0007,92.1275999999949
13165,哀,68,0.0007,92.1282999999949
13166,番茄,68,0.0007,92.1289999999949
13167,四十八,68,0.0007,92.1233999999949
13168,诱惑,68,0.0007,92.112199999995
13169,霸占,68,0.0007,92.1030999999951
13170,几十万,68,0.0007,92.103799999995
13171,贺诚,68,0.0007,92.105899999995
13172,付款,68,0.0007,92.106599999995
13173,深信,68,0.0007,92.107299999995
13174,火烧,68,0.0007,92.107999999995
13175,咬住,68,0.0007,92.108699999995
13176,法学家,68,0.0007,92.105199999995
13177,沼泽,68,0.0007,92.109399999995
13178,冻疮,68,0.0007,92.110099999995
13179,片子,68,0.0007,92.115699999995
13180,赠,68,0.0007,92.111499999995
13181,草坪,68,0.0007,92.104499999995
13182,落入,68,0.0007,92.112899999995
13183,遣,68,0.0007,92.110799999995
13184,对立面,68,0.0007,92.113599999995
13185,流通领域,68,0.0007,92.114299999995
13186,分级,68,0.0007,92.1177999999949
13187,借给,68,0.0007,92.1513999999947
13188,闪出,68,0.0007,92.1450999999947
13189,警戒,68,0.0007,92.1457999999947
13190,石灰岩,68,0.0007,92.1464999999947
13191,通常,68,0.0007,92.1471999999947
13192,华人,68,0.0007,92.1478999999947
13193,抛出,68,0.0007,92.1485999999947
13194,整风,68,0.0007,92.1492999999947
13195,务,68,0.0007,92.1576999999946
13196,骗子,68,0.0007,92.1506999999947
13197,照应,68,0.0007,92.1443999999947
13198,相等,68,0.0007,92.1520999999947
13199,国人,68,0.0007,92.1527999999947
13200,各项,68,0.0007,92.1534999999947
13201,产权,68,0.0007,92.1541999999947
13202,捐,68,0.0007,92.1548999999947
13203,按着,68,0.0007,92.1555999999947
13204,国籍,68,0.0007,92.1562999999947
13205,粘,68,0.0007,92.1569999999947
13206,爱尔兰,68,0.0007,92.1373999999948
13207,满,68,0.0007,92.1359999999948
13208,听来,68,0.0007,92.1499999999947
13209,糖类,68,0.0007,92.1317999999948
13210,室温,68,0.0007,92.1324999999948
13211,零下,68,0.0007,92.1331999999948
13212,本月,68,0.0007,92.1338999999948
13213,登载,68,0.0007,92.1345999999948
13214,石英,68,0.0007,92.1352999999948
13215,帮,68,0.0007,92.1436999999948
13216,黄海,68,0.0007,92.1366999999948
13217,运动会,68,0.0007,92.1303999999949
13218,只怕,68,0.0007,92.1380999999948
13219,领略,68,0.0007,92.1387999999948
13220,法语,68,0.0007,92.1394999999948
13221,内含,68,0.0007,92.1401999999948
13222,陶瓷,68,0.0007,92.1310999999948
13223,杜甫,68,0.0007,92.1408999999948
13224,切身,68,0.0007,92.1170999999949
13225,下半年,68,0.0007,92.1422999999948
13226,干粮,68,0.0007,92.1429999999948
13227,泪花,67,0.0007,92.2829999999937
13228,担当,67,0.0007,92.249399999994
13229,秋风,67,0.0007,92.2780999999938
13230,小青年,67,0.0007,92.3004999999936
13231,听从,67,0.0007,92.2787999999938
13232,鼻梁,67,0.0007,92.2794999999937
13233,厨师,67,0.0007,92.2801999999937
13234,径直,67,0.0007,92.2808999999937
13235,崎岖,67,0.0007,92.2885999999937
13236,孙子兵法,67,0.0007,92.2822999999937
13237,娃,67,0.0007,92.2766999999938
13238,顺,67,0.0007,92.2836999999937
13239,流速,67,0.0007,92.2843999999937
13240,辐射,67,0.0007,92.2850999999937
13241,教法,67,0.0007,92.2857999999937
13242,高效,67,0.0007,92.2864999999937
13243,下落,67,0.0007,92.2871999999937
13244,抨击,67,0.0007,92.2878999999937
13245,蔑视,67,0.0007,92.2703999999938
13246,原本,67,0.0007,92.2689999999938
13247,患病,67,0.0007,92.2815999999937
13248,静悄悄,67,0.0007,92.2654999999938
13249,田径,67,0.0007,92.2661999999938
13250,裙子,67,0.0007,92.2668999999938
13251,究竟,67,0.0007,92.2675999999938
13252,三代,67,0.0007,92.2682999999938
13253,棕,67,0.0007,92.2759999999938
13254,铸造,67,0.0007,92.2696999999938
13255,同乡,67,0.0007,92.2640999999939
13256,法典,67,0.0007,92.2710999999938
13257,清政府,67,0.0007,92.2717999999938
13258,日内瓦,67,0.0007,92.2724999999938
13259,帐户,67,0.0007,92.2731999999938
13260,短语,67,0.0007,92.2738999999938
13261,供养,67,0.0007,92.2745999999938
13262,集市贸易,67,0.0007,92.2752999999938
13263,打成,67,0.0007,92.2647999999939
13264,作声,67,0.0007,92.2997999999936
13265,常见,67,0.0007,92.3032999999936
13266,冰冷,67,0.0007,92.3025999999936
13267,伴侣,67,0.0007,92.3060999999935
13268,干事,67,0.0007,92.3039999999936
13269,锦,67,0.0007,92.3137999999935
13270,霉,67,0.0007,92.3053999999936
13271,不肯,67,0.0007,92.3018999999936
13272,上街,67,0.0007,92.3067999999935
13273,颜料,67,0.0007,92.3074999999935
13274,先,67,0.0007,92.3081999999935
13275,御,67,0.0007,92.3088999999935
13276,枝上,67,0.0007,92.3095999999935
13277,指望,67,0.0007,92.3102999999935
13278,小草,67,0.0007,92.3109999999935
13279,开张,67,0.0007,92.3116999999935
13280,清楚,67,0.0007,92.3123999999935
13281,消瘦,67,0.0007,92.3130999999935
13282,啰,67,0.0007,92.3046999999936
13283,餐,67,0.0007,92.2941999999936
13284,伊犁,67,0.0007,92.2899999999937
13285,纽带,67,0.0007,92.2906999999937
13286,淋巴结,67,0.0007,92.2913999999937
13287,出头,67,0.0007,92.2920999999937
13288,成品,67,0.0007,92.2927999999936
13289,作价,67,0.0007,92.2934999999936
13290,写意,67,0.0007,92.3011999999936
13291,蹲下,67,0.0007,92.2948999999936
13292,信上,67,0.0007,92.2892999999937
13293,自然而然,67,0.0007,92.2962999999936
13294,锅里,67,0.0007,92.2969999999936
13295,田园,67,0.0007,92.2976999999936
13296,天花板,67,0.0007,92.2983999999936
13297,新增,67,0.0007,92.2955999999936
13298,不慌不忙,67,0.0007,92.2990999999936
13299,南昌,67,0.0007,92.2773999999938
13300,担忧,67,0.0007,92.250099999994
13301,核定,67,0.0007,92.2339999999941
13302,疮,67,0.0007,92.2283999999941
13303,乔木,67,0.0007,92.2290999999941
13304,晕,67,0.0007,92.2297999999941
13305,滥用,67,0.0007,92.2304999999941
13306,好消息,67,0.0007,92.2381999999941
13307,忘却,67,0.0007,92.2318999999941
13308,逼近,67,0.0007,92.2262999999941
13309,欧,67,0.0007,92.2241999999942
13310,摆手,67,0.0007,92.2332999999941
13311,关键性,67,0.0007,92.2311999999941
13312,收下,67,0.0007,92.2346999999941
13313,较,67,0.0007,92.2353999999941
13314,上岸,67,0.0007,92.2360999999941
13315,竞技,67,0.0007,92.2367999999941
13316,高,67,0.0007,92.2374999999941
13317,涂上,67,0.0007,92.2325999999941
13318,江边,67,0.0007,92.2136999999942
13319,介绍信,67,0.0007,92.2185999999942
13320,当,67,0.0007,92.2143999999942
13321,豁免,67,0.0007,92.2150999999942
13322,贤,67,0.0007,92.2157999999942
13323,乡里,67,0.0007,92.2164999999942
13324,买主,67,0.0007,92.2171999999942
13325,公寓,67,0.0007,92.2178999999942
13326,剖析,67,0.0007,92.2192999999942
13327,全会,67,0.0007,92.2199999999942
13328,包扎,67,0.0007,92.2206999999942
13329,倒闭,67,0.0007,92.2213999999942
13330,叹气,67,0.0007,92.2220999999942
13331,投射,67,0.0007,92.2227999999942
13332,法权,67,0.0007,92.2255999999941
13333,工作量,67,0.0007,92.2234999999942
13334,查看,67,0.0007,92.2248999999942
13335,京城,67,0.0007,92.2276999999941
13336,混沌,67,0.0007,92.2577999999939
13337,瓜分,67,0.0007,92.2521999999939
13338,称量,67,0.0007,92.2528999999939
13339,圆盘,67,0.0007,92.2535999999939
13340,形式化,67,0.0007,92.2542999999939
13341,二叔,67,0.0007,92.2549999999939
13342,经济合同,67,0.0007,92.2556999999939
13343,皮球,67,0.0007,92.2633999999939
13344,松软,67,0.0007,92.2570999999939
13345,视力,67,0.0007,92.251499999994
13346,凶猛,67,0.0007,92.2584999999939
13347,排成,67,0.0007,92.2591999999939
13348,挨着,67,0.0007,92.2598999999939
13349,贫民,67,0.0007,92.2605999999939
13350,心眼,67,0.0007,92.2612999999939
13351,系统论,67,0.0007,92.2619999999939
13352,不约而同,67,0.0007,92.2626999999939
13353,杖,67,0.0007,92.245199999994
13354,溪流,67,0.0007,92.239599999994
13355,婚后,67,0.0007,92.243799999994
13356,外交部,67,0.0007,92.2269999999941
13357,全盘,67,0.0007,92.2563999999939
13358,年老,67,0.0007,92.240299999994
13359,邀请赛,67,0.0007,92.240999999994
13360,总人口,67,0.0007,92.241699999994
13361,作案,67,0.0007,92.242399999994
13362,杜文杰,67,0.0007,92.243099999994
13363,茅盾,67,0.0007,92.250799999994
13364,熊,67,0.0007,92.244499999994
13365,脖颈,67,0.0007,92.238899999994
13366,接上,67,0.0007,92.245899999994
13367,负电,67,0.0007,92.246599999994
13368,销货,67,0.0007,92.247299999994
13369,左侧,67,0.0007,92.247999999994
13370,双臂,67,0.0007,92.248699999994
13371,小院,66,0.0007,92.377499999993
13372,放学,66,0.0007,92.378199999993
13373,醋,66,0.0007,92.378899999993
13374,大红,66,0.0007,92.379599999993
13375,运气,66,0.0007,92.3872999999929
13376,白矮星,66,0.0007,92.380999999993
13377,出走,66,0.0007,92.375399999993
13378,团,66,0.0007,92.382399999993
13379,陈炯明,66,0.0007,92.383099999993
13380,铁丝,66,0.0007,92.383799999993
13381,用心,66,0.0007,92.384499999993
13382,米饭,66,0.0007,92.385199999993
13383,一行,66,0.0007,92.385899999993
13384,上书,66,0.0007,92.386599999993
13385,柜子,66,0.0007,92.3970999999929
13386,一百万,66,0.0007,92.3690999999931
13387,花白,66,0.0007,92.381699999993
13388,伎,66,0.0007,92.3676999999931
13389,二万,66,0.0007,92.380299999993
13390,垒,66,0.0007,92.3641999999931
13391,皮革,66,0.0007,92.3648999999931
13392,灵巧,66,0.0007,92.3655999999931
13393,肮脏,66,0.0007,92.3662999999931
13394,一世,66,0.0007,92.3669999999931
13395,疟,66,0.0007,92.374699999993
13396,靠拢,66,0.0007,92.3683999999931
13397,交通工具,66,0.0007,92.3627999999931
13398,指导性,66,0.0007,92.3697999999931
13399,有罪,66,0.0007,92.3704999999931
13400,化身,66,0.0007,92.3711999999931
13401,柏林,66,0.0007,92.3718999999931
13402,皇家,66,0.0007,92.3725999999931
13403,教育者,66,0.0007,92.3732999999931
13404,高血压,66,0.0007,92.373999999993
13405,艇,66,0.0007,92.3634999999931
13406,印第安人,66,0.0007,92.3963999999929
13407,舰,66,0.0007,92.4005999999928
13408,趋向,66,0.0007,92.4012999999928
13409,崛起,66,0.0007,92.4019999999928
13410,对联,66,0.0007,92.4033999999928
13411,急速,66,0.0007,92.3998999999929
13412,王明,66,0.0007,92.4047999999928
13413,畜牧,66,0.0007,92.4054999999928
13414,失利,66,0.0007,92.4061999999928
13415,相切,66,0.0007,92.4068999999928
13416,剌,66,0.0007,92.4117999999928
13417,后肢,66,0.0007,92.4110999999928
13418,连贯,66,0.0007,92.4103999999928
13419,料,66,0.0007,92.4075999999928
13420,前列,66,0.0007,92.4089999999928
13421,倒入,66,0.0007,92.4082999999928
13422,越,66,0.0007,92.4096999999928
13423,分担,66,0.0007,92.4040999999928
13424,画中,66,0.0007,92.3928999999929
13425,罪过,66,0.0007,92.3886999999929
13426,奔去,66,0.0007,92.3893999999929
13427,探出,66,0.0007,92.3900999999929
13428,致命,66,0.0007,92.3907999999929
13429,绸,66,0.0007,92.3914999999929
13430,第一个五年计划,66,0.0007,92.3921999999929
13431,老鹰,66,0.0007,92.3942999999929
13432,用语,66,0.0007,92.3991999999929
13433,听出,66,0.0007,92.4026999999928
13434,合上,66,0.0007,92.3935999999929
13435,大工业,66,0.0007,92.3879999999929
13436,博得,66,0.0007,92.3949999999929
13437,敲门,66,0.0007,92.3956999999929
13438,沮丧,66,0.0007,92.3977999999929
13439,晚间,66,0.0007,92.3984999999929
13440,红外,66,0.0007,92.376799999993
13441,自古,66,0.0007,92.3480999999932
13442,高档,66,0.0007,92.3263999999934
13443,估算,66,0.0007,92.3333999999933
13444,得当,66,0.0007,92.3284999999934
13445,畔,66,0.0007,92.3291999999934
13446,剧院,66,0.0007,92.3487999999932
13447,圣人,66,0.0007,92.3298999999934
13448,肩负,66,0.0007,92.376099999993
13449,肛门,66,0.0007,92.3375999999933
13450,开荒,66,0.0007,92.3312999999934
13451,声誉,66,0.0007,92.3256999999934
13452,做起,66,0.0007,92.3235999999934
13453,赠送,66,0.0007,92.3326999999934
13454,极性,66,0.0007,92.3305999999934
13455,触及,66,0.0007,92.3340999999933
13456,海底,66,0.0007,92.3347999999933
13457,驳,66,0.0007,92.3354999999933
13458,课外,66,0.0007,92.3361999999933
13459,单项,66,0.0007,92.3368999999933
13460,惊愕,66,0.0007,92.3319999999934
13461,紧迫,66,0.0007,92.3144999999935
13462,烛,66,0.0007,92.3151999999935
13463,时装,66,0.0007,92.3158999999935
13464,舱里,66,0.0007,92.3165999999935
13465,唱片,66,0.0007,92.3172999999935
13466,对偶,66,0.0007,92.3179999999935
13467,那时候,66,0.0007,92.3186999999935
13468,追击,66,0.0007,92.3193999999935
13469,坠,66,0.0007,92.3200999999934
13470,拉长,66,0.0007,92.3207999999934
13471,补给,66,0.0007,92.3214999999934
13472,有一回,66,0.0007,92.3221999999934
13473,见闻,66,0.0007,92.3249999999934
13474,贱,66,0.0007,92.3228999999934
13475,腮,66,0.0007,92.3242999999934
13476,吭声,66,0.0007,92.3277999999934
13477,假装,66,0.0007,92.3613999999931
13478,巴,66,0.0007,92.3508999999932
13479,动用,66,0.0007,92.3515999999932
13480,周围,66,0.0007,92.3522999999932
13481,病原体,66,0.0007,92.3529999999932
13482,光绪,66,0.0007,92.3536999999932
13483,急躁,66,0.0007,92.3543999999932
13484,管制,66,0.0007,92.3620999999931
13485,起先,66,0.0007,92.3557999999932
13486,宁夏,66,0.0007,92.3501999999932
13487,召唤,66,0.0007,92.3571999999932
13488,棚子,66,0.0007,92.3578999999932
13489,咽,66,0.0007,92.3585999999932
13490,积聚,66,0.0007,92.3592999999932
13491,角逐,66,0.0007,92.3599999999931
13492,独奏,66,0.0007,92.3606999999931
13493,让给,66,0.0007,92.3445999999933
13494,请到,66,0.0007,92.3431999999933
13495,转让,66,0.0007,92.3564999999932
13496,脊椎动物,66,0.0007,92.3270999999934
13497,尸,66,0.0007,92.3550999999932
13498,使,66,0.0007,92.3389999999933
13499,嘟,66,0.0007,92.3396999999933
13500,匣,66,0.0007,92.3403999999933
13501,忧愁,66,0.0007,92.3410999999933
13502,偏转,66,0.0007,92.3417999999933
13503,思想意识,66,0.0007,92.3424999999933
13504,惊呆,66,0.0007,92.3494999999932
13505,健,66,0.0007,92.3438999999933
13506,乐于,66,0.0007,92.3382999999933
13507,挺进,66,0.0007,92.3452999999933
13508,日渐,66,0.0007,92.3459999999933
13509,副高,66,0.0007,92.3466999999932
13510,同位素,66,0.0007,92.3473999999932
13511,绚丽,65,0.0007,92.4866999999922
13512,精明,65,0.0007,92.4880999999922
13513,庄稼人,65,0.0007,92.4936999999922
13514,迁到,65,0.0007,92.4894999999922
13515,停产,65,0.0007,92.4901999999922
13516,插图,65,0.0007,92.4908999999922
13517,挣脱,65,0.0007,92.4915999999922
13518,科学管理,65,0.0007,92.4999999999921
13519,亲信,65,0.0007,92.4929999999922
13520,缝隙,65,0.0007,92.4859999999922
13521,小调,65,0.0007,92.4943999999922
13522,吕布,65,0.0007,92.4950999999921
13523,中专,65,0.0007,92.4957999999921
13524,信封,65,0.0007,92.4964999999921
13525,无意中,65,0.0007,92.4971999999921
13526,和睦,65,0.0007,92.4978999999921
13527,社交,65,0.0007,92.4985999999921
13528,归宿,65,0.0007,92.4992999999921
13529,流到,65,0.0007,92.4551999999924
13530,跳上,65,0.0007,92.4789999999923
13531,水池,65,0.0007,92.4873999999922
13532,一肚子,65,0.0007,92.4775999999923
13533,有功,65,0.0007,92.4922999999922
13534,关键,65,0.0007,92.4726999999923
13535,火线,65,0.0007,92.4733999999923
13536,姑姑,65,0.0007,92.4740999999923
13537,对,65,0.0007,92.4747999999923
13538,蘸,65,0.0007,92.4754999999923
13539,留在,65,0.0007,92.4761999999923
13540,婶子,65,0.0007,92.4768999999923
13541,喉,65,0.0007,92.4852999999922
13542,美满,65,0.0007,92.4782999999923
13543,摔倒,65,0.0007,92.4712999999923
13544,海中,65,0.0007,92.4796999999923
13545,末端,65,0.0007,92.4803999999923
13546,探明,65,0.0007,92.4810999999923
13547,黄牛,65,0.0007,92.4817999999922
13548,重申,65,0.0007,92.4824999999922
13549,敌机,65,0.0007,92.4831999999922
13550,运来,65,0.0007,92.4838999999922
13551,排队,65,0.0007,92.4845999999922
13552,缔结,65,0.0007,92.4719999999923
13553,悠悠,65,0.0007,92.513999999992
13554,锐利,65,0.0007,92.517499999992
13555,银河系,65,0.0007,92.516799999992
13556,鱼种,65,0.0007,92.521699999992
13557,有色,65,0.0007,92.518199999992
13558,海鹰,65,0.0007,92.518899999992
13559,一百二十,65,0.0007,92.519599999992
13560,凶狠,65,0.0007,92.5286999999919
13561,始于,65,0.0007,92.520999999992
13562,有把握,65,0.0007,92.515399999992
13563,快走,65,0.0007,92.5223999999919
13564,郎,65,0.0007,92.5279999999919
13565,禽,65,0.0007,92.5230999999919
13566,不绝,65,0.0007,92.5237999999919
13567,遗体,65,0.0007,92.5244999999919
13568,师大,65,0.0007,92.5251999999919
13569,砖头,65,0.0007,92.5258999999919
13570,指令性计划,65,0.0007,92.5265999999919
13571,西北部,65,0.0007,92.5272999999919
13572,男方,65,0.0007,92.5293999999919
13573,端正,65,0.0007,92.520299999992
13574,书信,65,0.0007,92.5069999999921
13575,公事,65,0.0007,92.5013999999921
13576,校园,65,0.0007,92.5020999999921
13577,正经,65,0.0007,92.5027999999921
13578,原地,65,0.0007,92.5034999999921
13579,清香,65,0.0007,92.5041999999921
13580,体格,65,0.0007,92.5048999999921
13581,培养基,65,0.0007,92.5055999999921
13582,洪流,65,0.0007,92.5062999999921
13583,忍住,65,0.0007,92.514699999992
13584,献出,65,0.0007,92.5076999999921
13585,券,65,0.0007,92.5006999999921
13586,论著,65,0.0007,92.509099999992
13587,瓢,65,0.0007,92.509799999992
13588,以利于,65,0.0007,92.510499999992
13589,加倍,65,0.0007,92.511199999992
13590,即刻,65,0.0007,92.511899999992
13591,更替,65,0.0007,92.5083999999921
13592,山羊,65,0.0007,92.512599999992
13593,土地革命,65,0.0007,92.516099999992
13594,检修,65,0.0007,92.513299999992
13595,瓣,65,0.0007,92.4887999999922
13596,营业员,65,0.0007,92.4544999999924
13597,沙土,65,0.0007,92.4299999999926
13598,丢失,65,0.0007,92.4292999999926
13599,脂肪酸,65,0.0007,92.4306999999926
13600,汲取,65,0.0007,92.4215999999927
13601,探望,65,0.0007,92.4313999999926
13602,招待所,65,0.0007,92.4334999999926
13603,特制,65,0.0007,92.4320999999926
13604,感染力,65,0.0007,92.4327999999926
13605,财主,65,0.0007,92.4411999999925
13606,匀称,65,0.0007,92.4341999999926
13607,原型,65,0.0007,92.4271999999927
13608,冲到,65,0.0007,92.4355999999926
13609,填充,65,0.0007,92.4362999999926
13610,风化,65,0.0007,92.4369999999926
13611,都督,65,0.0007,92.4376999999926
13612,毒害,65,0.0007,92.4383999999926
13613,中年人,65,0.0007,92.4390999999926
13614,政体,65,0.0007,92.4397999999926
13615,动植物,65,0.0007,92.4404999999926
13616,无需,65,0.0007,92.4348999999926
13617,汉,65,0.0007,92.4257999999927
13618,辽,65,0.0007,92.4152999999927
13619,镭,65,0.0007,92.4131999999928
13620,眼,65,0.0007,92.4124999999928
13621,近期,65,0.0007,92.4187999999927
13622,起源,65,0.0007,92.4145999999927
13623,癞,65,0.0007,92.4159999999927
13624,官职,65,0.0007,92.4166999999927
13625,编排,65,0.0007,92.4173999999927
13626,乘法,65,0.0007,92.4180999999927
13627,生产物,65,0.0007,92.4138999999928
13628,奖,65,0.0007,92.4194999999927
13629,象征,65,0.0007,92.4264999999927
13630,摇摇,65,0.0007,92.4208999999927
13631,跃进,65,0.0007,92.4229999999927
13632,触角,65,0.0007,92.4201999999927
13633,受体,65,0.0007,92.4243999999927
13634,消遣,65,0.0007,92.4250999999927
13635,驶,65,0.0007,92.4236999999927
13636,详尽,65,0.0007,92.4222999999927
13637,猿,65,0.0007,92.4285999999926
13638,各国,65,0.0007,92.4642999999924
13639,秦,65,0.0007,92.4572999999924
13640,反党,65,0.0007,92.4579999999924
13641,送回,65,0.0007,92.4586999999924
13642,疏忽,65,0.0007,92.4593999999924
13643,大手,65,0.0007,92.4600999999924
13644,检察官,65,0.0007,92.4607999999924
13645,口令,65,0.0007,92.4614999999924
13646,一九五八,65,0.0007,92.4621999999924
13647,本想,65,0.0007,92.4705999999923
13648,知名,65,0.0007,92.4635999999924
13649,厂商,65,0.0007,92.4565999999924
13650,竖,65,0.0007,92.4649999999924
13651,政治路线,65,0.0007,92.4656999999924
13652,恳求,65,0.0007,92.4663999999924
13653,时事,65,0.0007,92.4670999999924
13654,骚动,65,0.0007,92.4677999999924
13655,众所周知,65,0.0007,92.4684999999923
13656,魏,65,0.0007,92.4691999999923
13657,索,65,0.0007,92.4698999999923
13658,利害,65,0.0007,92.4495999999925
13659,立案,65,0.0007,92.4481999999925
13660,气态,65,0.0007,92.4628999999924
13661,胶体,65,0.0007,92.4432999999925
13662,经脉,65,0.0007,92.4439999999925
13663,恍然大悟,65,0.0007,92.4446999999925
13664,能耐,65,0.0007,92.4453999999925
13665,王魁,65,0.0007,92.4460999999925
13666,金子,65,0.0007,92.4467999999925
13667,牵动,65,0.0007,92.4474999999925
13668,倒立,65,0.0007,92.4558999999924
13669,顾不得,65,0.0007,92.4488999999925
13670,渲染,65,0.0007,92.4418999999925
13671,攥,65,0.0007,92.4502999999925
13672,存贮,65,0.0007,92.4425999999925
13673,惊叹,65,0.0007,92.4509999999925
13674,待业,65,0.0007,92.4278999999926
13675,大宗,65,0.0007,92.4516999999925
13676,花猫,65,0.0007,92.4523999999925
13677,有机化合物,65,0.0007,92.4530999999925
13678,羔羊,65,0.0007,92.4537999999925
13679,工艺品,64,0.0007,92.6042999999913
13680,会议室,64,0.0007,92.6231999999912
13681,火,64,0.0007,92.6049999999913
13682,除外,64,0.0007,92.6154999999913
13683,痛心,64,0.0007,92.6056999999913
13684,及早,64,0.0007,92.6063999999913
13685,导出,64,0.0007,92.6070999999913
13686,地衣,64,0.0007,92.6077999999913
13687,市场经济,64,0.0007,92.6161999999913
13688,低层,64,0.0007,92.6091999999913
13689,尚不,64,0.0007,92.6021999999914
13690,山楂,64,0.0007,92.6105999999913
13691,蝌蚪,64,0.0007,92.6112999999913
13692,腹痛,64,0.0007,92.6119999999913
13693,大锅饭,64,0.0007,92.6126999999913
13694,支票,64,0.0007,92.6133999999913
13695,透视,64,0.0007,92.6140999999913
13696,污染物,64,0.0007,92.6147999999913
13697,教士,64,0.0007,92.5951999999914
13698,好日子,64,0.0007,92.6098999999913
13699,不小心,64,0.0007,92.6084999999913
13700,际,64,0.0007,92.5888999999915
13701,创造者,64,0.0007,92.5895999999914
13702,臀部,64,0.0007,92.5902999999914
13703,物件,64,0.0007,92.5909999999914
13704,宜昌,64,0.0007,92.5916999999914
13705,呜,64,0.0007,92.5923999999914
13706,同一,64,0.0007,92.5930999999914
13707,抬高,64,0.0007,92.6014999999914
13708,苦心,64,0.0007,92.5944999999914
13709,白雪,64,0.0007,92.5881999999915
13710,情调,64,0.0007,92.5958999999914
13711,烙印,64,0.0007,92.5965999999914
13712,公报,64,0.0007,92.5972999999914
13713,逸,64,0.0007,92.5979999999914
13714,分享,64,0.0007,92.5986999999914
13715,扎实,64,0.0007,92.5993999999914
13716,锰,64,0.0007,92.6000999999914
13717,衣衫,64,0.0007,92.6007999999914
13718,斋,64,0.0007,92.5937999999914
13719,袍,64,0.0007,92.6294999999912
13720,异物,64,0.0007,92.6336999999911
13721,地形图,64,0.0007,92.6315999999911
13722,等价,64,0.0007,92.6322999999911
13723,李白,64,0.0007,92.6350999999911
13724,表姐,64,0.0007,92.6399999999911
13725,换取,64,0.0007,92.6357999999911
13726,诙谐,64,0.0007,92.6308999999911
13727,金,64,0.0007,92.6364999999911
13728,空,64,0.0007,92.6371999999911
13729,真话,64,0.0007,92.6413999999911
13730,花冠,64,0.0007,92.644199999991
13731,硫酸铜,64,0.0007,92.6434999999911
13732,概括性,64,0.0007,92.6427999999911
13733,安定团结,64,0.0007,92.6420999999911
13734,火车头,64,0.0007,92.6378999999911
13735,书桌,64,0.0007,92.6406999999911
13736,生物学家,64,0.0007,92.644899999991
13737,候,64,0.0007,92.6392999999911
13738,探究,64,0.0007,92.6385999999911
13739,武士,64,0.0007,92.6343999999911
13740,以东,64,0.0007,92.6224999999912
13741,胡闹,64,0.0007,92.6175999999912
13742,夹,64,0.0007,92.6182999999912
13743,工作队,64,0.0007,92.6189999999912
13744,请看,64,0.0007,92.6196999999912
13745,羊群,64,0.0007,92.6203999999912
13746,戏剧性,64,0.0007,92.6210999999912
13747,裁,64,0.0007,92.6238999999912
13748,木匠,64,0.0007,92.6301999999911
13749,眼儿,64,0.0007,92.6329999999911
13750,阿拉伯人,64,0.0007,92.6168999999912
13751,外号,64,0.0007,92.6245999999912
13752,啄,64,0.0007,92.6252999999912
13753,洋铁桶,64,0.0007,92.6259999999912
13754,仿效,64,0.0007,92.6266999999912
13755,小伙伴,64,0.0007,92.6273999999912
13756,洗净,64,0.0007,92.5713999999916
13757,氧化剂,64,0.0007,92.6217999999912
13758,有空,64,0.0007,92.6035999999913
13759,副热带,64,0.0007,92.6280999999912
13760,物权,64,0.0007,92.6287999999912
13761,仁,64,0.0007,92.6028999999914
13762,机床,64,0.0007,92.5720999999916
13763,心愿,64,0.0007,92.5447999999918
13764,操场,64,0.0007,92.5454999999918
13765,所知,64,0.0007,92.5482999999918
13766,丰富多采,64,0.0007,92.5489999999918
13767,抱起,64,0.0007,92.5496999999917
13768,科学史,64,0.0007,92.5580999999917
13769,饲,64,0.0007,92.5510999999917
13770,再一次,64,0.0007,92.5440999999918
13771,领到,64,0.0007,92.5412999999918
13772,铺,64,0.0007,92.5524999999917
13773,乍,64,0.0007,92.5503999999917
13774,超声波,64,0.0007,92.5531999999917
13775,涨价,64,0.0007,92.5538999999917
13776,人次,64,0.0007,92.5545999999917
13777,小镇,64,0.0007,92.5552999999917
13778,千金,64,0.0007,92.5559999999917
13779,强行,64,0.0007,92.5566999999917
13780,管家,64,0.0007,92.5573999999917
13781,不如,64,0.0007,92.5517999999917
13782,延长线,64,0.0007,92.5314999999919
13783,充血,64,0.0007,92.5349999999919
13784,立足,64,0.0007,92.5300999999919
13785,打,64,0.0007,92.5342999999919
13786,迟钝,64,0.0007,92.5335999999919
13787,丸,64,0.0007,92.5328999999919
13788,无益,64,0.0007,92.5321999999919
13789,海面,64,0.0007,92.5307999999919
13790,散,64,0.0007,92.5356999999918
13791,功效,64,0.0007,92.5363999999918
13792,供奉,64,0.0007,92.5370999999918
13793,放手,64,0.0007,92.5377999999918
13794,集结,64,0.0007,92.5384999999918
13795,怒火,64,0.0007,92.5391999999918
13796,地热,64,0.0007,92.5398999999918
13797,哀求,64,0.0007,92.5433999999918
13798,大门口,64,0.0007,92.5405999999918
13799,时局,64,0.0007,92.5419999999918
13800,林瑛,64,0.0007,92.5426999999918
13801,其人,64,0.0007,92.5468999999918
13802,势力范围,64,0.0007,92.5811999999915
13803,礼品,64,0.0007,92.5741999999916
13804,赤裸裸,64,0.0007,92.5748999999916
13805,背诵,64,0.0007,92.5755999999916
13806,无产者,64,0.0007,92.5762999999915
13807,动物园,64,0.0007,92.5769999999915
13808,吞食,64,0.0007,92.5776999999915
13809,蔓,64,0.0007,92.5783999999915
13810,独,64,0.0007,92.5790999999915
13811,为数,64,0.0007,92.5874999999915
13812,混战,64,0.0007,92.5804999999915
13813,抽调,64,0.0007,92.5734999999916
13814,骨髓,64,0.0007,92.5818999999915
13815,欣慰,64,0.0007,92.5825999999915
13816,头目,64,0.0007,92.5832999999915
13817,端正,64,0.0007,92.5839999999915
13818,宇航,64,0.0007,92.5846999999915
13819,进行曲,64,0.0007,92.5853999999915
13820,瞄准,64,0.0007,92.5860999999915
13821,缠绕,64,0.0007,92.5594999999917
13822,筹建,64,0.0007,92.5664999999916
13823,降温,64,0.0007,92.5461999999918
13824,拆开,64,0.0007,92.5650999999916
13825,圆圆,64,0.0007,92.5797999999915
13826,水底,64,0.0007,92.5601999999917
13827,门诊,64,0.0007,92.5608999999917
13828,感觉器官,64,0.0007,92.5615999999917
13829,一代,64,0.0007,92.5622999999917
13830,干干净净,64,0.0007,92.5629999999916
13831,歪,64,0.0007,92.5636999999916
13832,新闻记者,64,0.0007,92.5643999999916
13833,唱起,64,0.0007,92.5727999999916
13834,土层,64,0.0007,92.5657999999916
13835,宫殿,64,0.0007,92.5587999999917
13836,商船,64,0.0007,92.5671999999916
13837,军部,64,0.0007,92.5678999999916
13838,这天,64,0.0007,92.5685999999916
13839,控诉,64,0.0007,92.5692999999916
13840,激昂,64,0.0007,92.5699999999916
13841,诗经,64,0.0007,92.5706999999916
13842,十点,64,0.0007,92.5867999999915
13843,讲求,64,0.0007,92.5475999999918
13844,般,63,0.0007,92.7127999999905
13845,厉声,63,0.0007,92.7176999999905
13846,沉静,63,0.0007,92.7134999999905
13847,午餐,63,0.0007,92.7141999999905
13848,雷,63,0.0007,92.7148999999905
13849,迅猛,63,0.0007,92.7155999999905
13850,怕是,63,0.0007,92.7232999999905
13851,写上,63,0.0007,92.7169999999905
13852,毛发,63,0.0007,92.7106999999906
13853,揍,63,0.0007,92.7183999999905
13854,本着,63,0.0007,92.7190999999905
13855,处死,63,0.0007,92.7197999999905
13856,名声,63,0.0007,92.7204999999905
13857,内燃机,63,0.0007,92.7211999999905
13858,喜出望外,63,0.0007,92.7218999999905
13859,殖民者,63,0.0007,92.7225999999905
13860,开明,63,0.0007,92.7043999999906
13861,躲到,63,0.0007,92.7029999999906
13862,乡亲,63,0.0007,92.7162999999905
13863,注册,63,0.0007,92.6987999999906
13864,顽皮,63,0.0007,92.6994999999906
13865,皮包,63,0.0007,92.7001999999906
13866,非凡,63,0.0007,92.7008999999906
13867,紧贴,63,0.0007,92.7015999999906
13868,保养,63,0.0007,92.7022999999906
13869,传记,63,0.0007,92.7099999999906
13870,前所未有,63,0.0007,92.7036999999906
13871,出奇,63,0.0007,92.6973999999907
13872,叛变,63,0.0007,92.7050999999906
13873,溪水,63,0.0007,92.7057999999906
13874,读到,63,0.0007,92.7064999999906
13875,胃口,63,0.0007,92.7071999999906
13876,掌柜的,63,0.0007,92.7078999999906
13877,限期,63,0.0007,92.7085999999906
13878,录用,63,0.0007,92.7092999999906
13879,诬蔑,63,0.0007,92.6980999999906
13880,门窗,63,0.0007,92.7358999999904
13881,焦耳,63,0.0007,92.7379999999904
13882,债权,63,0.0007,92.7414999999903
13883,人大,63,0.0007,92.7386999999903
13884,客户,63,0.0007,92.7393999999903
13885,持有,63,0.0007,92.7498999999903
13886,吟,63,0.0007,92.7407999999903
13887,生计,63,0.0007,92.7372999999904
13888,不适,63,0.0007,92.7421999999903
13889,圆柱,63,0.0007,92.7428999999903
13890,乡下,63,0.0007,92.7491999999903
13891,五代,63,0.0007,92.7442999999903
13892,含笑,63,0.0007,92.7449999999903
13893,周期表,63,0.0007,92.7456999999903
13894,报馆,63,0.0007,92.7463999999903
13895,人家,63,0.0007,92.7470999999903
13896,单打,63,0.0007,92.7477999999903
13897,抵御,63,0.0007,92.7484999999903
13898,三十三,63,0.0007,92.7435999999903
13899,钞,63,0.0007,92.7400999999903
13900,昏,63,0.0007,92.7295999999904
13901,确实,63,0.0007,92.7246999999904
13902,慈爱,63,0.0007,92.7253999999904
13903,指使,63,0.0007,92.7260999999904
13904,档,63,0.0007,92.7267999999904
13905,无视,63,0.0007,92.7274999999904
13906,不朽,63,0.0007,92.7281999999904
13907,恶毒,63,0.0007,92.7288999999904
13908,癌症,63,0.0007,92.7365999999904
13909,再有,63,0.0007,92.7302999999904
13910,业绩,63,0.0007,92.7239999999905
13911,非生产性,63,0.0007,92.7316999999904
13912,翻译,63,0.0007,92.7323999999904
13913,老奶奶,63,0.0007,92.7330999999904
13914,红灯,63,0.0007,92.7337999999904
13915,高占武,63,0.0007,92.7309999999904
13916,黄瓜,63,0.0007,92.7351999999904
13917,园地,63,0.0007,92.7344999999904
13918,高高兴兴,63,0.0007,92.7113999999905
13919,自留地,63,0.0007,92.6819999999908
13920,诗词,63,0.0007,92.6588999999909
13921,定义,63,0.0007,92.6602999999909
13922,地质学,63,0.0007,92.6637999999909
13923,蝇,63,0.0007,92.6616999999909
13924,亮光,63,0.0007,92.6623999999909
13925,拍子,63,0.0007,92.6630999999909
13926,问候,63,0.0007,92.6707999999908
13927,进出,63,0.0007,92.6644999999909
13928,实有,63,0.0007,92.6581999999909
13929,对峙,63,0.0007,92.6658999999909
13930,分家,63,0.0007,92.6665999999909
13931,涉,63,0.0007,92.6672999999909
13932,瓣,63,0.0007,92.6679999999909
13933,发愁,63,0.0007,92.6686999999909
13934,休,63,0.0007,92.6693999999909
13935,稀有,63,0.0007,92.6700999999909
13936,调度,63,0.0007,92.6651999999909
13937,就坐,63,0.0007,92.645599999991
13938,做官,63,0.0007,92.647699999991
13939,教给,63,0.0007,92.648399999991
13940,小家伙,63,0.0007,92.649099999991
13941,治好,63,0.0007,92.649799999991
13942,沉浸,63,0.0007,92.650499999991
13943,基本路线,63,0.0007,92.646299999991
13944,土豆,63,0.0007,92.651199999991
13945,埋葬,63,0.0007,92.651899999991
13946,老三,63,0.0007,92.652599999991
13947,截然不同,63,0.0007,92.653299999991
13948,简短,63,0.0007,92.653999999991
13949,过早,63,0.0007,92.654699999991
13950,涵义,63,0.0007,92.655399999991
13951,室外,63,0.0007,92.6574999999909
13952,巡逻,63,0.0007,92.656099999991
13953,复原,63,0.0007,92.646999999991
13954,全不,63,0.0007,92.656799999991
13955,患有,63,0.0007,92.6609999999909
13956,一刹那,63,0.0007,92.6959999999907
13957,汉文,63,0.0007,92.6847999999907
13958,帮助,63,0.0007,92.6854999999907
13959,杀菌,63,0.0007,92.6861999999907
13960,长期,63,0.0007,92.6868999999907
13961,腹膜,63,0.0007,92.6875999999907
13962,试纸,63,0.0007,92.6882999999907
13963,见效,63,0.0007,92.6889999999907
13964,辗转,63,0.0007,92.6966999999907
13965,斯,63,0.0007,92.6903999999907
13966,多多,63,0.0007,92.6840999999907
13967,化成,63,0.0007,92.6917999999907
13968,棉布,63,0.0007,92.6924999999907
13969,满面,63,0.0007,92.6931999999907
13970,宰,63,0.0007,92.6938999999907
13971,伪,63,0.0007,92.6945999999907
13972,出海,63,0.0007,92.6952999999907
13973,虚弱,63,0.0007,92.6777999999908
13974,农民运动,63,0.0007,92.6910999999907
13975,动弹,63,0.0007,92.6763999999908
13976,苏军,63,0.0007,92.6896999999907
13977,信息量,63,0.0007,92.6595999999909
13978,哪能,63,0.0007,92.6721999999908
13979,小鸡,63,0.0007,92.6728999999908
13980,碧,63,0.0007,92.6735999999908
13981,佟,63,0.0007,92.6742999999908
13982,桑叶,63,0.0007,92.6749999999908
13983,升到,63,0.0007,92.6756999999908
13984,插秧,63,0.0007,92.6833999999908
13985,破除,63,0.0007,92.6770999999908
13986,胆量,63,0.0007,92.6714999999908
13987,震撼,63,0.0007,92.6826999999908
13988,有机质,63,0.0007,92.6784999999908
13989,车队,63,0.0007,92.7120999999905
13990,周身,63,0.0007,92.6791999999908
13991,三国,63,0.0007,92.6798999999908
13992,蛔虫,63,0.0007,92.6805999999908
13993,机舱,63,0.0007,92.6812999999908
13994,停泊,62,0.0006,92.8068999999908
13995,平衡,62,0.0006,92.8074999999908
13996,糕,62,0.0006,92.8080999999908
13997,浸泡,62,0.0006,92.8086999999908
13998,柴油机,62,0.0006,92.8152999999909
13999,局里,62,0.0006,92.8098999999908
14000,纸带,62,0.0006,92.8050999999908
14001,谷地,62,0.0006,92.8110999999908
14002,万能,62,0.0006,92.8116999999909
14003,精湛,62,0.0006,92.8122999999909
14004,经济学家,62,0.0006,92.8128999999909
14005,岩浆,62,0.0006,92.8134999999909
14006,大业,62,0.0006,92.8140999999909
14007,兵团,62,0.0006,92.8146999999909
14008,叙,62,0.0006,92.7996999999907
14009,海岛,62,0.0006,92.825499999991
14010,窟窿,62,0.0006,92.7984999999907
14011,理睬,62,0.0006,92.8104999999908
14012,颠簸,62,0.0006,92.8092999999908
14013,追踪,62,0.0006,92.7954999999907
14014,世界大战,62,0.0006,92.7960999999907
14015,母女,62,0.0006,92.7966999999907
14016,随,62,0.0006,92.7972999999907
14017,整洁,62,0.0006,92.7978999999907
14018,白衣,62,0.0006,92.8044999999908
14019,临近,62,0.0006,92.7990999999907
14020,消化道,62,0.0006,92.7942999999907
14021,计时,62,0.0006,92.8002999999907
14022,平均,62,0.0006,92.8008999999907
14023,中央政府,62,0.0006,92.8014999999908
14024,别扭,62,0.0006,92.8020999999908
14025,拉起,62,0.0006,92.8026999999908
14026,一成不变,62,0.0006,92.8032999999908
14027,兼并,62,0.0006,92.8038999999908
14028,真心,62,0.0006,92.7948999999907
14029,手电筒,62,0.0006,92.824899999991
14030,拄,62,0.0006,92.827899999991
14031,对内,62,0.0006,92.829099999991
14032,排挤,62,0.0006,92.827299999991
14033,间谍,62,0.0006,92.829699999991
14034,织云,62,0.0006,92.830299999991
14035,焉,62,0.0006,92.830899999991
14036,粉红色,62,0.0006,92.831499999991
14037,宗教改革,62,0.0006,92.832099999991
14038,杂乱,62,0.0006,92.832699999991
14039,看透,62,0.0006,92.8338999999911
14040,颂,62,0.0006,92.8374999999911
14041,始,62,0.0006,92.8368999999911
14042,胃肠,62,0.0006,92.8362999999911
14043,要,62,0.0006,92.8356999999911
14044,附有,62,0.0006,92.8350999999911
14045,捎,62,0.0006,92.8332999999911
14046,年长,62,0.0006,92.8344999999911
14047,篮球,62,0.0006,92.8206999999909
14048,五色,62,0.0006,92.8164999999909
14049,繁衍,62,0.0006,92.8170999999909
14050,圣地,62,0.0006,92.8176999999909
14051,路口,62,0.0006,92.8182999999909
14052,约,62,0.0006,92.8188999999909
14053,贬值,62,0.0006,92.8218999999909
14054,息,62,0.0006,92.8200999999909
14055,紫菜,62,0.0006,92.828499999991
14056,皆有,62,0.0006,92.826699999991
14057,回乡,62,0.0006,92.8212999999909
14058,壮烈,62,0.0006,92.8158999999909
14059,何在,62,0.0006,92.822499999991
14060,次,62,0.0006,92.823099999991
14061,守法,62,0.0006,92.823699999991
14062,血肉,62,0.0006,92.824299999991
14063,俨然,62,0.0006,92.8194999999909
14064,老天爷,62,0.0006,92.826099999991
14065,书架,62,0.0006,92.7816999999906
14066,夺回,62,0.0006,92.8062999999908
14067,使馆,62,0.0006,92.8056999999908
14068,伴,62,0.0006,92.7672999999904
14069,笔画,62,0.0006,92.7630999999904
14070,一九五一,62,0.0006,92.7636999999904
14071,储,62,0.0006,92.7642999999904
14072,同在,62,0.0006,92.7648999999904
14073,知识青年,62,0.0006,92.7714999999905
14074,安详,62,0.0006,92.7660999999904
14075,商品化,62,0.0006,92.7600999999904
14076,体表,62,0.0006,92.7612999999904
14077,冷落,62,0.0006,92.7654999999904
14078,东边,62,0.0006,92.7678999999904
14079,垄断资本,62,0.0006,92.7684999999904
14080,省略,62,0.0006,92.7690999999904
14081,捆,62,0.0006,92.7696999999905
14082,中华民国,62,0.0006,92.7702999999905
14083,摆布,62,0.0006,92.7708999999905
14084,砧木,62,0.0006,92.7666999999904
14085,研,62,0.0006,92.7588999999903
14086,林带,62,0.0006,92.7540999999903
14087,不胜,62,0.0006,92.7546999999903
14088,踏实,62,0.0006,92.7534999999903
14089,粗略,62,0.0006,92.7528999999903
14090,调来,62,0.0006,92.7522999999903
14091,网状,62,0.0006,92.7516999999903
14092,伤兵,62,0.0006,92.7510999999903
14093,龟,62,0.0006,92.7504999999903
14094,倾向,62,0.0006,92.7552999999903
14095,滚动,62,0.0006,92.7558999999903
14096,篝火,62,0.0006,92.7564999999903
14097,气魄,62,0.0006,92.7570999999903
14098,俯,62,0.0006,92.7576999999903
14099,才是,62,0.0006,92.7582999999903
14100,装,62,0.0006,92.7606999999904
14101,晴,62,0.0006,92.7594999999904
14102,迹象,62,0.0006,92.7624999999904
14103,南半球,62,0.0006,92.7930999999907
14104,一例,62,0.0006,92.7834999999906
14105,辜负,62,0.0006,92.7840999999906
14106,栗子,62,0.0006,92.7846999999906
14107,黑狗,62,0.0006,92.7852999999906
14108,轻率,62,0.0006,92.7858999999906
14109,大干,62,0.0006,92.7864999999906
14110,舵,62,0.0006,92.7870999999906
14111,十字,62,0.0006,92.7936999999907
14112,毕生,62,0.0006,92.7882999999906
14113,考生,62,0.0006,92.7828999999906
14114,越,62,0.0006,92.7894999999906
14115,同构,62,0.0006,92.7900999999906
14116,土,62,0.0006,92.7906999999907
14117,舒,62,0.0006,92.7912999999907
14118,明快,62,0.0006,92.7918999999907
14119,简称为,62,0.0006,92.7924999999907
14120,编辑部,62,0.0006,92.7762999999905
14121,万一,62,0.0006,92.7888999999906
14122,镇定,62,0.0006,92.7618999999904
14123,罗盘,62,0.0006,92.7876999999906
14124,顽固派,62,0.0006,92.7726999999905
14125,分工,62,0.0006,92.7732999999905
14126,国语,62,0.0006,92.7738999999905
14127,棒槌,62,0.0006,92.7744999999905
14128,张贵,62,0.0006,92.7750999999905
14129,手杖,62,0.0006,92.7756999999905
14130,清查,62,0.0006,92.7822999999906
14131,小楼,62,0.0006,92.7768999999905
14132,假,62,0.0006,92.7720999999905
14133,海燕,62,0.0006,92.7780999999905
14134,又名,62,0.0006,92.7786999999905
14135,才干,62,0.0006,92.7792999999905
14136,妓女,62,0.0006,92.7798999999905
14137,剃,62,0.0006,92.7804999999906
14138,划时代,62,0.0006,92.7810999999906
14139,温饱,62,0.0006,92.7774999999905
14140,包含有,61,0.0006,92.8962999999917
14141,海鸥,61,0.0006,92.8968999999917
14142,山河,61,0.0006,92.8974999999917
14143,开过,61,0.0006,92.8980999999917
14144,感想,61,0.0006,92.8986999999917
14145,比例尺,61,0.0006,92.9052999999917
14146,玫瑰,61,0.0006,92.8998999999917
14147,心里话,61,0.0006,92.8944999999916
14148,突发,61,0.0006,92.9010999999917
14149,闪过,61,0.0006,92.9016999999917
14150,西亚,61,0.0006,92.9022999999917
14151,旅店,61,0.0006,92.9028999999917
14152,转来,61,0.0006,92.9034999999917
14153,镜面,61,0.0006,92.9160999999918
14154,放款,61,0.0006,92.9040999999917
14155,胡友松,61,0.0006,92.9004999999917
14156,再不,61,0.0006,92.9046999999917
14157,大个子,61,0.0006,92.8890999999916
14158,自个儿,61,0.0006,92.8878999999916
14159,应邀,61,0.0006,92.8992999999917
14160,诱,61,0.0006,92.8842999999915
14161,抵触,61,0.0006,92.8848999999915
14162,蚊,61,0.0006,92.8854999999916
14163,加工厂,61,0.0006,92.8860999999916
14164,冰凉,61,0.0006,92.8866999999916
14165,开学,61,0.0006,92.8872999999916
14166,弯,61,0.0006,92.8938999999916
14167,清廷,61,0.0006,92.8884999999916
14168,门边,61,0.0006,92.8830999999915
14169,听者,61,0.0006,92.8896999999916
14170,露天,61,0.0006,92.8902999999916
14171,泥坑,61,0.0006,92.8908999999916
14172,好不容易,61,0.0006,92.8914999999916
14173,轮机,61,0.0006,92.8920999999916
14174,雌蕊,61,0.0006,92.8926999999916
14175,准许,61,0.0006,92.8932999999916
14176,谈谈,61,0.0006,92.8836999999915
14177,诚,61,0.0006,92.9154999999918
14178,心疼,61,0.0006,92.9178999999919
14179,沟里,61,0.0006,92.9190999999919
14180,董事,61,0.0006,92.9172999999919
14181,假象,61,0.0006,92.9202999999919
14182,历,61,0.0006,92.9208999999919
14183,工事,61,0.0006,92.9214999999919
14184,不坏,61,0.0006,92.9220999999919
14185,抑郁,61,0.0006,92.9226999999919
14186,床头,61,0.0006,92.9232999999919
14187,集中,61,0.0006,92.927499999992
14188,右侧,61,0.0006,92.9244999999919
14189,清兵,61,0.0006,92.9250999999919
14190,鉴赏,61,0.0006,92.9256999999919
14191,恍惚,61,0.0006,92.9262999999919
14192,卑鄙,61,0.0006,92.9268999999919
14193,落在,61,0.0006,92.9238999999919
14194,消逝,61,0.0006,92.928099999992
14195,水面,61,0.0006,92.9196999999919
14196,延缓,61,0.0006,92.9106999999918
14197,强国,61,0.0006,92.9064999999918
14198,省里,61,0.0006,92.9070999999918
14199,钉子,61,0.0006,92.9076999999918
14200,残疾人,61,0.0006,92.9082999999918
14201,大刀,61,0.0006,92.9088999999918
14202,航天飞机,61,0.0006,92.9094999999918
14203,仁,61,0.0006,92.9100999999918
14204,右倾,61,0.0006,92.9118999999918
14205,世界性,61,0.0006,92.9166999999918
14206,建起,61,0.0006,92.9184999999919
14207,孕,61,0.0006,92.9112999999918
14208,氧化铜,61,0.0006,92.9058999999917
14209,断开,61,0.0006,92.9124999999918
14210,翁,61,0.0006,92.9130999999918
14211,人和,61,0.0006,92.9136999999918
14212,感光,61,0.0006,92.9142999999918
14213,水桶,61,0.0006,92.9148999999918
14214,在座,61,0.0006,92.8950999999916
14215,堆放,61,0.0006,92.8470999999912
14216,憧憬,61,0.0006,92.8506999999912
14217,国旗,61,0.0006,92.8536999999912
14218,讲给,61,0.0006,92.8512999999912
14219,排卵,61,0.0006,92.8518999999912
14220,自给,61,0.0006,92.8524999999912
14221,不乏,61,0.0006,92.8530999999912
14222,榆树,61,0.0006,92.8596999999913
14223,体育课,61,0.0006,92.8542999999913
14224,一模一样,61,0.0006,92.8488999999912
14225,概况,61,0.0006,92.8554999999913
14226,无形,61,0.0006,92.8560999999913
14227,天边,61,0.0006,92.8566999999913
14228,飞出,61,0.0006,92.8572999999913
14229,颌骨,61,0.0006,92.8578999999913
14230,屑,61,0.0006,92.8584999999913
14231,说服力,61,0.0006,92.8590999999913
14232,单是,61,0.0006,92.8548999999913
14233,决非,61,0.0006,92.8476999999912
14234,顾不上,61,0.0006,92.8404999999911
14235,观察者,61,0.0006,92.8428999999911
14236,沐浴,61,0.0006,92.8392999999911
14237,首脑,61,0.0006,92.8398999999911
14238,新四军,61,0.0006,92.8410999999911
14239,双向,61,0.0006,92.8416999999911
14240,型号,61,0.0006,92.8422999999911
14241,组织法,61,0.0006,92.8386999999911
14242,攻打,61,0.0006,92.8434999999912
14243,根毛,61,0.0006,92.8440999999912
14244,山石,61,0.0006,92.8482999999912
14245,民用,61,0.0006,92.8452999999912
14246,议案,61,0.0006,92.8380999999911
14247,洋溢,61,0.0006,92.8458999999912
14248,不动产,61,0.0006,92.8704999999914
14249,梦幻,61,0.0006,92.8464999999912
14250,餐馆,61,0.0006,92.8956999999916
14251,爱好,61,0.0006,92.8500999999912
14252,触发,61,0.0006,92.8776999999915
14253,辅导,61,0.0006,92.8722999999914
14254,社会民主党,61,0.0006,92.8728999999914
14255,指南,61,0.0006,92.8734999999914
14256,乡间,61,0.0006,92.8740999999914
14257,木棍,61,0.0006,92.8746999999914
14258,索马里,61,0.0006,92.8752999999915
14259,底片,61,0.0006,92.8758999999915
14260,联军,61,0.0006,92.8824999999915
14261,开去,61,0.0006,92.8770999999915
14262,流失,61,0.0006,92.8716999999914
14263,相声,61,0.0006,92.8782999999915
14264,作成,61,0.0006,92.8788999999915
14265,伤心,61,0.0006,92.8794999999915
14266,联合体,61,0.0006,92.8800999999915
14267,拖延,61,0.0006,92.8806999999915
14268,减慢,61,0.0006,92.8812999999915
14269,周长,61,0.0006,92.8818999999915
14270,混杂,61,0.0006,92.8662999999914
14271,耻辱,61,0.0006,92.8650999999914
14272,限定,61,0.0006,92.8764999999915
14273,兄妹,61,0.0006,92.8614999999913
14274,上百,61,0.0006,92.8620999999913
14275,前述,61,0.0006,92.8626999999913
14276,写生,61,0.0006,92.8632999999913
14277,冰雹,61,0.0006,92.8638999999913
14278,座落,61,0.0006,92.8644999999914
14279,蝶,61,0.0006,92.8710999999914
14280,保加利亚,61,0.0006,92.8656999999914
14281,耸立,61,0.0006,92.8602999999913
14282,英俊,61,0.0006,92.8668999999914
14283,奔向,61,0.0006,92.8674999999914
14284,串,61,0.0006,92.8680999999914
14285,苦干,61,0.0006,92.8686999999914
14286,满腔,61,0.0006,92.8692999999914
14287,简单化,61,0.0006,92.8608999999913
14288,交界,61,0.0006,92.8698999999914
14289,舒展,61,0.0006,92.8494999999912
14290,浑浊,61,0.0006,92.8446999999912
14291,灾区,60,0.0006,93.0240999999929
14292,攻关,60,0.0006,92.9982999999926
14293,教派,60,0.0006,93.0102999999927
14294,水波,60,0.0006,92.9994999999926
14295,行情,60,0.0006,93.0000999999926
14296,廊,60,0.0006,93.0006999999926
14297,少数,60,0.0006,93.0012999999927
14298,伙食,60,0.0006,93.0018999999927
14299,定,60,0.0006,93.0024999999927
14300,柱头,60,0.0006,93.0108999999927
14301,门槛,60,0.0006,93.0036999999927
14302,核武器,60,0.0006,92.9970999999926
14303,感,60,0.0006,93.0048999999927
14304,扎扎实实,60,0.0006,93.0054999999927
14305,首创,60,0.0006,93.0060999999927
14306,相对湿度,60,0.0006,93.0066999999927
14307,阻,60,0.0006,93.0072999999927
14308,检索,60,0.0006,93.0078999999927
14309,步入,60,0.0006,93.0084999999927
14310,污泥,60,0.0006,93.0090999999927
14311,毛皮,60,0.0006,93.0096999999927
14312,衷心,60,0.0006,92.9904999999926
14313,巡捕,60,0.0006,93.0042999999927
14314,清末,60,0.0006,93.0030999999927
14315,请坐,60,0.0006,92.9838999999925
14316,健美,60,0.0006,92.9844999999925
14317,杂剧,60,0.0006,92.9850999999925
14318,扭曲,60,0.0006,92.9856999999925
14319,嫦娥,60,0.0006,92.9862999999925
14320,翻阅,60,0.0006,92.9868999999925
14321,面条,60,0.0006,92.9874999999925
14322,造船,60,0.0006,92.9880999999925
14323,醒目,60,0.0006,92.9886999999925
14324,末年,60,0.0006,92.9964999999926
14325,围住,60,0.0006,92.9898999999925
14326,任教,60,0.0006,92.9832999999925
14327,创制,60,0.0006,92.9910999999926
14328,衬托,60,0.0006,92.9916999999926
14329,膳食,60,0.0006,92.9922999999926
14330,不法,60,0.0006,92.9928999999926
14331,相对性,60,0.0006,92.9934999999926
14332,扰,60,0.0006,92.9940999999926
14333,肿大,60,0.0006,92.9946999999926
14334,酸碱,60,0.0006,92.9952999999926
14335,长叹,60,0.0006,92.9958999999926
14336,一派,60,0.0006,92.9892999999925
14337,消费量,60,0.0006,93.0234999999929
14338,碗,60,0.0006,93.0258999999929
14339,立宪,60,0.0006,93.0270999999929
14340,归属,60,0.0006,93.0276999999929
14341,制造业,60,0.0006,93.0252999999929
14342,穷苦,60,0.0006,93.0282999999929
14343,无政府,60,0.0006,93.0288999999929
14344,实业,60,0.0006,93.0294999999929
14345,史记,60,0.0006,93.0300999999929
14346,一晃,60,0.0006,93.0306999999929
14347,营救,60,0.0006,93.0312999999929
14348,值钱,60,0.0006,93.032499999993
14349,障碍物,60,0.0006,93.037899999993
14350,尖子,60,0.0006,93.037299999993
14351,氟,60,0.0006,93.036699999993
14352,踊跃,60,0.0006,93.035499999993
14353,三十七,60,0.0006,93.034899999993
14354,混为一谈,60,0.0006,93.034299999993
14355,倾倒,60,0.0006,93.0318999999929
14356,基调,60,0.0006,93.033699999993
14357,光能,60,0.0006,93.033099999993
14358,可悲,60,0.0006,93.036099999993
14359,全国人大,60,0.0006,93.0264999999929
14360,海风,60,0.0006,93.0174999999928
14361,空话,60,0.0006,93.0120999999928
14362,肉食,60,0.0006,93.0126999999928
14363,痛恨,60,0.0006,93.0132999999928
14364,腾出,60,0.0006,93.0138999999928
14365,回身,60,0.0006,93.0144999999928
14366,装出,60,0.0006,93.0150999999928
14367,八一,60,0.0006,93.0156999999928
14368,气孔,60,0.0006,93.0162999999928
14369,纯朴,60,0.0006,93.0168999999928
14370,垂下,60,0.0006,93.0246999999929
14371,最高,60,0.0006,93.0180999999928
14372,大水,60,0.0006,93.0114999999928
14373,有关,60,0.0006,93.0192999999928
14374,耐力,60,0.0006,93.0198999999928
14375,里,60,0.0006,93.0204999999928
14376,到,60,0.0006,93.0210999999928
14377,香气,60,0.0006,93.0216999999928
14378,跳进,60,0.0006,93.0222999999929
14379,打的,60,0.0006,93.0186999999928
14380,看中,60,0.0006,93.0228999999929
14381,作图,60,0.0006,92.9988999999926
14382,标出,60,0.0006,92.9640999999923
14383,坚韧,60,0.0006,92.9436999999921
14384,不客气,60,0.0006,92.9400999999921
14385,救命,60,0.0006,92.9442999999921
14386,无锡,60,0.0006,92.9478999999921
14387,竣工,60,0.0006,92.9448999999921
14388,无理,60,0.0006,92.9454999999921
14389,一九五三,60,0.0006,92.9652999999923
14390,矗立,60,0.0006,92.9460999999921
14391,挤满,60,0.0006,92.9976999999926
14392,匪徒,60,0.0006,92.9466999999921
14393,告辞,60,0.0006,92.9472999999921
14394,致密,60,0.0006,92.9550999999922
14395,食指,60,0.0006,92.9484999999922
14396,投机,60,0.0006,92.9418999999921
14397,兴盛,60,0.0006,92.9496999999922
14398,共用,60,0.0006,92.9502999999922
14399,古城,60,0.0006,92.9508999999922
14400,不久,60,0.0006,92.9514999999922
14401,长途,60,0.0006,92.9520999999922
14402,眠,60,0.0006,92.9526999999922
14403,理所当然,60,0.0006,92.9532999999922
14404,教育部,60,0.0006,92.9538999999922
14405,连成,60,0.0006,92.9544999999922
14406,理事会,60,0.0006,92.9490999999922
14407,击中,60,0.0006,92.9406999999921
14408,浓缩,60,0.0006,92.934099999992
14409,车马,60,0.0006,92.933499999992
14410,西边,60,0.0006,92.932299999992
14411,肖,60,0.0006,92.934699999992
14412,转折,60,0.0006,92.931099999992
14413,秃,60,0.0006,92.930499999992
14414,小胡子,60,0.0006,92.929899999992
14415,中立,60,0.0006,92.929299999992
14416,长发,60,0.0006,92.928699999992
14417,农业机械,60,0.0006,92.931699999992
14418,柑,60,0.0006,92.935299999992
14419,赋,60,0.0006,92.935899999992
14420,一阵子,60,0.0006,92.9412999999921
14421,特产,60,0.0006,92.937099999992
14422,绢,60,0.0006,92.932899999992
14423,击败,60,0.0006,92.937699999992
14424,投入,60,0.0006,92.9382999999921
14425,纱布,60,0.0006,92.936499999992
14426,体态,60,0.0006,92.9394999999921
14427,大总统,60,0.0006,92.9388999999921
14428,轮子,60,0.0006,92.9430999999921
14429,条子,60,0.0006,92.9766999999924
14430,大名,60,0.0006,92.9700999999924
14431,步行,60,0.0006,92.9706999999924
14432,黄豆,60,0.0006,92.9712999999924
14433,邮政,60,0.0006,92.9718999999924
14434,题为,60,0.0006,92.9724999999924
14435,混合物,60,0.0006,92.9730999999924
14436,立方,60,0.0006,92.9736999999924
14437,练功,60,0.0006,92.9742999999924
14438,玩弄,60,0.0006,92.9748999999924
14439,年纪,60,0.0006,92.9826999999925
14440,师付,60,0.0006,92.9760999999924
14441,民事诉讼,60,0.0006,92.9694999999924
14442,书刊,60,0.0006,92.9772999999924
14443,王文,60,0.0006,92.9778999999924
14444,晚餐,60,0.0006,92.9784999999924
14445,展销,60,0.0006,92.9790999999924
14446,官僚资本主义,60,0.0006,92.9796999999924
14447,亡国,60,0.0006,92.9802999999925
14448,大江,60,0.0006,92.9808999999925
14449,雷鸣,60,0.0006,92.9814999999925
14450,野菜,60,0.0006,92.9820999999925
14451,白苹,60,0.0006,92.9628999999923
14452,文武,60,0.0006,92.9616999999923
14453,譬如说,60,0.0006,92.9754999999924
14454,分红,60,0.0006,92.9568999999922
14455,海豚,60,0.0006,92.9574999999922
14456,绝迹,60,0.0006,92.9580999999922
14457,亲家,60,0.0006,92.9586999999922
14458,雄性,60,0.0006,92.9592999999923
14459,狭长,60,0.0006,92.9598999999923
14460,危及,60,0.0006,92.9604999999923
14461,业已,60,0.0006,92.9610999999923
14462,戒指,60,0.0006,92.9688999999923
14463,责怪,60,0.0006,92.9622999999923
14464,簇,60,0.0006,92.9556999999922
14465,获奖,60,0.0006,92.9634999999923
14466,聘,60,0.0006,92.9562999999922
14467,授权,60,0.0006,92.9646999999923
14468,炫耀,60,0.0006,92.9424999999921
14469,视网膜,60,0.0006,92.9658999999923
14470,夜幕,60,0.0006,92.9664999999923
14471,及格,60,0.0006,92.9670999999923
14472,剩余产品,60,0.0006,92.9676999999923
14473,吴佩孚,60,0.0006,92.9682999999923
14474,本职工作,59,0.0006,93.1326999999939
14475,存在物,59,0.0006,93.1074999999937
14476,催化,59,0.0006,93.1188999999938
14477,呆板,59,0.0006,93.1086999999937
14478,康,59,0.0006,93.1092999999937
14479,农庄,59,0.0006,93.0774999999934
14480,水牛,59,0.0006,93.1098999999937
14481,原故,59,0.0006,93.1068999999937
14482,星光,59,0.0006,93.1104999999937
14483,长河,59,0.0006,93.1110999999937
14484,热血,59,0.0006,93.1116999999937
14485,蒸馏,59,0.0006,93.1194999999938
14486,麦加,59,0.0006,93.1128999999937
14487,菠萝,59,0.0006,93.1062999999937
14488,漂,59,0.0006,93.1140999999937
14489,青工,59,0.0006,93.1146999999937
14490,绿洲,59,0.0006,93.1152999999937
14491,丰盛,59,0.0006,93.1158999999937
14492,斜坡,59,0.0006,93.1164999999937
14493,入社,59,0.0006,93.1170999999938
14494,钝,59,0.0006,93.1176999999938
14495,可耻,59,0.0006,93.1182999999938
14496,锋芒,59,0.0006,93.0996999999936
14497,轨,59,0.0006,93.1134999999937
14498,诊,59,0.0006,93.1122999999937
14499,变幻,59,0.0006,93.0936999999935
14500,麻将,59,0.0006,93.0942999999935
14501,赶不上,59,0.0006,93.0948999999935
14502,九点,59,0.0006,93.0954999999935
14503,刚,59,0.0006,93.0960999999936
14504,李淑贞,59,0.0006,93.0966999999936
14505,共,59,0.0006,93.0972999999936
14506,控,59,0.0006,93.0978999999936
14507,淹,59,0.0006,93.1056999999936
14508,源于,59,0.0006,93.0990999999936
14509,几率,59,0.0006,93.0930999999935
14510,来历,59,0.0006,93.1002999999936
14511,相爱,59,0.0006,93.1008999999936
14512,过快,59,0.0006,93.1014999999936
14513,基本上,59,0.0006,93.1020999999936
14514,牵连,59,0.0006,93.1026999999936
14515,筛,59,0.0006,93.1032999999936
14516,车门,59,0.0006,93.1038999999936
14517,暴,59,0.0006,93.1044999999936
14518,溃疡,59,0.0006,93.1050999999936
14519,绿色植物,59,0.0006,93.0984999999936
14520,强加,59,0.0006,93.1320999999939
14521,笑说,59,0.0006,93.1374999999939
14522,托人,59,0.0006,93.1356999999939
14523,协,59,0.0006,93.138699999994
14524,隔开,59,0.0006,93.1362999999939
14525,鸿渐,59,0.0006,93.1368999999939
14526,险恶,59,0.0006,93.138099999994
14527,金丝猴,59,0.0006,93.1338999999939
14528,中枢神经,59,0.0006,93.139299999994
14529,画展,59,0.0006,93.139899999994
14530,一整套,59,0.0006,93.140499999994
14531,不语,59,0.0006,93.146499999994
14532,告状,59,0.0006,93.141699999994
14533,绳索,59,0.0006,93.142299999994
14534,省级,59,0.0006,93.142899999994
14535,发病率,59,0.0006,93.143499999994
14536,宁肯,59,0.0006,93.144699999994
14537,动身,59,0.0006,93.145299999994
14538,提名,59,0.0006,93.145899999994
14539,医,59,0.0006,93.141099999994
14540,五十万,59,0.0006,93.147099999994
14541,张国焘,59,0.0006,93.144099999994
14542,自以为,59,0.0006,93.1344999999939
14543,茅屋,59,0.0006,93.1260999999938
14544,宾客,59,0.0006,93.1206999999938
14545,一时间,59,0.0006,93.1212999999938
14546,小冬子,59,0.0006,93.1218999999938
14547,借贷,59,0.0006,93.1224999999938
14548,喂养,59,0.0006,93.1230999999938
14549,全国代表大会,59,0.0006,93.1236999999938
14550,圈儿,59,0.0006,93.1242999999938
14551,婚姻自由,59,0.0006,93.1248999999938
14552,选为,59,0.0006,93.1254999999938
14553,拔出,59,0.0006,93.1332999999939
14554,该死,59,0.0006,93.1266999999938
14555,教导员,59,0.0006,93.1200999999938
14556,扎根,59,0.0006,93.1278999999939
14557,宅,59,0.0006,93.1284999999939
14558,手套,59,0.0006,93.1290999999939
14559,原子量,59,0.0006,93.1296999999939
14560,为期,59,0.0006,93.1302999999939
14561,通到,59,0.0006,93.1308999999939
14562,图表,59,0.0006,93.1272999999939
14563,单位制,59,0.0006,93.1314999999939
14564,状元,59,0.0006,93.1350999999939
14565,离别,59,0.0006,93.1080999999937
14566,溶化,59,0.0006,93.0780999999934
14567,东面,59,0.0006,93.0516999999931
14568,古典主义,59,0.0006,93.0522999999931
14569,浩瀚,59,0.0006,93.0594999999932
14570,尚书,59,0.0006,93.0540999999932
14571,乔,59,0.0006,93.0546999999932
14572,决战,59,0.0006,93.0552999999932
14573,极有,59,0.0006,93.0558999999932
14574,妩媚,59,0.0006,93.0564999999932
14575,胜负,59,0.0006,93.0648999999933
14576,放宽,59,0.0006,93.0576999999932
14577,妖,59,0.0006,93.0510999999931
14578,京师,59,0.0006,93.0486999999931
14579,小城,59,0.0006,93.0588999999932
14580,董事长,59,0.0006,93.0570999999932
14581,穿插,59,0.0006,93.0600999999932
14582,割断,59,0.0006,93.0606999999932
14583,北海,59,0.0006,93.0612999999932
14584,少量,59,0.0006,93.0618999999932
14585,哟,59,0.0006,93.0624999999932
14586,僵,59,0.0006,93.0630999999932
14587,建房,59,0.0006,93.0636999999932
14588,肖像,59,0.0006,93.0642999999933
14589,清早,59,0.0006,93.0582999999932
14590,屁,59,0.0006,93.039099999993
14591,绷,59,0.0006,93.0432999999931
14592,闸,59,0.0006,93.039699999993
14593,往年,59,0.0006,93.040299999993
14594,夜校,59,0.0006,93.040899999993
14595,橘子,59,0.0006,93.041499999993
14596,伤痕,59,0.0006,93.042099999993
14597,臭氧,59,0.0006,93.042699999993
14598,光是,59,0.0006,93.0438999999931
14599,人民大会堂,59,0.0006,93.0444999999931
14600,一九五七,59,0.0006,93.0450999999931
14601,开刀,59,0.0006,93.0504999999931
14602,大拇指,59,0.0006,93.0462999999931
14603,雷声,59,0.0006,93.038499999993
14604,独有,59,0.0006,93.0468999999931
14605,救灾,59,0.0006,93.0474999999931
14606,创刊,59,0.0006,93.0480999999931
14607,阶梯,59,0.0006,93.0456999999931
14608,生物界,59,0.0006,93.0492999999931
14609,亚,59,0.0006,93.0498999999931
14610,头,59,0.0006,93.0534999999932
14611,贬,59,0.0006,93.0864999999935
14612,带给,59,0.0006,93.0798999999934
14613,钨,59,0.0006,93.0804999999934
14614,类推,59,0.0006,93.0810999999934
14615,滑,59,0.0006,93.0816999999934
14616,怨恨,59,0.0006,93.0822999999934
14617,难,59,0.0006,93.0828999999934
14618,洋葱,59,0.0006,93.0834999999934
14619,吴刚,59,0.0006,93.0840999999934
14620,生来,59,0.0006,93.0846999999934
14621,称得上,59,0.0006,93.0924999999935
14622,境遇,59,0.0006,93.0858999999935
14623,奋战,59,0.0006,93.0792999999934
14624,革命性,59,0.0006,93.0870999999935
14625,小脚,59,0.0006,93.0876999999935
14626,基本功,59,0.0006,93.0882999999935
14627,芯,59,0.0006,93.0888999999935
14628,报导,59,0.0006,93.0894999999935
14629,不单,59,0.0006,93.0900999999935
14630,迷失,59,0.0006,93.0906999999935
14631,纯收入,59,0.0006,93.0912999999935
14632,位数,59,0.0006,93.0660999999933
14633,深渊,59,0.0006,93.0918999999935
14634,一下,59,0.0006,93.0528999999931
14635,劳苦,59,0.0006,93.0726999999933
14636,心意,59,0.0006,93.0714999999933
14637,记事,59,0.0006,93.0852999999935
14638,造诣,59,0.0006,93.0666999999933
14639,肥力,59,0.0006,93.0672999999933
14640,下功夫,59,0.0006,93.0678999999933
14641,衣物,59,0.0006,93.0684999999933
14642,一年四季,59,0.0006,93.0690999999933
14643,平反,59,0.0006,93.0696999999933
14644,锄,59,0.0006,93.0702999999933
14645,撵,59,0.0006,93.0708999999933
14646,号码,59,0.0006,93.0786999999934
14647,置换,59,0.0006,93.0720999999933
14648,阴道,59,0.0006,93.0654999999933
14649,马蹄,59,0.0006,93.0732999999933
14650,小梅,59,0.0006,93.0738999999933
14651,对得起,59,0.0006,93.0744999999933
14652,相称,59,0.0006,93.0750999999934
14653,家兔,59,0.0006,93.0756999999934
14654,烹调,59,0.0006,93.0762999999934
14655,殷勤,59,0.0006,93.0768999999934
14656,秋后,58,0.0006,93.2286999999948
14657,仰望,58,0.0006,93.2160999999947
14658,液晶,58,0.0006,93.2412999999949
14659,相当,58,0.0006,93.2166999999947
14660,政治体制,58,0.0006,93.2274999999948
14661,费力,58,0.0006,93.2172999999947
14662,失眠,58,0.0006,93.2178999999947
14663,称,58,0.0006,93.2184999999947
14664,佐,58,0.0006,93.2190999999947
14665,秆,58,0.0006,93.2196999999947
14666,瓷,58,0.0006,93.2202999999947
14667,结识,58,0.0006,93.2280999999948
14668,叼,58,0.0006,93.2214999999947
14669,服务业,58,0.0006,93.2148999999947
14670,打入,58,0.0006,93.2226999999948
14671,脸庞,58,0.0006,93.2232999999948
14672,尝到,58,0.0006,93.2238999999948
14673,谓词,58,0.0006,93.2244999999948
14674,沈括,58,0.0006,93.2250999999948
14675,村民,58,0.0006,93.2256999999948
14676,画画,58,0.0006,93.2262999999948
14677,准确性,58,0.0006,93.2268999999948
14678,学识,58,0.0006,93.2082999999946
14679,活到,58,0.0006,93.2220999999948
14680,来人,58,0.0006,93.2208999999947
14681,提议,58,0.0006,93.2022999999946
14682,缚,58,0.0006,93.2028999999946
14683,回信,58,0.0006,93.2034999999946
14684,个头,58,0.0006,93.2040999999946
14685,体型,58,0.0006,93.2046999999946
14686,乙酸,58,0.0006,93.2052999999946
14687,拉丁美洲,58,0.0006,93.2058999999946
14688,申诉,58,0.0006,93.2064999999946
14689,深浅,58,0.0006,93.2142999999947
14690,真人,58,0.0006,93.2076999999946
14691,贻贝,58,0.0006,93.2016999999946
14692,满口,58,0.0006,93.2088999999946
14693,发疯,58,0.0006,93.2094999999946
14694,笑笑,58,0.0006,93.2100999999946
14695,大,58,0.0006,93.2106999999946
14696,扼杀,58,0.0006,93.2112999999947
14697,江波,58,0.0006,93.2118999999947
14698,氯酸钾,58,0.0006,93.2124999999947
14699,工业经济,58,0.0006,93.2130999999947
14700,打完,58,0.0006,93.2136999999947
14701,死亡率,58,0.0006,93.2070999999946
14702,几何学,58,0.0006,93.2406999999949
14703,西装,58,0.0006,93.244299999995
14704,长篇小说,58,0.0006,93.243099999995
14705,脚跟,58,0.0006,93.244899999995
14706,天井,58,0.0006,93.2424999999949
14707,志愿军,58,0.0006,93.245499999995
14708,吼叫,58,0.0006,93.246099999995
14709,深秋,58,0.0006,93.246699999995
14710,南宋,58,0.0006,93.247299999995
14711,津贴,58,0.0006,93.247899999995
14712,评论家,58,0.0006,93.248499999995
14713,房东,58,0.0006,93.249099999995
14714,消散,58,0.0006,93.250299999995
14715,乐园,58,0.0006,93.2556999999951
14716,触犯,58,0.0006,93.2550999999951
14717,版画,58,0.0006,93.2544999999951
14718,殿,58,0.0006,93.2538999999951
14719,听起来,58,0.0006,93.2532999999951
14720,驻扎,58,0.0006,93.252699999995
14721,英明,58,0.0006,93.249699999995
14722,上头,58,0.0006,93.251499999995
14723,停工,58,0.0006,93.250899999995
14724,委,58,0.0006,93.252099999995
14725,螺线,58,0.0006,93.243699999995
14726,母牛,58,0.0006,93.2346999999949
14727,签,58,0.0006,93.2292999999948
14728,看重,58,0.0006,93.2298999999948
14729,解剖学,58,0.0006,93.2304999999948
14730,马虎,58,0.0006,93.2310999999948
14731,可比,58,0.0006,93.2316999999948
14732,公文,58,0.0006,93.2322999999949
14733,任免,58,0.0006,93.2328999999949
14734,著称,58,0.0006,93.2334999999949
14735,分寸,58,0.0006,93.2340999999949
14736,救出,58,0.0006,93.2352999999949
14737,度数,58,0.0006,93.2364999999949
14738,积云,58,0.0006,93.2370999999949
14739,截至,58,0.0006,93.2376999999949
14740,便衣,58,0.0006,93.2382999999949
14741,借来,58,0.0006,93.2388999999949
14742,疯,58,0.0006,93.2358999999949
14743,洗衣机,58,0.0006,93.2394999999949
14744,令人,58,0.0006,93.2400999999949
14745,卜,58,0.0006,93.2154999999947
14746,提包,58,0.0006,93.1866999999944
14747,毁坏,58,0.0006,93.1614999999942
14748,过重,58,0.0006,93.1620999999942
14749,软骨,58,0.0006,93.1638999999942
14750,慢吞吞,58,0.0006,93.1644999999942
14751,高耸,58,0.0006,93.1650999999942
14752,东南部,58,0.0006,93.1656999999942
14753,富饶,58,0.0006,93.1662999999942
14754,着实,58,0.0006,93.1740999999943
14755,憔悴,58,0.0006,93.1860999999944
14756,临死,58,0.0006,93.1674999999942
14757,名堂,58,0.0006,93.2418999999949
14758,古,58,0.0006,93.1608999999942
14759,市价,58,0.0006,93.1686999999942
14760,竹林,58,0.0006,93.1584999999941
14761,打通,58,0.0006,93.1692999999943
14762,凡,58,0.0006,93.1668999999942
14763,瓶,58,0.0006,93.1698999999943
14764,戏台,58,0.0006,93.1704999999943
14765,挥发,58,0.0006,93.1710999999943
14766,第三产业,58,0.0006,93.1716999999943
14767,主,58,0.0006,93.1722999999943
14768,虽则,58,0.0006,93.1728999999943
14769,具体化,58,0.0006,93.1734999999943
14770,急急,58,0.0006,93.1680999999942
14771,藤椅,58,0.0006,93.1506999999941
14772,药剂,58,0.0006,93.1512999999941
14773,昏暗,58,0.0006,93.1524999999941
14774,大块,58,0.0006,93.1500999999941
14775,人际关系,58,0.0006,93.1494999999941
14776,蒋经国,58,0.0006,93.1488999999941
14777,吱吱,58,0.0006,93.1482999999941
14778,飞扬,58,0.0006,93.147699999994
14779,元朝,58,0.0006,93.1518999999941
14780,工商业,58,0.0006,93.1530999999941
14781,暗自,58,0.0006,93.1536999999941
14782,阻断,58,0.0006,93.1542999999941
14783,愈加,58,0.0006,93.1548999999941
14784,迟早,58,0.0006,93.1554999999941
14785,家禽,58,0.0006,93.1560999999941
14786,素描,58,0.0006,93.1566999999941
14787,当众,58,0.0006,93.1572999999941
14788,亿万,58,0.0006,93.1602999999942
14789,软化,58,0.0006,93.1578999999941
14790,气派,58,0.0006,93.1590999999942
14791,预感,58,0.0006,93.1596999999942
14792,机关枪,58,0.0006,93.1632999999942
14793,检察,58,0.0006,93.2004999999945
14794,讲学,58,0.0006,93.1884999999944
14795,秋收,58,0.0006,93.1890999999944
14796,市内,58,0.0006,93.1896999999944
14797,电冰箱,58,0.0006,93.1902999999945
14798,沪,58,0.0006,93.1908999999945
14799,喉头,58,0.0006,93.1914999999945
14800,军费,58,0.0006,93.1920999999945
14801,查处,58,0.0006,93.1926999999945
14802,倾诉,58,0.0006,93.1932999999945
14803,挂钩,58,0.0006,93.2010999999946
14804,染料,58,0.0006,93.1944999999945
14805,窖,58,0.0006,93.1878999999944
14806,宴,58,0.0006,93.1956999999945
14807,酱,58,0.0006,93.1962999999945
14808,核子,58,0.0006,93.1968999999945
14809,颠覆,58,0.0006,93.1974999999945
14810,实话,58,0.0006,93.1980999999945
14811,阿根廷,58,0.0006,93.1986999999945
14812,读音,58,0.0006,93.1992999999945
14813,团聚,58,0.0006,93.1998999999945
14814,史文远,58,0.0006,93.1800999999944
14815,朱占标,58,0.0006,93.1812999999944
14816,历,58,0.0006,93.1626999999942
14817,撩,58,0.0006,93.1950999999945
14818,无政府主义,58,0.0006,93.1938999999945
14819,桨,58,0.0006,93.1752999999943
14820,单词,58,0.0006,93.1758999999943
14821,造纸,58,0.0006,93.1764999999943
14822,市场体系,58,0.0006,93.1770999999943
14823,吃喝,58,0.0006,93.1776999999943
14824,相隔,58,0.0006,93.1782999999943
14825,鸦片战争,58,0.0006,93.1788999999943
14826,纺,58,0.0006,93.1794999999943
14827,并肩,58,0.0006,93.1872999999944
14828,熟知,58,0.0006,93.1806999999944
14829,教训,58,0.0006,93.1746999999943
14830,燃着,58,0.0006,93.1818999999944
14831,谭嗣同,58,0.0006,93.1824999999944
14832,性病,58,0.0006,93.1830999999944
14833,歉意,58,0.0006,93.1836999999944
14834,鄂,58,0.0006,93.1842999999944
14835,背叛,58,0.0006,93.1848999999944
14836,教学法,58,0.0006,93.1854999999944
14837,共同体,57,0.0006,93.3216999999957
14838,外貌,57,0.0006,93.3228999999957
14839,普,57,0.0006,93.3234999999957
14840,谢,57,0.0006,93.3240999999957
14841,担架,57,0.0006,93.3246999999957
14842,威尼斯,57,0.0006,93.3252999999957
14843,仆人,57,0.0006,93.3258999999957
14844,捉摸,57,0.0006,93.3336999999958
14845,策动,57,0.0006,93.3270999999958
14846,笼统,57,0.0006,93.3210999999957
14847,中,57,0.0006,93.3282999999958
14848,从此以后,57,0.0006,93.3288999999958
14849,印象派,57,0.0006,93.3294999999958
14850,野猪,57,0.0006,93.3300999999958
14851,东岸,57,0.0006,93.3306999999958
14852,远去,57,0.0006,93.3312999999958
14853,注定,57,0.0006,93.3318999999958
14854,自然,57,0.0006,93.3324999999958
14855,审讯,57,0.0006,93.3330999999958
14856,摆弄,57,0.0006,93.3144999999956
14857,集体化,57,0.0006,93.3456999999959
14858,播出,57,0.0006,93.3132999999956
14859,急急忙忙,57,0.0006,93.3276999999958
14860,可为,57,0.0006,93.3264999999957
14861,大中型企业,57,0.0006,93.3090999999956
14862,呛,57,0.0006,93.3096999999956
14863,场景,57,0.0006,93.3102999999956
14864,传遍,57,0.0006,93.3108999999956
14865,疼,57,0.0006,93.3114999999956
14866,乞丐,57,0.0006,93.3120999999956
14867,华,57,0.0006,93.3126999999956
14868,接线,57,0.0006,93.3204999999957
14869,滔滔,57,0.0006,93.3138999999956
14870,发怒,57,0.0006,93.3078999999956
14871,时效,57,0.0006,93.3150999999956
14872,哗啦,57,0.0006,93.3156999999956
14873,政治权利,57,0.0006,93.3162999999956
14874,拐杖,57,0.0006,93.3168999999957
14875,阎,57,0.0006,93.3174999999957
14876,做完,57,0.0006,93.3180999999957
14877,张春桥,57,0.0006,93.3186999999957
14878,劳动条件,57,0.0006,93.3192999999957
14879,兑现,57,0.0006,93.3198999999957
14880,以西,57,0.0006,93.3084999999956
14881,东南沿海,57,0.0006,93.3450999999959
14882,通路,57,0.0006,93.348099999996
14883,柳州,57,0.0006,93.349299999996
14884,碳酸钙,57,0.0006,93.3474999999959
14885,灯下,57,0.0006,93.349899999996
14886,众生,57,0.0006,93.350499999996
14887,设定,57,0.0006,93.351099999996
14888,削减,57,0.0006,93.351699999996
14889,幸,57,0.0006,93.352299999996
14890,庭院,57,0.0006,93.352899999996
14891,上任,57,0.0006,93.353499999996
14892,钱财,57,0.0006,93.354099999996
14893,厂子,57,0.0006,93.3594999999961
14894,开凿,57,0.0006,93.3588999999961
14895,题,57,0.0006,93.358299999996
14896,浓密,57,0.0006,93.357699999996
14897,莲,57,0.0006,93.357099999996
14898,钟表,57,0.0006,93.356499999996
14899,点火,57,0.0006,93.355899999996
14900,洽谈,57,0.0006,93.354699999996
14901,傀儡,57,0.0006,93.355299999996
14902,翠,57,0.0006,93.3396999999959
14903,奏鸣曲,57,0.0006,93.3348999999958
14904,迷,57,0.0006,93.3354999999958
14905,叫唤,57,0.0006,93.3360999999958
14906,疼爱,57,0.0006,93.3366999999958
14907,候,57,0.0006,93.3372999999958
14908,总管,57,0.0006,93.3378999999959
14909,碳酸,57,0.0006,93.3384999999959
14910,补助,57,0.0006,93.3390999999959
14911,写给,57,0.0006,93.3408999999959
14912,私营企业,57,0.0006,93.3468999999959
14913,无罪,57,0.0006,93.348699999996
14914,江湖,57,0.0006,93.3402999999959
14915,中线,57,0.0006,93.3342999999958
14916,失效,57,0.0006,93.3414999999959
14917,雪线,57,0.0006,93.3420999999959
14918,谷类,57,0.0006,93.3426999999959
14919,里根,57,0.0006,93.3432999999959
14920,总而言之,57,0.0006,93.3438999999959
14921,宇宙飞船,57,0.0006,93.3444999999959
14922,苔藓,57,0.0006,93.3462999999959
14923,国家机器,57,0.0006,93.2934999999954
14924,北魏,57,0.0006,93.2928999999954
14925,盘算,57,0.0006,93.3222999999957
14926,要饭,57,0.0006,93.2694999999952
14927,饭后,57,0.0006,93.2766999999953
14928,屎,57,0.0006,93.2712999999952
14929,固然,57,0.0006,93.2718999999952
14930,爽快,57,0.0006,93.2724999999952
14931,保守,57,0.0006,93.2730999999952
14932,貌,57,0.0006,93.2736999999952
14933,共青团员,57,0.0006,93.2814999999953
14934,私营经济,57,0.0006,93.2748999999953
14935,邯郸,57,0.0006,93.2688999999952
14936,莫不,57,0.0006,93.2664999999952
14937,陈设,57,0.0006,93.2760999999953
14938,山雀,57,0.0006,93.2742999999953
14939,清华,57,0.0006,93.2772999999953
14940,巴金,57,0.0006,93.2778999999953
14941,辞,57,0.0006,93.2784999999953
14942,抹煞,57,0.0006,93.2790999999953
14943,小生,57,0.0006,93.2796999999953
14944,工头,57,0.0006,93.2802999999953
14945,云彩,57,0.0006,93.2808999999953
14946,水电,57,0.0006,93.2754999999953
14947,粤,57,0.0006,93.2562999999951
14948,挪威,57,0.0006,93.2616999999951
14949,贫富,57,0.0006,93.2574999999951
14950,近海,57,0.0006,93.2580999999951
14951,莫大,57,0.0006,93.2586999999951
14952,奔放,57,0.0006,93.2592999999951
14953,乌鲁木齐,57,0.0006,93.2598999999951
14954,宜于,57,0.0006,93.2604999999951
14955,想见,57,0.0006,93.2610999999951
14956,蒙古族,57,0.0006,93.2622999999951
14957,澡,57,0.0006,93.2628999999951
14958,梦见,57,0.0006,93.2682999999952
14959,烈,57,0.0006,93.2640999999952
14960,专科,57,0.0006,93.2568999999951
14961,规,57,0.0006,93.2646999999952
14962,黑猫,57,0.0006,93.2652999999952
14963,忽地,57,0.0006,93.2658999999952
14964,自此,57,0.0006,93.2634999999951
14965,真情,57,0.0006,93.2670999999952
14966,嗜好,57,0.0006,93.2676999999952
14967,炽热,57,0.0006,93.2706999999952
14968,终点,57,0.0006,93.3066999999956
14969,凄惨,57,0.0006,93.2952999999954
14970,羞愧,57,0.0006,93.2958999999955
14971,工段,57,0.0006,93.2964999999955
14972,落叶松,57,0.0006,93.2970999999955
14973,冤,57,0.0006,93.2976999999955
14974,错过,57,0.0006,93.2982999999955
14975,强制性,57,0.0006,93.2988999999955
14976,毛驴,57,0.0006,93.2994999999955
14977,抵消,57,0.0006,93.3072999999956
14978,大堤,57,0.0006,93.3006999999955
14979,内地,57,0.0006,93.2946999999954
14980,绪,57,0.0006,93.3018999999955
14981,恼,57,0.0006,93.3024999999955
14982,白茫茫,57,0.0006,93.3030999999955
14983,名贵,57,0.0006,93.3036999999955
14984,核桃,57,0.0006,93.3042999999955
14985,国计民生,57,0.0006,93.3048999999955
14986,挎,57,0.0006,93.3054999999955
14987,梯田,57,0.0006,93.3060999999956
14988,明月,57,0.0006,93.2886999999954
14989,民工,57,0.0006,93.2874999999954
14990,吕,57,0.0006,93.3012999999955
14991,撒谎,57,0.0006,93.2700999999952
14992,农民战争,57,0.0006,93.3000999999955
14993,白昼,57,0.0006,93.2826999999953
14994,文,57,0.0006,93.2832999999953
14995,朗诵,57,0.0006,93.2838999999953
14996,总值,57,0.0006,93.2844999999953
14997,高呼,57,0.0006,93.2850999999954
14998,唐太宗,57,0.0006,93.2856999999954
14999,分头,57,0.0006,93.2862999999954
15000,庙宇,57,0.0006,93.2868999999954
15001,二哥,57,0.0006,93.2940999999954
15002,焰,57,0.0006,93.2880999999954
15003,双目,57,0.0006,93.2820999999953
15004,升学,57,0.0006,93.2892999999954
15005,转而,57,0.0006,93.2898999999954
15006,末了,57,0.0006,93.2904999999954
15007,流利,57,0.0006,93.2910999999954
15008,躲开,57,0.0006,93.2916999999954
15009,土质,57,0.0006,93.2922999999954
15010,深感,56,0.0006,93.4314999999967
15011,出版社,56,0.0006,93.4320999999968
15012,天然,56,0.0006,93.4326999999968
15013,多元,56,0.0006,93.4332999999968
15014,部份,56,0.0006,93.4338999999968
15015,悲壮,56,0.0006,93.4344999999968
15016,录,56,0.0006,93.4350999999968
15017,光临,56,0.0006,93.4428999999969
15018,吵闹,56,0.0006,93.4362999999968
15019,床铺,56,0.0006,93.4296999999967
15020,你们俩,56,0.0006,93.3984999999964
15021,旋风,56,0.0006,93.4374999999968
15022,头骨,56,0.0006,93.4302999999967
15023,一团,56,0.0006,93.4380999999968
15024,索取,56,0.0006,93.4386999999968
15025,特别是,56,0.0006,93.4392999999968
15026,华沙,56,0.0006,93.4398999999968
15027,印章,56,0.0006,93.4404999999968
15028,电炉,56,0.0006,93.4410999999968
15029,昂贵,56,0.0006,93.4416999999968
15030,突击队,56,0.0006,93.4422999999968
15031,公,56,0.0006,93.454899999997
15032,海啸,56,0.0006,93.4230999999967
15033,对外,56,0.0006,93.4368999999968
15034,社会保障,56,0.0006,93.4218999999967
15035,木块,56,0.0006,93.4356999999968
15036,乐音,56,0.0006,93.4170999999966
15037,全新,56,0.0006,93.4176999999966
15038,繁荣,56,0.0006,93.4182999999966
15039,郑州,56,0.0006,93.4188999999966
15040,只能,56,0.0006,93.4194999999966
15041,投机,56,0.0006,93.4200999999966
15042,运往,56,0.0006,93.4206999999966
15043,老头儿,56,0.0006,93.4212999999966
15044,穿刺,56,0.0006,93.4290999999967
15045,林立,56,0.0006,93.4224999999967
15046,容貌,56,0.0006,93.4158999999966
15047,城门,56,0.0006,93.4236999999967
15048,授粉,56,0.0006,93.4242999999967
15049,挥动,56,0.0006,93.4248999999967
15050,泼,56,0.0006,93.4254999999967
15051,摊开,56,0.0006,93.4260999999967
15052,实实在在,56,0.0006,93.4266999999967
15053,耽心,56,0.0006,93.4272999999967
15054,掀开,56,0.0006,93.4278999999967
15055,坦然,56,0.0006,93.4284999999967
15056,细看,56,0.0006,93.4164999999966
15057,负,56,0.0006,93.454299999997
15058,下楼,56,0.0006,93.457899999997
15059,函,56,0.0006,93.458499999997
15060,哺育,56,0.0006,93.459099999997
15061,公务员,56,0.0006,93.463299999997
15062,他老人家,56,0.0006,93.460899999997
15063,含水量,56,0.0006,93.461499999997
15064,遍布,56,0.0006,93.462099999997
15065,可疑,56,0.0006,93.4662999999971
15066,天安门,56,0.0006,93.462699999997
15067,南宁,56,0.0006,93.457299999997
15068,新石器时代,56,0.0006,93.4638999999971
15069,推敲,56,0.0006,93.4644999999971
15070,得名,56,0.0006,93.4674999999971
15071,之初,56,0.0006,93.4704999999971
15072,浮游生物,56,0.0006,93.4698999999971
15073,奴才,56,0.0006,93.4692999999971
15074,甘油,56,0.0006,93.4710999999971
15075,文艺界,56,0.0006,93.4686999999971
15076,品尝,56,0.0006,93.4680999999971
15077,俗称,56,0.0006,93.4650999999971
15078,残忍,56,0.0006,93.4668999999971
15079,心力衰竭,56,0.0006,93.4656999999971
15080,直达,56,0.0006,93.460299999997
15081,苗子,56,0.0006,93.4494999999969
15082,自居,56,0.0006,93.4440999999969
15083,娇,56,0.0006,93.4446999999969
15084,同居,56,0.0006,93.4452999999969
15085,年终,56,0.0006,93.4458999999969
15086,椭圆形,56,0.0006,93.4464999999969
15087,劳模,56,0.0006,93.4470999999969
15088,十二大,56,0.0006,93.4476999999969
15089,整整齐齐,56,0.0006,93.4482999999969
15090,拂,56,0.0006,93.4506999999969
15091,丁字,56,0.0006,93.4488999999969
15092,挺拔,56,0.0006,93.459699999997
15093,六千,56,0.0006,93.456699999997
15094,汹涌,56,0.0006,93.4500999999969
15095,各色,56,0.0006,93.4434999999969
15096,放火,56,0.0006,93.4512999999969
15097,碳水化合物,56,0.0006,93.4518999999969
15098,茶几,56,0.0006,93.4524999999969
15099,霸,56,0.0006,93.453099999997
15100,邓颖超,56,0.0006,93.453699999997
15101,大院,56,0.0006,93.455499999997
15102,红外线,56,0.0006,93.456099999997
15103,星座,56,0.0006,93.4308999999967
15104,川,56,0.0006,93.4002999999964
15105,截面,56,0.0006,93.3768999999962
15106,合一,56,0.0006,93.3726999999962
15107,解说,56,0.0006,93.3756999999962
15108,照搬,56,0.0006,93.3798999999963
15109,基层干部,56,0.0006,93.3762999999962
15110,要害,56,0.0006,93.3774999999962
15111,林丽,56,0.0006,93.3780999999962
15112,抢险,56,0.0006,93.3786999999962
15113,上楼,56,0.0006,93.3792999999962
15114,乐章,56,0.0006,93.3870999999963
15115,验收,56,0.0006,93.3804999999963
15116,来华,56,0.0006,93.3738999999962
15117,五四运动,56,0.0006,93.3816999999963
15118,萧,56,0.0006,93.3822999999963
15119,千变万化,56,0.0006,93.3828999999963
15120,争辩,56,0.0006,93.3834999999963
15121,问起,56,0.0006,93.3840999999963
15122,掌管,56,0.0006,93.3846999999963
15123,聪明才智,56,0.0006,93.3852999999963
15124,乳白色,56,0.0006,93.3858999999963
15125,序数,56,0.0006,93.3864999999963
15126,况,56,0.0006,93.3810999999963
15127,床单,56,0.0006,93.3696999999962
15128,赞,56,0.0006,93.3600999999961
15129,梯,56,0.0006,93.3660999999961
15130,生活史,56,0.0006,93.3618999999961
15131,邦,56,0.0006,93.3624999999961
15132,生硬,56,0.0006,93.3630999999961
15133,昨日,56,0.0006,93.3636999999961
15134,呼应,56,0.0006,93.3642999999961
15135,小腿,56,0.0006,93.3648999999961
15136,底子,56,0.0006,93.3654999999961
15137,殴打,56,0.0006,93.3612999999961
15138,畅通,56,0.0006,93.3666999999961
15139,哪怕是,56,0.0006,93.3678999999961
15140,精辟,56,0.0006,93.3732999999962
15141,纸片,56,0.0006,93.3690999999962
15142,援,56,0.0006,93.3606999999961
15143,粗细,56,0.0006,93.3702999999962
15144,沾满,56,0.0006,93.3708999999962
15145,母系,56,0.0006,93.3714999999962
15146,蛤蟆,56,0.0006,93.3684999999961
15147,苯酚,56,0.0006,93.3672999999961
15148,赤字,56,0.0006,93.3720999999962
15149,谬误,56,0.0006,93.3750999999962
15150,法拉第,56,0.0006,93.4146999999966
15151,回转,56,0.0006,93.4020999999965
15152,当日,56,0.0006,93.4026999999965
15153,小品,56,0.0006,93.4032999999965
15154,边际,56,0.0006,93.4038999999965
15155,义和团,56,0.0006,93.4044999999965
15156,得力,56,0.0006,93.4050999999965
15157,生产率,56,0.0006,93.4056999999965
15158,巾,56,0.0006,93.4062999999965
15159,学制,56,0.0006,93.4068999999965
15160,边远,56,0.0006,93.4152999999966
15161,松林,56,0.0006,93.4080999999965
15162,触到,56,0.0006,93.4014999999965
15163,出家,56,0.0006,93.4092999999965
15164,静默,56,0.0006,93.4098999999965
15165,自然观,56,0.0006,93.4104999999965
15166,白布,56,0.0006,93.4110999999966
15167,一九八四,56,0.0006,93.4116999999966
15168,叫卖,56,0.0006,93.4122999999966
15169,轻巧,56,0.0006,93.4128999999966
15170,枣,56,0.0006,93.4134999999966
15171,球体,56,0.0006,93.4140999999966
15172,高利贷,56,0.0006,93.3948999999964
15173,雀,56,0.0006,93.4086999999965
15174,婚事,56,0.0006,93.4074999999965
15175,屹立,56,0.0006,93.3882999999963
15176,相联,56,0.0006,93.3888999999963
15177,老生,56,0.0006,93.3894999999963
15178,焊,56,0.0006,93.3900999999964
15179,比不上,56,0.0006,93.3906999999964
15180,涌起,56,0.0006,93.3912999999964
15181,唱戏,56,0.0006,93.3918999999964
15182,浓烟,56,0.0006,93.3924999999964
15183,原定,56,0.0006,93.3930999999964
15184,暗淡,56,0.0006,93.3942999999964
15185,跨过,56,0.0006,93.3876999999963
15186,政变,56,0.0006,93.3954999999964
15187,三十万,56,0.0006,93.3960999999964
15188,弹力,56,0.0006,93.3966999999964
15189,重伤,56,0.0006,93.3972999999964
15190,跌落,56,0.0006,93.3936999999964
15191,进到,56,0.0006,93.3978999999964
15192,碍,56,0.0006,93.3744999999962
15193,眼圈,56,0.0006,93.3990999999964
15194,恶魔,56,0.0006,93.3996999999964
15195,右腿,56,0.0006,93.4008999999965
15196,喘气,55,0.0006,93.5490999999979
15197,俞,55,0.0006,93.5496999999979
15198,比方说,55,0.0006,93.5502999999979
15199,神道,55,0.0006,93.5508999999979
15200,崇敬,55,0.0006,93.5514999999979
15201,分娩,55,0.0006,93.5520999999979
15202,杨玲,55,0.0006,93.5526999999979
15203,反比,55,0.0006,93.5532999999979
15204,铁门,55,0.0006,93.561699999998
15205,产后,55,0.0006,93.5544999999979
15206,民族主义,55,0.0006,93.5472999999978
15207,扑来,55,0.0006,93.5556999999979
15208,水生,55,0.0006,93.5562999999979
15209,新来,55,0.0006,93.5568999999979
15210,寓言,55,0.0006,93.5574999999979
15211,亮相,55,0.0006,93.5580999999979
15212,镶嵌,55,0.0006,93.558699999998
15213,团团,55,0.0006,93.559299999998
15214,多种经营,55,0.0006,93.559899999998
15215,络,55,0.0006,93.560499999998
15216,美味,55,0.0006,93.5760999999981
15217,争气,55,0.0006,93.561099999998
15218,广播,55,0.0006,93.5550999999979
15219,曾,55,0.0006,93.5400999999978
15220,惧怕,55,0.0006,93.5388999999978
15221,月经,55,0.0006,93.5538999999979
15222,岁,55,0.0006,93.5334999999977
15223,船舱,55,0.0006,93.5340999999977
15224,航道,55,0.0006,93.5346999999977
15225,注册商标,55,0.0006,93.5352999999977
15226,提供,55,0.0006,93.5358999999977
15227,纵深,55,0.0006,93.5364999999977
15228,上皮,55,0.0006,93.5370999999977
15229,死死,55,0.0006,93.5376999999978
15230,气喘吁吁,55,0.0006,93.5382999999978
15231,贯,55,0.0006,93.5466999999978
15232,朱元璋,55,0.0006,93.5394999999978
15233,童,55,0.0006,93.5322999999977
15234,寒流,55,0.0006,93.5238999999976
15235,可能,55,0.0006,93.5406999999978
15236,一怔,55,0.0006,93.5478999999979
15237,过低,55,0.0006,93.5412999999978
15238,染上,55,0.0006,93.5418999999978
15239,复仇,55,0.0006,93.5424999999978
15240,堂屋,55,0.0006,93.5430999999978
15241,恶性,55,0.0006,93.5436999999978
15242,热带雨林,55,0.0006,93.5442999999978
15243,富贵,55,0.0006,93.5448999999978
15244,公务,55,0.0006,93.5454999999978
15245,松花江,55,0.0006,93.5460999999978
15246,典范,55,0.0006,93.5328999999977
15247,保姆,55,0.0006,93.5754999999981
15248,带去,55,0.0006,93.5778999999981
15249,路径,55,0.0006,93.5790999999981
15250,一阵风,55,0.0006,93.5772999999981
15251,左翼,55,0.0006,93.5802999999982
15252,集市,55,0.0006,93.5808999999982
15253,激活,55,0.0006,93.5814999999982
15254,肢体,55,0.0006,93.5820999999982
15255,胸口,55,0.0006,93.5826999999982
15256,无序,55,0.0006,93.5832999999982
15257,耳目,55,0.0006,93.5838999999982
15258,驰骋,55,0.0006,93.5844999999982
15259,久而久之,55,0.0006,93.5850999999982
15260,地雷,55,0.0006,93.5856999999982
15261,拿走,55,0.0006,93.5910999999983
15262,热河,55,0.0006,93.5904999999983
15263,紧缩,55,0.0006,93.5898999999983
15264,商品市场,55,0.0006,93.5916999999983
15265,熄,55,0.0006,93.5892999999982
15266,恐怕,55,0.0006,93.5886999999982
15267,洋,55,0.0006,93.5880999999982
15268,短小,55,0.0006,93.5874999999982
15269,扫描,55,0.0006,93.5862999999982
15270,明,55,0.0006,93.5868999999982
15271,杜鹃,55,0.0006,93.5796999999982
15272,烈日,55,0.0006,93.5688999999981
15273,剔除,55,0.0006,93.562899999998
15274,阳性,55,0.0006,93.563499999998
15275,临界,55,0.0006,93.564099999998
15276,粽子,55,0.0006,93.564699999998
15277,秦,55,0.0006,93.565299999998
15278,新兴,55,0.0006,93.565899999998
15279,民警,55,0.0006,93.566499999998
15280,妄,55,0.0006,93.567099999998
15281,挑剔,55,0.0006,93.567699999998
15282,头人,55,0.0006,93.5700999999981
15283,氢弹,55,0.0006,93.568299999998
15284,飘荡,55,0.0006,93.5784999999981
15285,蜥蜴,55,0.0006,93.5766999999981
15286,木工,55,0.0006,93.5694999999981
15287,谋求,55,0.0006,93.562299999998
15288,褐,55,0.0006,93.5706999999981
15289,松散,55,0.0006,93.5712999999981
15290,巴基斯坦,55,0.0006,93.5718999999981
15291,福气,55,0.0006,93.5724999999981
15292,幸好,55,0.0006,93.5730999999981
15293,各自,55,0.0006,93.5736999999981
15294,称呼,55,0.0006,93.5742999999981
15295,这边,55,0.0006,93.5748999999981
15296,茶壶,55,0.0006,93.5484999999979
15297,光明,55,0.0006,93.5154999999975
15298,共和党,55,0.0006,93.4884999999973
15299,批评家,55,0.0006,93.4842999999972
15300,胡萝卜,55,0.0006,93.4890999999973
15301,清静,55,0.0006,93.4932999999973
15302,集会,55,0.0006,93.4896999999973
15303,脉冲,55,0.0006,93.4902999999973
15304,轻便,55,0.0006,93.4908999999973
15305,辖,55,0.0006,93.4914999999973
15306,迁就,55,0.0006,93.4920999999973
15307,锻,55,0.0006,93.4926999999973
15308,下肢,55,0.0006,93.5010999999974
15309,他们俩,55,0.0006,93.4938999999973
15310,级别,55,0.0006,93.4866999999973
15311,背后,55,0.0006,93.4950999999974
15312,迈出,55,0.0006,93.4956999999974
15313,崩,55,0.0006,93.4962999999974
15314,转眼,55,0.0006,93.4968999999974
15315,和蔼,55,0.0006,93.4974999999974
15316,校舍,55,0.0006,93.4980999999974
15317,工匠,55,0.0006,93.4986999999974
15318,彝族,55,0.0006,93.4992999999974
15319,不服气,55,0.0006,93.4998999999974
15320,铲除,55,0.0006,93.5004999999974
15321,当官,55,0.0006,93.4944999999973
15322,等价交换,55,0.0006,93.4836999999972
15323,解,55,0.0006,93.4782999999972
15324,灭绝,55,0.0006,93.4764999999972
15325,目睹,55,0.0006,93.4770999999972
15326,道道,55,0.0006,93.4716999999971
15327,提防,55,0.0006,93.4752999999972
15328,恰恰相反,55,0.0006,93.4758999999972
15329,胜仗,55,0.0006,93.4746999999972
15330,再不,55,0.0006,93.4740999999972
15331,只因,55,0.0006,93.4734999999971
15332,谢绝,55,0.0006,93.4728999999971
15333,短波,55,0.0006,93.4722999999971
15334,期满,55,0.0006,93.4776999999972
15335,重组,55,0.0006,93.4788999999972
15336,那位,55,0.0006,93.4794999999972
15337,抿,55,0.0006,93.4800999999972
15338,衬,55,0.0006,93.4806999999972
15339,刹那间,55,0.0006,93.4812999999972
15340,瞬时,55,0.0006,93.4818999999972
15341,营房,55,0.0006,93.4824999999972
15342,慌张,55,0.0006,93.4860999999973
15343,杨虎城,55,0.0006,93.4830999999972
15344,第十,55,0.0006,93.4848999999973
15345,突如其来,55,0.0006,93.4854999999973
15346,华南,55,0.0006,93.4878999999973
15347,拘束,55,0.0006,93.5310999999977
15348,尖刀,55,0.0006,93.5172999999976
15349,闲话,55,0.0006,93.5178999999976
15350,社会学家,55,0.0006,93.5184999999976
15351,溅,55,0.0006,93.5190999999976
15352,收敛,55,0.0006,93.5196999999976
15353,自幼,55,0.0006,93.5202999999976
15354,讲故事,55,0.0006,93.5208999999976
15355,敌情,55,0.0006,93.5214999999976
15356,奋力,55,0.0006,93.5220999999976
15357,稿件,55,0.0006,93.5316999999977
15358,野花,55,0.0006,93.5166999999976
15359,表征,55,0.0006,93.5250999999976
15360,牵涉,55,0.0006,93.5256999999976
15361,派兵,55,0.0006,93.5262999999976
15362,等分,55,0.0006,93.5268999999977
15363,几经,55,0.0006,93.5274999999977
15364,寒潮,55,0.0006,93.5280999999977
15365,地道,55,0.0006,93.5286999999977
15366,普查,55,0.0006,93.5292999999977
15367,缔,55,0.0006,93.5298999999977
15368,武生,55,0.0006,93.5304999999977
15369,车里,55,0.0006,93.5094999999975
15370,水兵,55,0.0006,93.5244999999976
15371,苏醒,55,0.0006,93.5232999999976
15372,器皿,55,0.0006,93.5022999999974
15373,一九五四,55,0.0006,93.5028999999974
15374,屯,55,0.0006,93.5034999999974
15375,多亏,55,0.0006,93.5040999999974
15376,黎小玲,55,0.0006,93.5046999999974
15377,高楼,55,0.0006,93.5052999999974
15378,燃气,55,0.0006,93.5058999999975
15379,日用,55,0.0006,93.5064999999975
15380,普通人,55,0.0006,93.5070999999975
15381,乌,55,0.0006,93.5076999999975
15382,北伐,55,0.0006,93.5160999999976
15383,重担,55,0.0006,93.5088999999975
15384,头皮,55,0.0006,93.5016999999974
15385,灵敏度,55,0.0006,93.5100999999975
15386,风云,55,0.0006,93.5106999999975
15387,漫步,55,0.0006,93.5112999999975
15388,课堂上,55,0.0006,93.5118999999975
15389,李嘉图,55,0.0006,93.5124999999975
15390,寄给,55,0.0006,93.5082999999975
15391,津津有味,55,0.0006,93.5130999999975
15392,留有,55,0.0006,93.4872999999973
15393,铁矿石,55,0.0006,93.5136999999975
15394,金黄色,55,0.0006,93.5142999999975
15395,双腿,55,0.0006,93.5148999999975
15396,无异,55,0.0006,93.5226999999976
15397,枝头,54,0.0006,93.6744999999991
15398,圈,54,0.0006,93.6750999999991
15399,新词,54,0.0006,93.6756999999991
15400,光年,54,0.0006,93.6762999999991
15401,黄山,54,0.0006,93.6768999999991
15402,高喊,54,0.0006,93.7044999999993
15403,具,54,0.0006,93.6780999999991
15404,蒸馏水,54,0.0006,93.6822999999991
15405,共同语,54,0.0006,93.6786999999991
15406,斑点,54,0.0006,93.6792999999991
15407,引来,54,0.0006,93.6798999999991
15408,底,54,0.0006,93.6804999999991
15409,不发达国家,54,0.0006,93.6894999999992
15410,游到,54,0.0006,93.6816999999991
15411,远距离,54,0.0006,93.6738999999991
15412,上下文,54,0.0006,93.6828999999991
15413,践踏,54,0.0006,93.6834999999991
15414,魏,54,0.0006,93.6840999999991
15415,受害,54,0.0006,93.6846999999992
15416,战火,54,0.0006,93.6852999999992
15417,漫不经心,54,0.0006,93.6858999999992
15418,登山,54,0.0006,93.6864999999992
15419,说明,54,0.0006,93.6870999999992
15420,下辖,54,0.0006,93.6876999999992
15421,旬,54,0.0006,93.6882999999992
15422,财团,54,0.0006,93.6888999999992
15423,升级,54,0.0006,93.666099999999
15424,盛大,54,0.0006,93.664899999999
15425,过敏,54,0.0006,93.6810999999991
15426,长者,54,0.0006,93.6588999999989
15427,沉沉,54,0.0006,93.6594999999989
15428,受灾,54,0.0006,93.6600999999989
15429,抡,54,0.0006,93.6606999999989
15430,视角,54,0.0006,93.6612999999989
15431,棉被,54,0.0006,93.6618999999989
15432,输卵管,54,0.0006,93.6624999999989
15433,分力,54,0.0006,93.6630999999989
15434,庄,54,0.0006,93.663699999999
15435,甘,54,0.0006,93.664299999999
15436,共振,54,0.0006,93.673299999999
15437,名言,54,0.0006,93.665499999999
15438,厘米,54,0.0006,93.6576999999989
15439,体贴,54,0.0006,93.666699999999
15440,尾部,54,0.0006,93.667299999999
15441,多达,54,0.0006,93.667899999999
15442,南边,54,0.0006,93.668499999999
15443,解放思想,54,0.0006,93.669099999999
15444,贷,54,0.0006,93.669699999999
15445,换位,54,0.0006,93.670299999999
15446,不需,54,0.0006,93.670899999999
15447,极为,54,0.0006,93.671499999999
15448,植树造林,54,0.0006,93.672099999999
15449,苗圃,54,0.0006,93.672699999999
15450,组装,54,0.0006,93.6582999999989
15451,西双版纳,54,0.0006,93.7038999999993
15452,省区,54,0.0006,93.7074999999994
15453,钢笔,54,0.0006,93.7080999999994
15454,短篇小说,54,0.0006,93.7086999999994
15455,偶像,54,0.0006,93.7116999999994
15456,海平面,54,0.0006,93.7092999999994
15457,义军,54,0.0006,93.7098999999994
15458,拿过,54,0.0006,93.7158999999995
15459,比热,54,0.0006,93.7110999999994
15460,周刊,54,0.0006,93.7062999999994
15461,残存,54,0.0006,93.7122999999994
15462,芬兰,54,0.0006,93.7128999999994
15463,取暖,54,0.0006,93.7134999999994
15464,劝阻,54,0.0006,93.7170999999995
15465,薪水,54,0.0006,93.7218999999995
15466,深重,54,0.0006,93.7212999999995
15467,科威特,54,0.0006,93.7206999999995
15468,营,54,0.0006,93.7200999999995
15469,师爷,54,0.0006,93.7194999999995
15470,月色,54,0.0006,93.7188999999995
15471,悠闲,54,0.0006,93.7140999999994
15472,轰击,54,0.0006,93.7176999999995
15473,欲,54,0.0006,93.7182999999995
15474,肋骨,54,0.0006,93.7152999999994
15475,用药,54,0.0006,93.7146999999994
15476,肿胀,54,0.0006,93.7164999999995
15477,叮当,54,0.0006,93.7104999999994
15478,难点,54,0.0006,93.6972999999993
15479,算是,54,0.0006,93.6906999999992
15480,契丹,54,0.0006,93.6912999999992
15481,气呼呼,54,0.0006,93.6918999999992
15482,消磨,54,0.0006,93.6924999999992
15483,先于,54,0.0006,93.6930999999992
15484,光束,54,0.0006,93.6936999999992
15485,匙,54,0.0006,93.6942999999992
15486,映出,54,0.0006,93.6948999999993
15487,爹妈,54,0.0006,93.6954999999993
15488,拉车,54,0.0006,93.6960999999993
15489,愤,54,0.0006,93.6966999999993
15490,折,54,0.0006,93.7056999999994
15491,生产量,54,0.0006,93.6978999999993
15492,全神贯注,54,0.0006,93.6900999999992
15493,瘦弱,54,0.0006,93.6990999999993
15494,笃,54,0.0006,93.6996999999993
15495,好意,54,0.0006,93.7002999999993
15496,巴尔扎克,54,0.0006,93.7008999999993
15497,提成,54,0.0006,93.7014999999993
15498,吞下,54,0.0006,93.7020999999993
15499,睫毛,54,0.0006,93.7026999999993
15500,顶住,54,0.0006,93.6984999999993
15501,名,54,0.0006,93.7032999999993
15502,聋,54,0.0006,93.7068999999994
15503,伙,54,0.0006,93.6384999999987
15504,战地,54,0.0006,93.7050999999993
15505,可见,54,0.0006,93.6774999999991
15506,命脉,54,0.0006,93.6372999999987
15507,主观主义,54,0.0006,93.6072999999984
15508,电钮,54,0.0006,93.6102999999984
15509,看热闹,54,0.0006,93.6156999999985
15510,渔,54,0.0006,93.6108999999985
15511,雨后,54,0.0006,93.6114999999985
15512,核准,54,0.0006,93.6120999999985
15513,需求量,54,0.0006,93.6126999999985
15514,交出,54,0.0006,93.6132999999985
15515,鱼池,54,0.0006,93.6138999999985
15516,合于,54,0.0006,93.6144999999985
15517,盆,54,0.0006,93.6150999999985
15518,木星,54,0.0006,93.6240999999986
15519,集权,54,0.0006,93.6162999999985
15520,不善,54,0.0006,93.6084999999984
15521,谓,54,0.0006,93.6174999999985
15522,终结,54,0.0006,93.6180999999985
15523,喻,54,0.0006,93.6186999999985
15524,江山,54,0.0006,93.6192999999985
15525,怪事,54,0.0006,93.6198999999985
15526,应声,54,0.0006,93.6204999999985
15527,图样,54,0.0006,93.6210999999985
15528,声带,54,0.0006,93.6216999999986
15529,外行,54,0.0006,93.6222999999986
15530,髻,54,0.0006,93.6228999999986
15531,人畜,54,0.0006,93.6234999999986
15532,地幔,54,0.0006,93.6168999999985
15533,领队,54,0.0006,93.6036999999984
15534,牧,54,0.0006,93.5988999999983
15535,小明,54,0.0006,93.5964999999983
15536,疑虑,54,0.0006,93.5922999999983
15537,年岁,54,0.0006,93.5970999999983
15538,硬要,54,0.0006,93.5994999999983
15539,拳击,54,0.0006,93.5958999999983
15540,小花,54,0.0006,93.5952999999983
15541,自然物,54,0.0006,93.5946999999983
15542,十字架,54,0.0006,93.5940999999983
15543,共同性,54,0.0006,93.5934999999983
15544,辛酸,54,0.0006,93.5928999999983
15545,科举,54,0.0006,93.5976999999983
15546,沉,54,0.0006,93.6000999999983
15547,仨,54,0.0006,93.6006999999984
15548,闻声,54,0.0006,93.6012999999984
15549,冯俭,54,0.0006,93.6018999999984
15550,止住,54,0.0006,93.6078999999984
15551,海斯,54,0.0006,93.6030999999984
15552,送礼,54,0.0006,93.5982999999983
15553,活路,54,0.0006,93.6042999999984
15554,库仑,54,0.0006,93.6048999999984
15555,火葬,54,0.0006,93.6054999999984
15556,伤感,54,0.0006,93.6024999999984
15557,诸多,54,0.0006,93.6066999999984
15558,尤,54,0.0006,93.6060999999984
15559,教练员,54,0.0006,93.6096999999984
15560,攫取,54,0.0006,93.6564999999989
15561,湘,54,0.0006,93.6414999999987
15562,破案,54,0.0006,93.6420999999987
15563,实则,54,0.0006,93.6426999999988
15564,跳起,54,0.0006,93.6432999999988
15565,飞行器,54,0.0006,93.6438999999988
15566,丽,54,0.0006,93.6444999999988
15567,中游,54,0.0006,93.6450999999988
15568,发火,54,0.0006,93.6456999999988
15569,血腥,54,0.0006,93.6462999999988
15570,善意,54,0.0006,93.6468999999988
15571,主客观,54,0.0006,93.6474999999988
15572,刁,54,0.0006,93.6570999999989
15573,劳工,54,0.0006,93.6486999999988
15574,单靠,54,0.0006,93.6408999999987
15575,外加,54,0.0006,93.6498999999988
15576,上千,54,0.0006,93.6504999999988
15577,全民性,54,0.0006,93.6510999999988
15578,专程,54,0.0006,93.6516999999988
15579,史书,54,0.0006,93.6522999999988
15580,百花齐放,54,0.0006,93.6528999999989
15581,拍打,54,0.0006,93.6534999999989
15582,一天到晚,54,0.0006,93.6540999999989
15583,前线,54,0.0006,93.6546999999989
15584,咽喉,54,0.0006,93.6552999999989
15585,积,54,0.0006,93.6558999999989
15586,想方设法,54,0.0006,93.6330999999987
15587,城堡,54,0.0006,93.6492999999988
15588,敬礼,54,0.0006,93.6480999999988
15589,逸出,54,0.0006,93.6252999999986
15590,获胜,54,0.0006,93.6258999999986
15591,讨好,54,0.0006,93.6264999999986
15592,石灰水,54,0.0006,93.6270999999986
15593,下端,54,0.0006,93.6276999999986
15594,专利权,54,0.0006,93.6282999999986
15595,我党,54,0.0006,93.6288999999986
15596,佃农,54,0.0006,93.6294999999986
15597,减速,54,0.0006,93.6300999999986
15598,妨害,54,0.0006,93.6306999999986
15599,聊天,54,0.0006,93.6312999999986
15600,求学,54,0.0006,93.6402999999987
15601,斧,54,0.0006,93.6324999999987
15602,唯独,54,0.0006,93.6246999999986
15603,呼叫,54,0.0006,93.6336999999987
15604,苏北,54,0.0006,93.6342999999987
15605,霸权主义,54,0.0006,93.6348999999987
15606,吴作人,54,0.0006,93.6354999999987
15607,男女老少,54,0.0006,93.6360999999987
15608,秦汉,54,0.0006,93.6366999999987
15609,定国,54,0.0006,93.6318999999987
15610,可变,54,0.0006,93.6378999999987
15611,病床,54,0.0006,93.6090999999984
15612,掩蔽,54,0.0006,93.6390999999987
15613,新西兰,54,0.0006,93.6396999999987
15614,可口,53,0.0006,93.7969000000002
15615,兼有,53,0.0006,93.7975000000002
15616,净,53,0.0006,93.7981000000002
15617,长白山,53,0.0006,93.7987000000002
15618,副教授,53,0.0006,93.7993000000002
15619,试样,53,0.0006,93.7999000000002
15620,北京大学,53,0.0006,93.8005000000003
15621,晒干,53,0.0006,93.8011000000003
15622,豪迈,53,0.0006,93.8095000000003
15623,创造性思维,53,0.0006,93.8023000000003
15624,沉寂,53,0.0006,93.7951000000002
15625,凝神,53,0.0006,93.8035000000003
15626,唱法,53,0.0006,93.8041000000003
15627,涌出,53,0.0006,93.8047000000003
15628,密布,53,0.0006,93.8053000000003
15629,展览,53,0.0006,93.8059000000003
15630,驳斥,53,0.0006,93.8065000000003
15631,山间,53,0.0006,93.8071000000003
15632,生长期,53,0.0006,93.8077000000003
15633,问话,53,0.0006,93.8083000000003
15634,名胜,53,0.0006,93.7879000000001
15635,渺小,53,0.0006,93.8227000000005
15636,碎屑,53,0.0006,93.8029000000003
15637,离休,53,0.0006,93.8089000000003
15638,水系,53,0.0006,93.8017000000003
15639,巴黎公社,53,0.0006,93.7813000000001
15640,顿悟,53,0.0006,93.7819000000001
15641,分队,53,0.0006,93.7825000000001
15642,袭来,53,0.0006,93.7831000000001
15643,技,53,0.0006,93.7837000000001
15644,学术界,53,0.0006,93.7843000000001
15645,阿妈,53,0.0006,93.7849000000001
15646,酒店,53,0.0006,93.7855000000001
15647,家里人,53,0.0006,93.7861000000001
15648,赛,53,0.0006,93.7945000000002
15649,茄子,53,0.0006,93.7873000000001
15650,水螅,53,0.0006,93.7807000000001
15651,小康,53,0.0006,93.7885000000001
15652,态势,53,0.0006,93.7891000000001
15653,心血管,53,0.0006,93.7897000000002
15654,批量,53,0.0006,93.7903000000002
15655,未尝,53,0.0006,93.7909000000002
15656,国产,53,0.0006,93.7915000000002
15657,此项,53,0.0006,93.7921000000002
15658,引发,53,0.0006,93.7927000000002
15659,执照,53,0.0006,93.7933000000002
15660,拨乱反正,53,0.0006,93.7939000000002
15661,栋,53,0.0006,93.7867000000001
15662,湖边,53,0.0006,93.8221000000005
15663,赵强,53,0.0006,93.8257000000005
15664,遭遇,53,0.0006,93.8299000000005
15665,脱去,53,0.0006,93.8263000000005
15666,文化遗产,53,0.0006,93.8311000000005
15667,和约,53,0.0006,93.8275000000005
15668,电波,53,0.0006,93.8281000000005
15669,猖獗,53,0.0006,93.8287000000005
15670,惊呼,53,0.0006,93.8293000000005
15671,苏维埃,53,0.0006,93.8395000000006
15672,堪称,53,0.0006,93.8305000000005
15673,舍弃,53,0.0006,93.8251000000005
15674,北大,53,0.0006,93.8317000000006
15675,军国主义,53,0.0006,93.8323000000006
15676,器件,53,0.0006,93.8329000000006
15677,湖南省,53,0.0006,93.8341000000006
15678,十年动乱,53,0.0006,93.8347000000006
15679,体现,53,0.0006,93.8353000000006
15680,志向,53,0.0006,93.8359000000006
15681,推动力,53,0.0006,93.8365000000006
15682,行车,53,0.0006,93.8371000000006
15683,作到,53,0.0006,93.8377000000006
15684,林地,53,0.0006,93.8383000000006
15685,别,53,0.0006,93.8335000000006
15686,犯,53,0.0006,93.8389000000006
15687,撇,53,0.0006,93.8167000000004
15688,概论,53,0.0006,93.8107000000004
15689,透彻,53,0.0006,93.8113000000004
15690,口岸,53,0.0006,93.8119000000004
15691,礼节,53,0.0006,93.8125000000004
15692,病虫害,53,0.0006,93.8131000000004
15693,平庸,53,0.0006,93.8137000000004
15694,核对,53,0.0006,93.8143000000004
15695,都,53,0.0006,93.8149000000004
15696,去路,53,0.0006,93.8179000000004
15697,作为,53,0.0006,93.8155000000004
15698,好汉,53,0.0006,93.8269000000005
15699,者,53,0.0006,93.8161000000004
15700,病程,53,0.0006,93.8245000000005
15701,吏,53,0.0006,93.8173000000004
15702,耷拉,53,0.0006,93.8101000000003
15703,有益于,53,0.0006,93.8185000000004
15704,冒充,53,0.0006,93.8191000000004
15705,办报,53,0.0006,93.8197000000004
15706,红润,53,0.0006,93.8203000000004
15707,悖论,53,0.0006,93.8209000000004
15708,顶峰,53,0.0006,93.8215000000005
15709,一点,53,0.0006,93.8239000000005
15710,凤凰,53,0.0006,93.8233000000005
15711,鱼苗,53,0.0006,93.7957000000002
15712,柴可夫斯基,53,0.0006,93.7644999999999
15713,打响,53,0.0006,93.7368999999997
15714,花丛,53,0.0006,93.7386999999997
15715,集邮,53,0.0006,93.7392999999997
15716,云集,53,0.0006,93.7398999999997
15717,摒弃,53,0.0006,93.7404999999997
15718,过活,53,0.0006,93.7410999999997
15719,轧,53,0.0006,93.7416999999997
15720,师范学校,53,0.0006,93.7422999999997
15721,石家庄,53,0.0006,93.7506999999998
15722,西面,53,0.0006,93.7434999999997
15723,灼热,53,0.0006,93.7362999999996
15724,铁木真,53,0.0006,93.7338999999996
15725,劣势,53,0.0006,93.7446999999997
15726,发电厂,53,0.0006,93.7428999999997
15727,迎合,53,0.0006,93.7452999999997
15728,放射性元素,53,0.0006,93.7458999999997
15729,闲谈,53,0.0006,93.7464999999997
15730,纵身,53,0.0006,93.7470999999997
15731,历法,53,0.0006,93.7476999999998
15732,杀菌剂,53,0.0006,93.7482999999998
15733,阁下,53,0.0006,93.7488999999998
15734,近代史,53,0.0006,93.7494999999998
15735,红军,53,0.0006,93.7500999999998
15736,荡漾,53,0.0006,93.7440999999997
15737,查尔顿,53,0.0006,93.7266999999996
15738,窘,53,0.0006,93.7260999999995
15739,查阅,53,0.0006,93.7272999999996
15740,眸子,53,0.0006,93.7254999999995
15741,大字报,53,0.0006,93.7248999999995
15742,凑近,53,0.0006,93.7242999999995
15743,把戏,53,0.0006,93.7224999999995
15744,川,53,0.0006,93.7230999999995
15745,小农经济,53,0.0006,93.7236999999995
15746,腼腆,53,0.0006,93.7278999999996
15747,对面,53,0.0006,93.7284999999996
15748,耳机,53,0.0006,93.7290999999996
15749,铺盖,53,0.0006,93.7296999999996
15750,生气,53,0.0006,93.7302999999996
15751,触电,53,0.0006,93.7308999999996
15752,家用,53,0.0006,93.7314999999996
15753,土中,53,0.0006,93.7320999999996
15754,宁波,53,0.0006,93.7326999999996
15755,佛陀,53,0.0006,93.7356999999996
15756,纪,53,0.0006,93.7332999999996
15757,跳高,53,0.0006,93.7344999999996
15758,杠,53,0.0006,93.7350999999996
15759,巨浪,53,0.0006,93.7380999999997
15760,玉华,53,0.0006,93.7795000000001
15761,枯竭,53,0.0006,93.7662999999999
15762,郁,53,0.0006,93.7668999999999
15763,有色金属,53,0.0006,93.7674999999999
15764,独创性,53,0.0006,93.7680999999999
15765,跪下,53,0.0006,93.7687
15766,开元,53,0.0006,93.7693
15767,耳光,53,0.0006,93.7699
15768,冲天,53,0.0006,93.7705
15769,摆出,53,0.0006,93.7711
15770,喔,53,0.0006,93.7717
15771,电缆,53,0.0006,93.7801000000001
15772,制度化,53,0.0006,93.7729
15773,显而易见,53,0.0006,93.7656999999999
15774,张发奎,53,0.0006,93.7741
15775,写照,53,0.0006,93.7638999999999
15776,比喻,53,0.0006,93.7753
15777,纺织品,53,0.0006,93.7963000000002
15778,重病,53,0.0006,93.7759
15779,计划性,53,0.0006,93.7765
15780,木条,53,0.0006,93.7771
15781,痒,53,0.0006,93.7777
15782,摇曳,53,0.0006,93.7783
15783,版面,53,0.0006,93.7789
15784,直流,53,0.0006,93.7584999999999
15785,奔波,53,0.0006,93.7735
15786,该项,53,0.0006,93.7572999999998
15787,搞上去,53,0.0006,93.7723
15788,来客,53,0.0006,93.7374999999997
15789,偏旁,53,0.0006,93.7518999999998
15790,诗篇,53,0.0006,93.7524999999998
15791,他用,53,0.0006,93.7530999999998
15792,养育,53,0.0006,93.7536999999998
15793,威望,53,0.0006,93.7542999999998
15794,日伪军,53,0.0006,93.7548999999998
15795,话头,53,0.0006,93.7554999999998
15796,星期日,53,0.0006,93.7560999999998
15797,考场,53,0.0006,93.7566999999998
15798,框,53,0.0006,93.7650999999999
15799,存有,53,0.0006,93.7578999999999
15800,桌椅,53,0.0006,93.7512999999998
15801,尿道,53,0.0006,93.7590999999999
15802,经常性,53,0.0006,93.7596999999999
15803,梗,53,0.0006,93.7602999999999
15804,研究会,53,0.0006,93.7608999999999
15805,心肠,53,0.0006,93.7614999999999
15806,包裹,53,0.0006,93.7620999999999
15807,地方性,53,0.0006,93.7626999999999
15808,骡子,53,0.0006,93.7632999999999
15809,矿藏,53,0.0006,93.7747
15810,被害人,52,0.0005,93.9070000000009
15811,两下,52,0.0005,93.907500000001
15812,广州市,52,0.0005,93.908000000001
15813,主机,52,0.0005,93.908500000001
15814,还击,52,0.0005,93.909000000001
15815,缝合,52,0.0005,93.909500000001
15816,出院,52,0.0005,93.910000000001
15817,脑后,52,0.0005,93.910500000001
15818,小队,52,0.0005,93.911000000001
15819,遗传物质,52,0.0005,93.918500000001
15820,南极洲,52,0.0005,93.912000000001
15821,融洽,52,0.0005,93.9055000000009
15822,小人书,52,0.0005,93.913000000001
15823,合计,52,0.0005,93.913500000001
15824,闷,52,0.0005,93.914000000001
15825,石达开,52,0.0005,93.914500000001
15826,表意,52,0.0005,93.915000000001
15827,既定,52,0.0005,93.915500000001
15828,晋,52,0.0005,93.916000000001
15829,濒临,52,0.0005,93.916500000001
15830,掺,52,0.0005,93.917000000001
15831,信息论,52,0.0005,93.917500000001
15832,探险,52,0.0005,93.9305000000011
15833,卢华,52,0.0005,93.8990000000009
15834,清明,52,0.0005,93.918000000001
15835,轰鸣,52,0.0005,93.912500000001
15836,碟,52,0.0005,93.911500000001
15837,维他命,52,0.0005,93.8930000000009
15838,叙利亚,52,0.0005,93.8935000000009
15839,塞,52,0.0005,93.8940000000009
15840,风波,52,0.0005,93.8945000000009
15841,一千五百,52,0.0005,93.8950000000009
15842,侥幸,52,0.0005,93.8955000000009
15843,超级,52,0.0005,93.8960000000009
15844,旗号,52,0.0005,93.8965000000009
15845,兴修,52,0.0005,93.8970000000009
15846,跟前,52,0.0005,93.8975000000009
15847,初生,52,0.0005,93.9050000000009
15848,可想而知,52,0.0005,93.8985000000009
15849,矫正,52,0.0005,93.8925000000009
15850,侍候,52,0.0005,93.8995000000009
15851,扔掉,52,0.0005,93.9000000000009
15852,愣住,52,0.0005,93.9005000000009
15853,干线,52,0.0005,93.9010000000009
15854,名片,52,0.0005,93.9015000000009
15855,程,52,0.0005,93.9020000000009
15856,迟迟,52,0.0005,93.9025000000009
15857,巫,52,0.0005,93.9030000000009
15858,姿,52,0.0005,93.9035000000009
15859,明了,52,0.0005,93.9040000000009
15860,母羊,52,0.0005,93.9045000000009
15861,漏洞,52,0.0005,93.8980000000009
15862,涩,52,0.0005,93.9300000000011
15863,好说,52,0.0005,93.9330000000011
15864,齐声,52,0.0005,93.9335000000011
15865,相会,52,0.0005,93.9340000000011
15866,卫,52,0.0005,93.9380000000011
15867,新教,52,0.0005,93.9355000000011
15868,灾民,52,0.0005,93.9360000000011
15869,桥上,52,0.0005,93.9365000000011
15870,奉行,52,0.0005,93.9370000000011
15871,纪录,52,0.0005,93.9410000000011
15872,屡次,52,0.0005,93.9375000000011
15873,穆罕默德,52,0.0005,93.9325000000011
15874,强奸,52,0.0005,93.9385000000011
15875,现代派,52,0.0005,93.9390000000011
15876,闷热,52,0.0005,93.9395000000011
15877,兹,52,0.0005,93.9420000000011
15878,腊月,52,0.0005,93.9450000000011
15879,薛沁芯,52,0.0005,93.9445000000011
15880,紫外光,52,0.0005,93.9440000000011
15881,万有引力,52,0.0005,93.9455000000011
15882,暗杀,52,0.0005,93.9435000000011
15883,三八,52,0.0005,93.9430000000011
15884,手足,52,0.0005,93.9425000000011
15885,要道,52,0.0005,93.9400000000011
15886,村寨,52,0.0005,93.9415000000011
15887,研讨,52,0.0005,93.9405000000011
15888,而外,52,0.0005,93.9350000000011
15889,大型,52,0.0005,93.925000000001
15890,分子结构,52,0.0005,93.919500000001
15891,废水,52,0.0005,93.920000000001
15892,臭味,52,0.0005,93.920500000001
15893,目瞪口呆,52,0.0005,93.921000000001
15894,江浩,52,0.0005,93.921500000001
15895,会后,52,0.0005,93.922000000001
15896,积分,52,0.0005,93.922500000001
15897,绿肥,52,0.0005,93.923000000001
15898,高雅,52,0.0005,93.923500000001
15899,三峡,52,0.0005,93.926000000001
15900,梦里,52,0.0005,93.924000000001
15901,人手,52,0.0005,93.9345000000011
15902,冷冻,52,0.0005,93.924500000001
15903,原则性,52,0.0005,93.9320000000011
15904,鞠躬,52,0.0005,93.925500000001
15905,北伐军,52,0.0005,93.919000000001
15906,发源,52,0.0005,93.926500000001
15907,惩办,52,0.0005,93.927000000001
15908,暴动,52,0.0005,93.927500000001
15909,矛头,52,0.0005,93.928000000001
15910,锥,52,0.0005,93.9285000000011
15911,上司,52,0.0005,93.9290000000011
15912,讲理,52,0.0005,93.9295000000011
15913,西山,52,0.0005,93.9315000000011
15914,商定,52,0.0005,93.9310000000011
15915,翕,52,0.0005,93.9060000000009
15916,否,52,0.0005,93.8755000000008
15917,召,52,0.0005,93.8540000000007
15918,日元,52,0.0005,93.8510000000007
15919,附带,52,0.0005,93.8545000000007
15920,大将,52,0.0005,93.8585000000007
15921,威武,52,0.0005,93.8550000000007
15922,悔恨,52,0.0005,93.8555000000007
15923,梅,52,0.0005,93.8560000000007
15924,草鱼,52,0.0005,93.8565000000007
15925,私自,52,0.0005,93.8570000000007
15926,日本兵,52,0.0005,93.8575000000007
15927,副,52,0.0005,93.8580000000007
15928,成活率,52,0.0005,93.8655000000008
15929,掺杂,52,0.0005,93.8590000000007
15930,交互,52,0.0005,93.8525000000007
15931,实况,52,0.0005,93.8600000000007
15932,棺,52,0.0005,93.8605000000007
15933,满天,52,0.0005,93.8610000000007
15934,海里,52,0.0005,93.8615000000007
15935,不愧,52,0.0005,93.8620000000007
15936,鞭策,52,0.0005,93.8625000000007
15937,说清楚,52,0.0005,93.8630000000007
15938,安放,52,0.0005,93.8635000000007
15939,侦察员,52,0.0005,93.8640000000007
15940,河北省,52,0.0005,93.8645000000007
15941,现时,52,0.0005,93.8650000000007
15942,不佳,52,0.0005,93.8595000000007
15943,付给,52,0.0005,93.8505000000007
15944,居多,52,0.0005,93.8430000000006
15945,琴声,52,0.0005,93.8445000000007
15946,扭动,52,0.0005,93.8440000000006
15947,任职,52,0.0005,93.8435000000006
15948,余额,52,0.0005,93.8450000000007
15949,基本矛盾,52,0.0005,93.8425000000006
15950,钟声,52,0.0005,93.8420000000006
15951,鄙视,52,0.0005,93.8415000000006
15952,带状,52,0.0005,93.8410000000006
15953,老舍,52,0.0005,93.8405000000006
15954,联产,52,0.0005,93.8400000000006
15955,撇开,52,0.0005,93.8455000000007
15956,在意,52,0.0005,93.8460000000007
15957,深造,52,0.0005,93.8465000000007
15958,法治,52,0.0005,93.8470000000007
15959,荒诞,52,0.0005,93.8475000000007
15960,枪毙,52,0.0005,93.8480000000007
15961,菜园,52,0.0005,93.8485000000007
15962,欢笑,52,0.0005,93.8490000000007
15963,工艺美术,52,0.0005,93.8520000000007
15964,暂行,52,0.0005,93.8495000000007
15965,奋起,52,0.0005,93.8515000000007
15966,切合,52,0.0005,93.8500000000007
15967,黄埔,52,0.0005,93.8535000000007
15968,没想,52,0.0005,93.8915000000009
15969,菲菲,52,0.0005,93.8795000000008
15970,细雨,52,0.0005,93.8800000000008
15971,柳条,52,0.0005,93.8805000000008
15972,鞘,52,0.0005,93.8810000000008
15973,进犯,52,0.0005,93.8815000000008
15974,表里,52,0.0005,93.8820000000008
15975,生产责任制,52,0.0005,93.8825000000008
15976,叶剑英,52,0.0005,93.8830000000008
15977,送走,52,0.0005,93.8835000000008
15978,烧着,52,0.0005,93.8840000000008
15979,山岗,52,0.0005,93.8845000000008
15980,哥们,52,0.0005,93.8920000000009
15981,教学计划,52,0.0005,93.8855000000008
15982,吓唬,52,0.0005,93.8765000000008
15983,但愿,52,0.0005,93.8790000000008
15984,秦国,52,0.0005,93.9065000000009
15985,辐,52,0.0005,93.8865000000009
15986,逾,52,0.0005,93.8870000000009
15987,闽,52,0.0005,93.8875000000009
15988,仰起,52,0.0005,93.8880000000009
15989,出外,52,0.0005,93.8885000000009
15990,异口同声,52,0.0005,93.8890000000009
15991,遗弃,52,0.0005,93.8895000000009
15992,谭,52,0.0005,93.8900000000009
15993,不简单,52,0.0005,93.8905000000009
15994,农产,52,0.0005,93.8910000000009
15995,倒卖,52,0.0005,93.8725000000008
15996,疑心,52,0.0005,93.8860000000008
15997,兰州,52,0.0005,93.8850000000008
15998,活人,52,0.0005,93.8665000000008
15999,制服,52,0.0005,93.8670000000008
16000,身世,52,0.0005,93.8675000000008
16001,草药,52,0.0005,93.8680000000008
16002,宏大,52,0.0005,93.8685000000008
16003,挫伤,52,0.0005,93.8690000000008
16004,舍,52,0.0005,93.8695000000008
16005,标明,52,0.0005,93.8700000000008
16006,畏,52,0.0005,93.8705000000008
16007,雷锋精神,52,0.0005,93.8710000000008
16008,使用权,52,0.0005,93.8785000000008
16009,率先,52,0.0005,93.8720000000008
16010,屋外,52,0.0005,93.8660000000008
16011,禁锢,52,0.0005,93.8730000000008
16012,社区,52,0.0005,93.8735000000008
16013,基数,52,0.0005,93.8740000000008
16014,艳,52,0.0005,93.8745000000008
16015,尔后,52,0.0005,93.8750000000008
16016,新法,52,0.0005,93.8715000000008
16017,野生,52,0.0005,93.8760000000008
16018,摊子,52,0.0005,93.8530000000007
16019,魔术,52,0.0005,93.8770000000008
16020,静静,52,0.0005,93.8775000000008
16021,电气,52,0.0005,93.8780000000008
16022,唐山,51,0.0005,94.0195000000015
16023,铺上,51,0.0005,94.0200000000015
16024,裂变,51,0.0005,94.0205000000015
16025,明清,51,0.0005,94.0210000000015
16026,义务教育,51,0.0005,94.0215000000015
16027,伸缩,51,0.0005,94.0220000000015
16028,划为,51,0.0005,94.0225000000015
16029,扣子,51,0.0005,94.0230000000015
16030,宣誓,51,0.0005,94.0235000000015
16031,眨巴,51,0.0005,94.0240000000015
16032,环状,51,0.0005,94.0245000000015
16033,犬,51,0.0005,94.0325000000015
16034,年幼,51,0.0005,94.0255000000015
16035,月季,51,0.0005,94.0185000000015
16036,经济,51,0.0005,94.0265000000015
16037,搀,51,0.0005,94.0270000000015
16038,内省,51,0.0005,94.0275000000015
16039,普法,51,0.0005,94.0280000000015
16040,曲世青,51,0.0005,94.0285000000015
16041,僮族,51,0.0005,94.0290000000015
16042,为啥,51,0.0005,94.0295000000015
16043,起舞,51,0.0005,94.0300000000015
16044,明文规定,51,0.0005,94.0305000000015
16045,大多,51,0.0005,94.0310000000015
16046,王后,51,0.0005,94.0315000000015
16047,郭燕,51,0.0005,94.0320000000015
16048,硫化氢,51,0.0005,94.0115000000014
16049,萧恩,51,0.0005,94.0105000000014
16050,历史学,51,0.0005,94.0250000000015
16051,白,51,0.0005,94.0050000000014
16052,标兵,51,0.0005,94.0055000000014
16053,宝座,51,0.0005,94.0060000000014
16054,争先恐后,51,0.0005,94.0065000000014
16055,水泵,51,0.0005,94.0070000000014
16056,阎锡山,51,0.0005,94.0075000000014
16057,上都,51,0.0005,94.0080000000014
16058,成,51,0.0005,94.0085000000014
16059,与会,51,0.0005,94.0090000000014
16060,火山灰,51,0.0005,94.0095000000014
16061,这就是说,51,0.0005,94.0100000000014
16062,离奇,51,0.0005,94.0180000000015
16063,微分,51,0.0005,94.0110000000014
16064,飞奔,51,0.0005,94.0040000000014
16065,排球,51,0.0005,94.0120000000014
16066,不如说,51,0.0005,94.0125000000015
16067,冤枉,51,0.0005,94.0130000000015
16068,商议,51,0.0005,94.0135000000015
16069,试试看,51,0.0005,94.0140000000015
16070,催眠,51,0.0005,94.0145000000015
16071,腰部,51,0.0005,94.0150000000015
16072,茂林,51,0.0005,94.0155000000015
16073,心痛,51,0.0005,94.0160000000015
16074,不声不响,51,0.0005,94.0165000000015
16075,小数,51,0.0005,94.0170000000015
16076,系,51,0.0005,94.0175000000015
16077,焕发,51,0.0005,94.0395000000016
16078,苔,51,0.0005,94.0615000000017
16079,约法,51,0.0005,94.0260000000015
16080,偏要,51,0.0005,94.0485000000016
16081,两脚,51,0.0005,94.0490000000016
16082,真假,51,0.0005,94.0495000000016
16083,领头,51,0.0005,94.0500000000016
16084,爱慕,51,0.0005,93.9860000000013
16085,划定,51,0.0005,94.0505000000016
16086,喷射,51,0.0005,94.0045000000014
16087,逃脱,51,0.0005,94.0510000000016
16088,镊子,51,0.0005,94.0515000000016
16089,堂堂,51,0.0005,94.0520000000016
16090,伸入,51,0.0005,94.0525000000016
16091,规范性,51,0.0005,94.0530000000016
16092,鳖,51,0.0005,94.0535000000016
16093,醇,51,0.0005,94.0620000000017
16094,嘲讽,51,0.0005,94.0545000000017
16095,和声,51,0.0005,94.0475000000016
16096,成员国,51,0.0005,94.0555000000017
16097,峭壁,51,0.0005,94.0560000000017
16098,仙女,51,0.0005,94.0565000000017
16099,苦练,51,0.0005,94.0570000000017
16100,芝麻,51,0.0005,94.0575000000017
16101,吞并,51,0.0005,94.0580000000017
16102,登门,51,0.0005,94.0585000000017
16103,废墟,51,0.0005,94.0590000000017
16104,多方,51,0.0005,94.0595000000017
16105,淡漠,51,0.0005,94.0600000000017
16106,社会效益,51,0.0005,94.0605000000017
16107,随身,51,0.0005,94.0610000000017
16108,匈奴,51,0.0005,94.0405000000016
16109,战栗,51,0.0005,94.0550000000017
16110,大中型,51,0.0005,94.0540000000017
16111,飞走,51,0.0005,94.0335000000016
16112,指称,51,0.0005,94.0340000000016
16113,堵,51,0.0005,94.0345000000016
16114,喝茶,51,0.0005,94.0350000000016
16115,周岁,51,0.0005,94.0355000000016
16116,分组,51,0.0005,94.0360000000016
16117,台北,51,0.0005,94.0365000000016
16118,坑道,51,0.0005,94.0370000000016
16119,水能,51,0.0005,94.0375000000016
16120,踏进,51,0.0005,94.0380000000016
16121,牧区,51,0.0005,94.0385000000016
16122,雇用,51,0.0005,94.0390000000016
16123,江面,51,0.0005,94.0470000000016
16124,肉类,51,0.0005,94.0400000000016
16125,白族,51,0.0005,94.0330000000016
16126,萧条,51,0.0005,94.0410000000016
16127,王起明,51,0.0005,94.0415000000016
16128,任期,51,0.0005,94.0420000000016
16129,牢,51,0.0005,94.0425000000016
16130,停战,51,0.0005,94.0430000000016
16131,为准,51,0.0005,94.0435000000016
16132,愤恨,51,0.0005,94.0440000000016
16133,北京人,51,0.0005,94.0445000000016
16134,寺庙,51,0.0005,94.0450000000016
16135,不妙,51,0.0005,94.0455000000016
16136,少于,51,0.0005,94.0460000000016
16137,攻读,51,0.0005,94.0465000000016
16138,回旋,51,0.0005,94.0480000000016
16139,物料,51,0.0005,93.9850000000013
16140,异议,51,0.0005,93.9610000000012
16141,法律意识,51,0.0005,93.9575000000012
16142,眼花缭乱,51,0.0005,93.9615000000012
16143,遵从,51,0.0005,93.9660000000012
16144,冰箱,51,0.0005,93.9620000000012
16145,心智,51,0.0005,93.9625000000012
16146,北京话,51,0.0005,93.9630000000012
16147,并举,51,0.0005,93.9635000000012
16148,韫欢,51,0.0005,93.9640000000012
16149,脑电波,51,0.0005,93.9645000000012
16150,萤火虫,51,0.0005,93.9650000000012
16151,魏征,51,0.0005,93.9655000000012
16152,长春,51,0.0005,93.9740000000013
16153,慈祥,51,0.0005,93.9665000000012
16154,象征性,51,0.0005,93.9595000000012
16155,别国,51,0.0005,93.9675000000012
16156,翡翠,51,0.0005,93.9680000000012
16157,略带,51,0.0005,93.9685000000012
16158,合伙,51,0.0005,93.9690000000012
16159,替换,51,0.0005,93.9695000000012
16160,出击,51,0.0005,93.9700000000012
16161,铵,51,0.0005,93.9705000000013
16162,闭幕,51,0.0005,93.9710000000013
16163,电铃,51,0.0005,93.9715000000013
16164,躺在,51,0.0005,93.9720000000013
16165,方佳,51,0.0005,93.9725000000013
16166,小亚细亚,51,0.0005,93.9730000000013
16167,海洋生物,51,0.0005,93.9735000000013
16168,中日,51,0.0005,93.9670000000012
16169,应当,51,0.0005,93.9570000000012
16170,叔同,51,0.0005,93.9520000000012
16171,骂道,51,0.0005,93.9505000000012
16172,抒情诗,51,0.0005,93.9510000000012
16173,实测,51,0.0005,93.9460000000011
16174,查清,51,0.0005,93.9495000000012
16175,高纬度,51,0.0005,93.9500000000012
16176,千差万别,51,0.0005,93.9490000000011
16177,出乎,51,0.0005,93.9485000000011
16178,跺,51,0.0005,93.9480000000011
16179,天神,51,0.0005,93.9475000000011
16180,红领巾,51,0.0005,93.9470000000011
16181,几时,51,0.0005,93.9465000000011
16182,将士,51,0.0005,93.9515000000012
16183,脑壳,51,0.0005,93.9525000000012
16184,重用,51,0.0005,93.9530000000012
16185,小钻头,51,0.0005,93.9535000000012
16186,飘来,51,0.0005,93.9540000000012
16187,窝里,51,0.0005,93.9545000000012
16188,先天性,51,0.0005,93.9550000000012
16189,年轮,51,0.0005,93.9555000000012
16190,鼾声,51,0.0005,93.9560000000012
16191,按住,51,0.0005,93.9590000000012
16192,不顾一切,51,0.0005,93.9565000000012
16193,荣,51,0.0005,93.9580000000012
16194,切忌,51,0.0005,93.9585000000012
16195,一般性,51,0.0005,93.9605000000012
16196,得上,51,0.0005,94.0030000000014
16197,倒不如,51,0.0005,93.9895000000013
16198,驱赶,51,0.0005,93.9900000000013
16199,绘画,51,0.0005,93.9905000000013
16200,玄,51,0.0005,93.9910000000013
16201,哮喘,51,0.0005,93.9915000000014
16202,大批,51,0.0005,93.9920000000014
16203,丛生,51,0.0005,93.9925000000014
16204,切开,51,0.0005,93.9930000000014
16205,工作日,51,0.0005,93.9935000000014
16206,个数,51,0.0005,93.9940000000014
16207,玻尔,51,0.0005,93.9945000000014
16208,终极,51,0.0005,93.9950000000014
16209,迂回,51,0.0005,94.0035000000014
16210,喧闹,51,0.0005,93.9960000000014
16211,高水平,51,0.0005,93.9890000000013
16212,拼搏,51,0.0005,93.9970000000014
16213,炉火,51,0.0005,93.9975000000014
16214,熏,51,0.0005,93.9980000000014
16215,神父,51,0.0005,93.9985000000014
16216,地委,51,0.0005,93.9990000000014
16217,布告,51,0.0005,93.9995000000014
16218,水合,51,0.0005,94.0000000000014
16219,稳重,51,0.0005,94.0005000000014
16220,恶心,51,0.0005,94.0010000000014
16221,浅海,51,0.0005,94.0015000000014
16222,放电,51,0.0005,94.0020000000014
16223,随时随地,51,0.0005,94.0025000000014
16224,头晕,51,0.0005,93.9820000000013
16225,仅次于,51,0.0005,93.9965000000014
16226,推选,51,0.0005,93.9955000000014
16227,秧歌,51,0.0005,93.9750000000013
16228,童工,51,0.0005,93.9755000000013
16229,巫师,51,0.0005,93.9760000000013
16230,嚷嚷,51,0.0005,93.9765000000013
16231,空位,51,0.0005,93.9770000000013
16232,治愈,51,0.0005,93.9775000000013
16233,猖狂,51,0.0005,93.9780000000013
16234,繁杂,51,0.0005,93.9785000000013
16235,剪刀,51,0.0005,93.9790000000013
16236,先秦,51,0.0005,93.9795000000013
16237,道上,51,0.0005,93.9800000000013
16238,浓重,51,0.0005,93.9805000000013
16239,辩护人,51,0.0005,93.9885000000013
16240,哨兵,51,0.0005,93.9815000000013
16241,免不了,51,0.0005,93.9745000000013
16242,凑巧,51,0.0005,93.9825000000013
16243,多寡,51,0.0005,93.9830000000013
16244,荒芜,51,0.0005,93.9835000000013
16245,近亲,51,0.0005,93.9840000000013
16246,山歌,51,0.0005,93.9845000000013
16247,新新,51,0.0005,93.9810000000013
16248,巨响,51,0.0005,93.9855000000013
16249,册,51,0.0005,93.9600000000012
16250,锭,51,0.0005,93.9865000000013
16251,全能,51,0.0005,93.9870000000013
16252,举手,51,0.0005,93.9875000000013
16253,揣,51,0.0005,93.9880000000013
16254,亲缘,51,0.0005,94.0190000000015